hour_of_year,month,day,hour_of_day,ghi_kW_m2,T_amb_degC,source
1,1,1,0,0.0,14.5,NASA_POWER_SARAH3_LiuJordan1960
2,1,1,1,0.0,14.5,NASA_POWER_SARAH3_LiuJordan1960
3,1,1,2,0.0,14.5,NASA_POWER_SARAH3_LiuJordan1960
4,1,1,3,0.0,14.5,NASA_POWER_SARAH3_LiuJordan1960
5,1,1,4,0.0,14.5,NASA_POWER_SARAH3_LiuJordan1960
6,1,1,5,0.0,18.5,NASA_POWER_SARAH3_LiuJordan1960
7,1,1,6,0.0,20.28,NASA_POWER_SARAH3_LiuJordan1960
8,1,1,7,0.158873,21.971,NASA_POWER_SARAH3_LiuJordan1960
9,1,1,8,0.332831,23.488,NASA_POWER_SARAH3_LiuJordan1960
10,1,1,9,0.474867,24.755,NASA_POWER_SARAH3_LiuJordan1960
11,1,1,10,0.575301,25.708,NASA_POWER_SARAH3_LiuJordan1960
12,1,1,11,0.62729,26.299,NASA_POWER_SARAH3_LiuJordan1960
13,1,1,12,0.62729,26.5,NASA_POWER_SARAH3_LiuJordan1960
14,1,1,13,0.575301,26.299,NASA_POWER_SARAH3_LiuJordan1960
15,1,1,14,0.474867,25.708,NASA_POWER_SARAH3_LiuJordan1960
16,1,1,15,0.332831,24.755,NASA_POWER_SARAH3_LiuJordan1960
17,1,1,16,0.158873,23.488,NASA_POWER_SARAH3_LiuJordan1960
18,1,1,17,0.0,21.971,NASA_POWER_SARAH3_LiuJordan1960
19,1,1,18,0.0,20.28,NASA_POWER_SARAH3_LiuJordan1960
20,1,1,19,0.0,18.5,NASA_POWER_SARAH3_LiuJordan1960
21,1,1,20,0.0,14.5,NASA_POWER_SARAH3_LiuJordan1960
22,1,1,21,0.0,14.5,NASA_POWER_SARAH3_LiuJordan1960
23,1,1,22,0.0,14.5,NASA_POWER_SARAH3_LiuJordan1960
24,1,1,23,0.0,14.5,NASA_POWER_SARAH3_LiuJordan1960
25,1,2,0,0.0,14.5,NASA_POWER_SARAH3_LiuJordan1960
26,1,2,1,0.0,14.5,NASA_POWER_SARAH3_LiuJordan1960
27,1,2,2,0.0,14.5,NASA_POWER_SARAH3_LiuJordan1960
28,1,2,3,0.0,14.5,NASA_POWER_SARAH3_LiuJordan1960
29,1,2,4,0.0,14.5,NASA_POWER_SARAH3_LiuJordan1960
30,1,2,5,0.0,18.5,NASA_POWER_SARAH3_LiuJordan1960
31,1,2,6,0.0,20.28,NASA_POWER_SARAH3_LiuJordan1960
32,1,2,7,0.148838,21.971,NASA_POWER_SARAH3_LiuJordan1960
33,1,2,8,0.311262,23.488,NASA_POWER_SARAH3_LiuJordan1960
34,1,2,9,0.443881,24.755,NASA_POWER_SARAH3_LiuJordan1960
35,1,2,10,0.537657,25.708,NASA_POWER_SARAH3_LiuJordan1960
36,1,2,11,0.586199,26.299,NASA_POWER_SARAH3_LiuJordan1960
37,1,2,12,0.586199,26.5,NASA_POWER_SARAH3_LiuJordan1960
38,1,2,13,0.537657,26.299,NASA_POWER_SARAH3_LiuJordan1960
39,1,2,14,0.443881,25.708,NASA_POWER_SARAH3_LiuJordan1960
40,1,2,15,0.311262,24.755,NASA_POWER_SARAH3_LiuJordan1960
41,1,2,16,0.148838,23.488,NASA_POWER_SARAH3_LiuJordan1960
42,1,2,17,0.0,21.971,NASA_POWER_SARAH3_LiuJordan1960
43,1,2,18,0.0,20.28,NASA_POWER_SARAH3_LiuJordan1960
44,1,2,19,0.0,18.5,NASA_POWER_SARAH3_LiuJordan1960
45,1,2,20,0.0,14.5,NASA_POWER_SARAH3_LiuJordan1960
46,1,2,21,0.0,14.5,NASA_POWER_SARAH3_LiuJordan1960
47,1,2,22,0.0,14.5,NASA_POWER_SARAH3_LiuJordan1960
48,1,2,23,0.0,14.5,NASA_POWER_SARAH3_LiuJordan1960
49,1,3,0,0.0,14.5,NASA_POWER_SARAH3_LiuJordan1960
50,1,3,1,0.0,14.5,NASA_POWER_SARAH3_LiuJordan1960
51,1,3,2,0.0,14.5,NASA_POWER_SARAH3_LiuJordan1960
52,1,3,3,0.0,14.5,NASA_POWER_SARAH3_LiuJordan1960
53,1,3,4,0.0,14.5,NASA_POWER_SARAH3_LiuJordan1960
54,1,3,5,0.0,18.5,NASA_POWER_SARAH3_LiuJordan1960
55,1,3,6,0.0,20.28,NASA_POWER_SARAH3_LiuJordan1960
56,1,3,7,0.157095,21.971,NASA_POWER_SARAH3_LiuJordan1960
57,1,3,8,0.327911,23.488,NASA_POWER_SARAH3_LiuJordan1960
58,1,3,9,0.467382,24.755,NASA_POWER_SARAH3_LiuJordan1960
59,1,3,10,0.566003,25.708,NASA_POWER_SARAH3_LiuJordan1960
60,1,3,11,0.617053,26.299,NASA_POWER_SARAH3_LiuJordan1960
61,1,3,12,0.617053,26.5,NASA_POWER_SARAH3_LiuJordan1960
62,1,3,13,0.566003,26.299,NASA_POWER_SARAH3_LiuJordan1960
63,1,3,14,0.467382,25.708,NASA_POWER_SARAH3_LiuJordan1960
64,1,3,15,0.327911,24.755,NASA_POWER_SARAH3_LiuJordan1960
65,1,3,16,0.157095,23.488,NASA_POWER_SARAH3_LiuJordan1960
66,1,3,17,0.0,21.971,NASA_POWER_SARAH3_LiuJordan1960
67,1,3,18,0.0,20.28,NASA_POWER_SARAH3_LiuJordan1960
68,1,3,19,0.0,18.5,NASA_POWER_SARAH3_LiuJordan1960
69,1,3,20,0.0,14.5,NASA_POWER_SARAH3_LiuJordan1960
70,1,3,21,0.0,14.5,NASA_POWER_SARAH3_LiuJordan1960
71,1,3,22,0.0,14.5,NASA_POWER_SARAH3_LiuJordan1960
72,1,3,23,0.0,14.5,NASA_POWER_SARAH3_LiuJordan1960
73,1,4,0,0.0,14.5,NASA_POWER_SARAH3_LiuJordan1960
74,1,4,1,0.0,14.5,NASA_POWER_SARAH3_LiuJordan1960
75,1,4,2,0.0,14.5,NASA_POWER_SARAH3_LiuJordan1960
76,1,4,3,0.0,14.5,NASA_POWER_SARAH3_LiuJordan1960
77,1,4,4,0.0,14.5,NASA_POWER_SARAH3_LiuJordan1960
78,1,4,5,0.0,18.5,NASA_POWER_SARAH3_LiuJordan1960
79,1,4,6,0.0,20.28,NASA_POWER_SARAH3_LiuJordan1960
80,1,4,7,0.136164,21.971,NASA_POWER_SARAH3_LiuJordan1960
81,1,4,8,0.28365,23.488,NASA_POWER_SARAH3_LiuJordan1960
82,1,4,9,0.404072,24.755,NASA_POWER_SARAH3_LiuJordan1960
83,1,4,10,0.489223,25.708,NASA_POWER_SARAH3_LiuJordan1960
84,1,4,11,0.5333,26.299,NASA_POWER_SARAH3_LiuJordan1960
85,1,4,12,0.5333,26.5,NASA_POWER_SARAH3_LiuJordan1960
86,1,4,13,0.489223,26.299,NASA_POWER_SARAH3_LiuJordan1960
87,1,4,14,0.404072,25.708,NASA_POWER_SARAH3_LiuJordan1960
88,1,4,15,0.28365,24.755,NASA_POWER_SARAH3_LiuJordan1960
89,1,4,16,0.136164,23.488,NASA_POWER_SARAH3_LiuJordan1960
90,1,4,17,0.0,21.971,NASA_POWER_SARAH3_LiuJordan1960
91,1,4,18,0.0,20.28,NASA_POWER_SARAH3_LiuJordan1960
92,1,4,19,0.0,18.5,NASA_POWER_SARAH3_LiuJordan1960
93,1,4,20,0.0,14.5,NASA_POWER_SARAH3_LiuJordan1960
94,1,4,21,0.0,14.5,NASA_POWER_SARAH3_LiuJordan1960
95,1,4,22,0.0,14.5,NASA_POWER_SARAH3_LiuJordan1960
96,1,4,23,0.0,14.5,NASA_POWER_SARAH3_LiuJordan1960
97,1,5,0,0.0,14.5,NASA_POWER_SARAH3_LiuJordan1960
98,1,5,1,0.0,14.5,NASA_POWER_SARAH3_LiuJordan1960
99,1,5,2,0.0,14.5,NASA_POWER_SARAH3_LiuJordan1960
100,1,5,3,0.0,14.5,NASA_POWER_SARAH3_LiuJordan1960
101,1,5,4,0.0,14.5,NASA_POWER_SARAH3_LiuJordan1960
102,1,5,5,0.0,18.5,NASA_POWER_SARAH3_LiuJordan1960
103,1,5,6,0.0,20.28,NASA_POWER_SARAH3_LiuJordan1960
104,1,5,7,0.160325,21.971,NASA_POWER_SARAH3_LiuJordan1960
105,1,5,8,0.333267,23.488,NASA_POWER_SARAH3_LiuJordan1960
106,1,5,9,0.474473,24.755,NASA_POWER_SARAH3_LiuJordan1960
107,1,5,10,0.57432,25.708,NASA_POWER_SARAH3_LiuJordan1960
108,1,5,11,0.626005,26.299,NASA_POWER_SARAH3_LiuJordan1960
109,1,5,12,0.626005,26.5,NASA_POWER_SARAH3_LiuJordan1960
110,1,5,13,0.57432,26.299,NASA_POWER_SARAH3_LiuJordan1960
111,1,5,14,0.474473,25.708,NASA_POWER_SARAH3_LiuJordan1960
112,1,5,15,0.333267,24.755,NASA_POWER_SARAH3_LiuJordan1960
113,1,5,16,0.160325,23.488,NASA_POWER_SARAH3_LiuJordan1960
114,1,5,17,0.0,21.971,NASA_POWER_SARAH3_LiuJordan1960
115,1,5,18,0.0,20.28,NASA_POWER_SARAH3_LiuJordan1960
116,1,5,19,0.0,18.5,NASA_POWER_SARAH3_LiuJordan1960
117,1,5,20,0.0,14.5,NASA_POWER_SARAH3_LiuJordan1960
118,1,5,21,0.0,14.5,NASA_POWER_SARAH3_LiuJordan1960
119,1,5,22,0.0,14.5,NASA_POWER_SARAH3_LiuJordan1960
120,1,5,23,0.0,14.5,NASA_POWER_SARAH3_LiuJordan1960
121,1,6,0,0.0,14.5,NASA_POWER_SARAH3_LiuJordan1960
122,1,6,1,0.0,14.5,NASA_POWER_SARAH3_LiuJordan1960
123,1,6,2,0.0,14.5,NASA_POWER_SARAH3_LiuJordan1960
124,1,6,3,0.0,14.5,NASA_POWER_SARAH3_LiuJordan1960
125,1,6,4,0.0,14.5,NASA_POWER_SARAH3_LiuJordan1960
126,1,6,5,0.0,18.5,NASA_POWER_SARAH3_LiuJordan1960
127,1,6,6,0.0,20.28,NASA_POWER_SARAH3_LiuJordan1960
128,1,6,7,0.14588,21.971,NASA_POWER_SARAH3_LiuJordan1960
129,1,6,8,0.302552,23.488,NASA_POWER_SARAH3_LiuJordan1960
130,1,6,9,0.430474,24.755,NASA_POWER_SARAH3_LiuJordan1960
131,1,6,10,0.520929,25.708,NASA_POWER_SARAH3_LiuJordan1960
132,1,6,11,0.567752,26.299,NASA_POWER_SARAH3_LiuJordan1960
133,1,6,12,0.567752,26.5,NASA_POWER_SARAH3_LiuJordan1960
134,1,6,13,0.520929,26.299,NASA_POWER_SARAH3_LiuJordan1960
135,1,6,14,0.430474,25.708,NASA_POWER_SARAH3_LiuJordan1960
136,1,6,15,0.302552,24.755,NASA_POWER_SARAH3_LiuJordan1960
137,1,6,16,0.14588,23.488,NASA_POWER_SARAH3_LiuJordan1960
138,1,6,17,0.0,21.971,NASA_POWER_SARAH3_LiuJordan1960
139,1,6,18,0.0,20.28,NASA_POWER_SARAH3_LiuJordan1960
140,1,6,19,0.0,18.5,NASA_POWER_SARAH3_LiuJordan1960
141,1,6,20,0.0,14.5,NASA_POWER_SARAH3_LiuJordan1960
142,1,6,21,0.0,14.5,NASA_POWER_SARAH3_LiuJordan1960
143,1,6,22,0.0,14.5,NASA_POWER_SARAH3_LiuJordan1960
144,1,6,23,0.0,14.5,NASA_POWER_SARAH3_LiuJordan1960
145,1,7,0,0.0,14.5,NASA_POWER_SARAH3_LiuJordan1960
146,1,7,1,0.0,14.5,NASA_POWER_SARAH3_LiuJordan1960
147,1,7,2,0.0,14.5,NASA_POWER_SARAH3_LiuJordan1960
148,1,7,3,0.0,14.5,NASA_POWER_SARAH3_LiuJordan1960
149,1,7,4,0.0,14.5,NASA_POWER_SARAH3_LiuJordan1960
150,1,7,5,0.0,18.5,NASA_POWER_SARAH3_LiuJordan1960
151,1,7,6,0.0,20.28,NASA_POWER_SARAH3_LiuJordan1960
152,1,7,7,0.153716,21.971,NASA_POWER_SARAH3_LiuJordan1960
153,1,7,8,0.318045,23.488,NASA_POWER_SARAH3_LiuJordan1960
154,1,7,9,0.452219,24.755,NASA_POWER_SARAH3_LiuJordan1960
155,1,7,10,0.547094,25.708,NASA_POWER_SARAH3_LiuJordan1960
156,1,7,11,0.596205,26.299,NASA_POWER_SARAH3_LiuJordan1960
157,1,7,12,0.596205,26.5,NASA_POWER_SARAH3_LiuJordan1960
158,1,7,13,0.547094,26.299,NASA_POWER_SARAH3_LiuJordan1960
159,1,7,14,0.452219,25.708,NASA_POWER_SARAH3_LiuJordan1960
160,1,7,15,0.318045,24.755,NASA_POWER_SARAH3_LiuJordan1960
161,1,7,16,0.153716,23.488,NASA_POWER_SARAH3_LiuJordan1960
162,1,7,17,0.0,21.971,NASA_POWER_SARAH3_LiuJordan1960
163,1,7,18,0.0,20.28,NASA_POWER_SARAH3_LiuJordan1960
164,1,7,19,0.0,18.5,NASA_POWER_SARAH3_LiuJordan1960
165,1,7,20,0.0,14.5,NASA_POWER_SARAH3_LiuJordan1960
166,1,7,21,0.0,14.5,NASA_POWER_SARAH3_LiuJordan1960
167,1,7,22,0.0,14.5,NASA_POWER_SARAH3_LiuJordan1960
168,1,7,23,0.0,14.5,NASA_POWER_SARAH3_LiuJordan1960
169,1,8,0,0.0,14.5,NASA_POWER_SARAH3_LiuJordan1960
170,1,8,1,0.0,14.5,NASA_POWER_SARAH3_LiuJordan1960
171,1,8,2,0.0,14.5,NASA_POWER_SARAH3_LiuJordan1960
172,1,8,3,0.0,14.5,NASA_POWER_SARAH3_LiuJordan1960
173,1,8,4,0.0,14.5,NASA_POWER_SARAH3_LiuJordan1960
174,1,8,5,0.0,18.5,NASA_POWER_SARAH3_LiuJordan1960
175,1,8,6,0.0,20.28,NASA_POWER_SARAH3_LiuJordan1960
176,1,8,7,0.147552,21.971,NASA_POWER_SARAH3_LiuJordan1960
177,1,8,8,0.304528,23.488,NASA_POWER_SARAH3_LiuJordan1960
178,1,8,9,0.432699,24.755,NASA_POWER_SARAH3_LiuJordan1960
179,1,8,10,0.523329,25.708,NASA_POWER_SARAH3_LiuJordan1960
180,1,8,11,0.570242,26.299,NASA_POWER_SARAH3_LiuJordan1960
181,1,8,12,0.570242,26.5,NASA_POWER_SARAH3_LiuJordan1960
182,1,8,13,0.523329,26.299,NASA_POWER_SARAH3_LiuJordan1960
183,1,8,14,0.432699,25.708,NASA_POWER_SARAH3_LiuJordan1960
184,1,8,15,0.304528,24.755,NASA_POWER_SARAH3_LiuJordan1960
185,1,8,16,0.147552,23.488,NASA_POWER_SARAH3_LiuJordan1960
186,1,8,17,0.0,21.971,NASA_POWER_SARAH3_LiuJordan1960
187,1,8,18,0.0,20.28,NASA_POWER_SARAH3_LiuJordan1960
188,1,8,19,0.0,18.5,NASA_POWER_SARAH3_LiuJordan1960
189,1,8,20,0.0,14.5,NASA_POWER_SARAH3_LiuJordan1960
190,1,8,21,0.0,14.5,NASA_POWER_SARAH3_LiuJordan1960
191,1,8,22,0.0,14.5,NASA_POWER_SARAH3_LiuJordan1960
192,1,8,23,0.0,14.5,NASA_POWER_SARAH3_LiuJordan1960
193,1,9,0,0.0,14.5,NASA_POWER_SARAH3_LiuJordan1960
194,1,9,1,0.0,14.5,NASA_POWER_SARAH3_LiuJordan1960
195,1,9,2,0.0,14.5,NASA_POWER_SARAH3_LiuJordan1960
196,1,9,3,0.0,14.5,NASA_POWER_SARAH3_LiuJordan1960
197,1,9,4,0.0,14.5,NASA_POWER_SARAH3_LiuJordan1960
198,1,9,5,0.0,18.5,NASA_POWER_SARAH3_LiuJordan1960
199,1,9,6,0.0,20.28,NASA_POWER_SARAH3_LiuJordan1960
200,1,9,7,0.150408,21.971,NASA_POWER_SARAH3_LiuJordan1960
201,1,9,8,0.309611,23.488,NASA_POWER_SARAH3_LiuJordan1960
202,1,9,9,0.4396,24.755,NASA_POWER_SARAH3_LiuJordan1960
203,1,9,10,0.531517,25.708,NASA_POWER_SARAH3_LiuJordan1960
204,1,9,11,0.579096,26.299,NASA_POWER_SARAH3_LiuJordan1960
205,1,9,12,0.579096,26.5,NASA_POWER_SARAH3_LiuJordan1960
206,1,9,13,0.531517,26.299,NASA_POWER_SARAH3_LiuJordan1960
207,1,9,14,0.4396,25.708,NASA_POWER_SARAH3_LiuJordan1960
208,1,9,15,0.309611,24.755,NASA_POWER_SARAH3_LiuJordan1960
209,1,9,16,0.150408,23.488,NASA_POWER_SARAH3_LiuJordan1960
210,1,9,17,0.0,21.971,NASA_POWER_SARAH3_LiuJordan1960
211,1,9,18,0.0,20.28,NASA_POWER_SARAH3_LiuJordan1960
212,1,9,19,0.0,18.5,NASA_POWER_SARAH3_LiuJordan1960
213,1,9,20,0.0,14.5,NASA_POWER_SARAH3_LiuJordan1960
214,1,9,21,0.0,14.5,NASA_POWER_SARAH3_LiuJordan1960
215,1,9,22,0.0,14.5,NASA_POWER_SARAH3_LiuJordan1960
216,1,9,23,0.0,14.5,NASA_POWER_SARAH3_LiuJordan1960
217,1,10,0,0.0,14.5,NASA_POWER_SARAH3_LiuJordan1960
218,1,10,1,0.0,14.5,NASA_POWER_SARAH3_LiuJordan1960
219,1,10,2,0.0,14.5,NASA_POWER_SARAH3_LiuJordan1960
220,1,10,3,0.0,14.5,NASA_POWER_SARAH3_LiuJordan1960
221,1,10,4,0.0,14.5,NASA_POWER_SARAH3_LiuJordan1960
222,1,10,5,0.0,18.5,NASA_POWER_SARAH3_LiuJordan1960
223,1,10,6,0.0,20.28,NASA_POWER_SARAH3_LiuJordan1960
224,1,10,7,0.162682,21.971,NASA_POWER_SARAH3_LiuJordan1960
225,1,10,8,0.333966,23.488,NASA_POWER_SARAH3_LiuJordan1960
226,1,10,9,0.473819,24.755,NASA_POWER_SARAH3_LiuJordan1960
227,1,10,10,0.572709,25.708,NASA_POWER_SARAH3_LiuJordan1960
228,1,10,11,0.623899,26.299,NASA_POWER_SARAH3_LiuJordan1960
229,1,10,12,0.623899,26.5,NASA_POWER_SARAH3_LiuJordan1960
230,1,10,13,0.572709,26.299,NASA_POWER_SARAH3_LiuJordan1960
231,1,10,14,0.473819,25.708,NASA_POWER_SARAH3_LiuJordan1960
232,1,10,15,0.333966,24.755,NASA_POWER_SARAH3_LiuJordan1960
233,1,10,16,0.162682,23.488,NASA_POWER_SARAH3_LiuJordan1960
234,1,10,17,0.0,21.971,NASA_POWER_SARAH3_LiuJordan1960
235,1,10,18,0.0,20.28,NASA_POWER_SARAH3_LiuJordan1960
236,1,10,19,0.0,18.5,NASA_POWER_SARAH3_LiuJordan1960
237,1,10,20,0.0,14.5,NASA_POWER_SARAH3_LiuJordan1960
238,1,10,21,0.0,14.5,NASA_POWER_SARAH3_LiuJordan1960
239,1,10,22,0.0,14.5,NASA_POWER_SARAH3_LiuJordan1960
240,1,10,23,0.0,14.5,NASA_POWER_SARAH3_LiuJordan1960
241,1,11,0,0.0,14.5,NASA_POWER_SARAH3_LiuJordan1960
242,1,11,1,0.0,14.5,NASA_POWER_SARAH3_LiuJordan1960
243,1,11,2,0.0,14.5,NASA_POWER_SARAH3_LiuJordan1960
244,1,11,3,0.0,14.5,NASA_POWER_SARAH3_LiuJordan1960
245,1,11,4,0.0,14.5,NASA_POWER_SARAH3_LiuJordan1960
246,1,11,5,0.0,18.5,NASA_POWER_SARAH3_LiuJordan1960
247,1,11,6,0.0,20.28,NASA_POWER_SARAH3_LiuJordan1960
248,1,11,7,0.163219,21.971,NASA_POWER_SARAH3_LiuJordan1960
249,1,11,8,0.334124,23.488,NASA_POWER_SARAH3_LiuJordan1960
250,1,11,9,0.473667,24.755,NASA_POWER_SARAH3_LiuJordan1960
251,1,11,10,0.572338,25.708,NASA_POWER_SARAH3_LiuJordan1960
252,1,11,11,0.623414,26.299,NASA_POWER_SARAH3_LiuJordan1960
253,1,11,12,0.623414,26.5,NASA_POWER_SARAH3_LiuJordan1960
254,1,11,13,0.572338,26.299,NASA_POWER_SARAH3_LiuJordan1960
255,1,11,14,0.473667,25.708,NASA_POWER_SARAH3_LiuJordan1960
256,1,11,15,0.334124,24.755,NASA_POWER_SARAH3_LiuJordan1960
257,1,11,16,0.163219,23.488,NASA_POWER_SARAH3_LiuJordan1960
258,1,11,17,0.0,21.971,NASA_POWER_SARAH3_LiuJordan1960
259,1,11,18,0.0,20.28,NASA_POWER_SARAH3_LiuJordan1960
260,1,11,19,0.0,18.5,NASA_POWER_SARAH3_LiuJordan1960
261,1,11,20,0.0,14.5,NASA_POWER_SARAH3_LiuJordan1960
262,1,11,21,0.0,14.5,NASA_POWER_SARAH3_LiuJordan1960
263,1,11,22,0.0,14.5,NASA_POWER_SARAH3_LiuJordan1960
264,1,11,23,0.0,14.5,NASA_POWER_SARAH3_LiuJordan1960
265,1,12,0,0.0,14.5,NASA_POWER_SARAH3_LiuJordan1960
266,1,12,1,0.0,14.5,NASA_POWER_SARAH3_LiuJordan1960
267,1,12,2,0.0,14.5,NASA_POWER_SARAH3_LiuJordan1960
268,1,12,3,0.0,14.5,NASA_POWER_SARAH3_LiuJordan1960
269,1,12,4,0.0,14.5,NASA_POWER_SARAH3_LiuJordan1960
270,1,12,5,0.0,18.5,NASA_POWER_SARAH3_LiuJordan1960
271,1,12,6,0.0,20.28,NASA_POWER_SARAH3_LiuJordan1960
272,1,12,7,0.148927,21.971,NASA_POWER_SARAH3_LiuJordan1960
273,1,12,8,0.303975,23.488,NASA_POWER_SARAH3_LiuJordan1960
274,1,12,9,0.430572,24.755,NASA_POWER_SARAH3_LiuJordan1960
275,1,12,10,0.520089,25.708,NASA_POWER_SARAH3_LiuJordan1960
276,1,12,11,0.566427,26.299,NASA_POWER_SARAH3_LiuJordan1960
277,1,12,12,0.566427,26.5,NASA_POWER_SARAH3_LiuJordan1960
278,1,12,13,0.520089,26.299,NASA_POWER_SARAH3_LiuJordan1960
279,1,12,14,0.430572,25.708,NASA_POWER_SARAH3_LiuJordan1960
280,1,12,15,0.303975,24.755,NASA_POWER_SARAH3_LiuJordan1960
281,1,12,16,0.148927,23.488,NASA_POWER_SARAH3_LiuJordan1960
282,1,12,17,0.0,21.971,NASA_POWER_SARAH3_LiuJordan1960
283,1,12,18,0.0,20.28,NASA_POWER_SARAH3_LiuJordan1960
284,1,12,19,0.0,18.5,NASA_POWER_SARAH3_LiuJordan1960
285,1,12,20,0.0,14.5,NASA_POWER_SARAH3_LiuJordan1960
286,1,12,21,0.0,14.5,NASA_POWER_SARAH3_LiuJordan1960
287,1,12,22,0.0,14.5,NASA_POWER_SARAH3_LiuJordan1960
288,1,12,23,0.0,14.5,NASA_POWER_SARAH3_LiuJordan1960
289,1,13,0,0.0,14.5,NASA_POWER_SARAH3_LiuJordan1960
290,1,13,1,0.0,14.5,NASA_POWER_SARAH3_LiuJordan1960
291,1,13,2,0.0,14.5,NASA_POWER_SARAH3_LiuJordan1960
292,1,13,3,0.0,14.5,NASA_POWER_SARAH3_LiuJordan1960
293,1,13,4,0.0,14.5,NASA_POWER_SARAH3_LiuJordan1960
294,1,13,5,0.0,18.5,NASA_POWER_SARAH3_LiuJordan1960
295,1,13,6,0.0,20.28,NASA_POWER_SARAH3_LiuJordan1960
296,1,13,7,0.149253,21.971,NASA_POWER_SARAH3_LiuJordan1960
297,1,13,8,0.303722,23.488,NASA_POWER_SARAH3_LiuJordan1960
298,1,13,9,0.429846,24.755,NASA_POWER_SARAH3_LiuJordan1960
299,1,13,10,0.519029,25.708,NASA_POWER_SARAH3_LiuJordan1960
300,1,13,11,0.565193,26.299,NASA_POWER_SARAH3_LiuJordan1960
301,1,13,12,0.565193,26.5,NASA_POWER_SARAH3_LiuJordan1960
302,1,13,13,0.519029,26.299,NASA_POWER_SARAH3_LiuJordan1960
303,1,13,14,0.429846,25.708,NASA_POWER_SARAH3_LiuJordan1960
304,1,13,15,0.303722,24.755,NASA_POWER_SARAH3_LiuJordan1960
305,1,13,16,0.149253,23.488,NASA_POWER_SARAH3_LiuJordan1960
306,1,13,17,0.0,21.971,NASA_POWER_SARAH3_LiuJordan1960
307,1,13,18,0.0,20.28,NASA_POWER_SARAH3_LiuJordan1960
308,1,13,19,0.0,18.5,NASA_POWER_SARAH3_LiuJordan1960
309,1,13,20,0.0,14.5,NASA_POWER_SARAH3_LiuJordan1960
310,1,13,21,0.0,14.5,NASA_POWER_SARAH3_LiuJordan1960
311,1,13,22,0.0,14.5,NASA_POWER_SARAH3_LiuJordan1960
312,1,13,23,0.0,14.5,NASA_POWER_SARAH3_LiuJordan1960
313,1,14,0,0.0,14.5,NASA_POWER_SARAH3_LiuJordan1960
314,1,14,1,0.0,14.5,NASA_POWER_SARAH3_LiuJordan1960
315,1,14,2,0.0,14.5,NASA_POWER_SARAH3_LiuJordan1960
316,1,14,3,0.0,14.5,NASA_POWER_SARAH3_LiuJordan1960
317,1,14,4,0.0,14.5,NASA_POWER_SARAH3_LiuJordan1960
318,1,14,5,0.0,18.5,NASA_POWER_SARAH3_LiuJordan1960
319,1,14,6,0.0,20.28,NASA_POWER_SARAH3_LiuJordan1960
320,1,14,7,0.158331,21.971,NASA_POWER_SARAH3_LiuJordan1960
321,1,14,8,0.321194,23.488,NASA_POWER_SARAH3_LiuJordan1960
322,1,14,9,0.454171,24.755,NASA_POWER_SARAH3_LiuJordan1960
323,1,14,10,0.5482,25.708,NASA_POWER_SARAH3_LiuJordan1960
324,1,14,11,0.596873,26.299,NASA_POWER_SARAH3_LiuJordan1960
325,1,14,12,0.596873,26.5,NASA_POWER_SARAH3_LiuJordan1960
326,1,14,13,0.5482,26.299,NASA_POWER_SARAH3_LiuJordan1960
327,1,14,14,0.454171,25.708,NASA_POWER_SARAH3_LiuJordan1960
328,1,14,15,0.321194,24.755,NASA_POWER_SARAH3_LiuJordan1960
329,1,14,16,0.158331,23.488,NASA_POWER_SARAH3_LiuJordan1960
330,1,14,17,0.0,21.971,NASA_POWER_SARAH3_LiuJordan1960
331,1,14,18,0.0,20.28,NASA_POWER_SARAH3_LiuJordan1960
332,1,14,19,0.0,18.5,NASA_POWER_SARAH3_LiuJordan1960
333,1,14,20,0.0,14.5,NASA_POWER_SARAH3_LiuJordan1960
334,1,14,21,0.0,14.5,NASA_POWER_SARAH3_LiuJordan1960
335,1,14,22,0.0,14.5,NASA_POWER_SARAH3_LiuJordan1960
336,1,14,23,0.0,14.5,NASA_POWER_SARAH3_LiuJordan1960
337,1,15,0,0.0,14.5,NASA_POWER_SARAH3_LiuJordan1960
338,1,15,1,0.0,14.5,NASA_POWER_SARAH3_LiuJordan1960
339,1,15,2,0.0,14.5,NASA_POWER_SARAH3_LiuJordan1960
340,1,15,3,0.0,14.5,NASA_POWER_SARAH3_LiuJordan1960
341,1,15,4,0.0,14.5,NASA_POWER_SARAH3_LiuJordan1960
342,1,15,5,0.0,18.5,NASA_POWER_SARAH3_LiuJordan1960
343,1,15,6,0.0,20.28,NASA_POWER_SARAH3_LiuJordan1960
344,1,15,7,0.160145,21.971,NASA_POWER_SARAH3_LiuJordan1960
345,1,15,8,0.323836,23.488,NASA_POWER_SARAH3_LiuJordan1960
346,1,15,9,0.45749,24.755,NASA_POWER_SARAH3_LiuJordan1960
347,1,15,10,0.551997,25.708,NASA_POWER_SARAH3_LiuJordan1960
348,1,15,11,0.600918,26.299,NASA_POWER_SARAH3_LiuJordan1960
349,1,15,12,0.600918,26.5,NASA_POWER_SARAH3_LiuJordan1960
350,1,15,13,0.551997,26.299,NASA_POWER_SARAH3_LiuJordan1960
351,1,15,14,0.45749,25.708,NASA_POWER_SARAH3_LiuJordan1960
352,1,15,15,0.323836,24.755,NASA_POWER_SARAH3_LiuJordan1960
353,1,15,16,0.160145,23.488,NASA_POWER_SARAH3_LiuJordan1960
354,1,15,17,0.0,21.971,NASA_POWER_SARAH3_LiuJordan1960
355,1,15,18,0.0,20.28,NASA_POWER_SARAH3_LiuJordan1960
356,1,15,19,0.0,18.5,NASA_POWER_SARAH3_LiuJordan1960
357,1,15,20,0.0,14.5,NASA_POWER_SARAH3_LiuJordan1960
358,1,15,21,0.0,14.5,NASA_POWER_SARAH3_LiuJordan1960
359,1,15,22,0.0,14.5,NASA_POWER_SARAH3_LiuJordan1960
360,1,15,23,0.0,14.5,NASA_POWER_SARAH3_LiuJordan1960
361,1,16,0,0.0,14.5,NASA_POWER_SARAH3_LiuJordan1960
362,1,16,1,0.0,14.5,NASA_POWER_SARAH3_LiuJordan1960
363,1,16,2,0.0,14.5,NASA_POWER_SARAH3_LiuJordan1960
364,1,16,3,0.0,14.5,NASA_POWER_SARAH3_LiuJordan1960
365,1,16,4,0.0,14.5,NASA_POWER_SARAH3_LiuJordan1960
366,1,16,5,0.0,18.5,NASA_POWER_SARAH3_LiuJordan1960
367,1,16,6,0.0,20.28,NASA_POWER_SARAH3_LiuJordan1960
368,1,16,7,0.166206,21.971,NASA_POWER_SARAH3_LiuJordan1960
369,1,16,8,0.334991,23.488,NASA_POWER_SARAH3_LiuJordan1960
370,1,16,9,0.472805,24.755,NASA_POWER_SARAH3_LiuJordan1960
371,1,16,10,0.570253,25.708,NASA_POWER_SARAH3_LiuJordan1960
372,1,16,11,0.620696,26.299,NASA_POWER_SARAH3_LiuJordan1960
373,1,16,12,0.620696,26.5,NASA_POWER_SARAH3_LiuJordan1960
374,1,16,13,0.570253,26.299,NASA_POWER_SARAH3_LiuJordan1960
375,1,16,14,0.472805,25.708,NASA_POWER_SARAH3_LiuJordan1960
376,1,16,15,0.334991,24.755,NASA_POWER_SARAH3_LiuJordan1960
377,1,16,16,0.166206,23.488,NASA_POWER_SARAH3_LiuJordan1960
378,1,16,17,0.0,21.971,NASA_POWER_SARAH3_LiuJordan1960
379,1,16,18,0.0,20.28,NASA_POWER_SARAH3_LiuJordan1960
380,1,16,19,0.0,18.5,NASA_POWER_SARAH3_LiuJordan1960
381,1,16,20,0.0,14.5,NASA_POWER_SARAH3_LiuJordan1960
382,1,16,21,0.0,14.5,NASA_POWER_SARAH3_LiuJordan1960
383,1,16,22,0.0,14.5,NASA_POWER_SARAH3_LiuJordan1960
384,1,16,23,0.0,14.5,NASA_POWER_SARAH3_LiuJordan1960
385,1,17,0,0.0,14.5,NASA_POWER_SARAH3_LiuJordan1960
386,1,17,1,0.0,14.5,NASA_POWER_SARAH3_LiuJordan1960
387,1,17,2,0.0,14.5,NASA_POWER_SARAH3_LiuJordan1960
388,1,17,3,0.0,14.5,NASA_POWER_SARAH3_LiuJordan1960
389,1,17,4,0.0,14.5,NASA_POWER_SARAH3_LiuJordan1960
390,1,17,5,0.0,18.5,NASA_POWER_SARAH3_LiuJordan1960
391,1,17,6,0.0,20.28,NASA_POWER_SARAH3_LiuJordan1960
392,1,17,7,0.162413,21.971,NASA_POWER_SARAH3_LiuJordan1960
393,1,17,8,0.326251,23.488,NASA_POWER_SARAH3_LiuJordan1960
394,1,17,9,0.460024,24.755,NASA_POWER_SARAH3_LiuJordan1960
395,1,17,10,0.554615,25.708,NASA_POWER_SARAH3_LiuJordan1960
396,1,17,11,0.60358,26.299,NASA_POWER_SARAH3_LiuJordan1960
397,1,17,12,0.60358,26.5,NASA_POWER_SARAH3_LiuJordan1960
398,1,17,13,0.554615,26.299,NASA_POWER_SARAH3_LiuJordan1960
399,1,17,14,0.460024,25.708,NASA_POWER_SARAH3_LiuJordan1960
400,1,17,15,0.326251,24.755,NASA_POWER_SARAH3_LiuJordan1960
401,1,17,16,0.162413,23.488,NASA_POWER_SARAH3_LiuJordan1960
402,1,17,17,0.0,21.971,NASA_POWER_SARAH3_LiuJordan1960
403,1,17,18,0.0,20.28,NASA_POWER_SARAH3_LiuJordan1960
404,1,17,19,0.0,18.5,NASA_POWER_SARAH3_LiuJordan1960
405,1,17,20,0.0,14.5,NASA_POWER_SARAH3_LiuJordan1960
406,1,17,21,0.0,14.5,NASA_POWER_SARAH3_LiuJordan1960
407,1,17,22,0.0,14.5,NASA_POWER_SARAH3_LiuJordan1960
408,1,17,23,0.0,14.5,NASA_POWER_SARAH3_LiuJordan1960
409,1,18,0,0.0,14.5,NASA_POWER_SARAH3_LiuJordan1960
410,1,18,1,0.0,14.5,NASA_POWER_SARAH3_LiuJordan1960
411,1,18,2,0.0,14.5,NASA_POWER_SARAH3_LiuJordan1960
412,1,18,3,0.0,14.5,NASA_POWER_SARAH3_LiuJordan1960
413,1,18,4,0.0,14.5,NASA_POWER_SARAH3_LiuJordan1960
414,1,18,5,0.0,18.5,NASA_POWER_SARAH3_LiuJordan1960
415,1,18,6,0.0,20.28,NASA_POWER_SARAH3_LiuJordan1960
416,1,18,7,0.167526,21.971,NASA_POWER_SARAH3_LiuJordan1960
417,1,18,8,0.33537,23.488,NASA_POWER_SARAH3_LiuJordan1960
418,1,18,9,0.472413,24.755,NASA_POWER_SARAH3_LiuJordan1960
419,1,18,10,0.569318,25.708,NASA_POWER_SARAH3_LiuJordan1960
420,1,18,11,0.619479,26.299,NASA_POWER_SARAH3_LiuJordan1960
421,1,18,12,0.619479,26.5,NASA_POWER_SARAH3_LiuJordan1960
422,1,18,13,0.569318,26.299,NASA_POWER_SARAH3_LiuJordan1960
423,1,18,14,0.472413,25.708,NASA_POWER_SARAH3_LiuJordan1960
424,1,18,15,0.33537,24.755,NASA_POWER_SARAH3_LiuJordan1960
425,1,18,16,0.167526,23.488,NASA_POWER_SARAH3_LiuJordan1960
426,1,18,17,0.0,21.971,NASA_POWER_SARAH3_LiuJordan1960
427,1,18,18,0.0,20.28,NASA_POWER_SARAH3_LiuJordan1960
428,1,18,19,0.0,18.5,NASA_POWER_SARAH3_LiuJordan1960
429,1,18,20,0.0,14.5,NASA_POWER_SARAH3_LiuJordan1960
430,1,18,21,0.0,14.5,NASA_POWER_SARAH3_LiuJordan1960
431,1,18,22,0.0,14.5,NASA_POWER_SARAH3_LiuJordan1960
432,1,18,23,0.0,14.5,NASA_POWER_SARAH3_LiuJordan1960
433,1,19,0,0.0,14.5,NASA_POWER_SARAH3_LiuJordan1960
434,1,19,1,0.0,14.5,NASA_POWER_SARAH3_LiuJordan1960
435,1,19,2,0.0,14.5,NASA_POWER_SARAH3_LiuJordan1960
436,1,19,3,0.0,14.5,NASA_POWER_SARAH3_LiuJordan1960
437,1,19,4,0.0,14.5,NASA_POWER_SARAH3_LiuJordan1960
438,1,19,5,0.0,18.5,NASA_POWER_SARAH3_LiuJordan1960
439,1,19,6,0.0,20.28,NASA_POWER_SARAH3_LiuJordan1960
440,1,19,7,0.155996,21.971,NASA_POWER_SARAH3_LiuJordan1960
441,1,19,8,0.311196,23.488,NASA_POWER_SARAH3_LiuJordan1960
442,1,19,9,0.437918,24.755,NASA_POWER_SARAH3_LiuJordan1960
443,1,19,10,0.527523,25.708,NASA_POWER_SARAH3_LiuJordan1960
444,1,19,11,0.573906,26.299,NASA_POWER_SARAH3_LiuJordan1960
445,1,19,12,0.573906,26.5,NASA_POWER_SARAH3_LiuJordan1960
446,1,19,13,0.527523,26.299,NASA_POWER_SARAH3_LiuJordan1960
447,1,19,14,0.437918,25.708,NASA_POWER_SARAH3_LiuJordan1960
448,1,19,15,0.311196,24.755,NASA_POWER_SARAH3_LiuJordan1960
449,1,19,16,0.155996,23.488,NASA_POWER_SARAH3_LiuJordan1960
450,1,19,17,0.0,21.971,NASA_POWER_SARAH3_LiuJordan1960
451,1,19,18,0.0,20.28,NASA_POWER_SARAH3_LiuJordan1960
452,1,19,19,0.0,18.5,NASA_POWER_SARAH3_LiuJordan1960
453,1,19,20,0.0,14.5,NASA_POWER_SARAH3_LiuJordan1960
454,1,19,21,0.0,14.5,NASA_POWER_SARAH3_LiuJordan1960
455,1,19,22,0.0,14.5,NASA_POWER_SARAH3_LiuJordan1960
456,1,19,23,0.0,14.5,NASA_POWER_SARAH3_LiuJordan1960
457,1,20,0,0.0,14.5,NASA_POWER_SARAH3_LiuJordan1960
458,1,20,1,0.0,14.5,NASA_POWER_SARAH3_LiuJordan1960
459,1,20,2,0.0,14.5,NASA_POWER_SARAH3_LiuJordan1960
460,1,20,3,0.0,14.5,NASA_POWER_SARAH3_LiuJordan1960
461,1,20,4,0.0,14.5,NASA_POWER_SARAH3_LiuJordan1960
462,1,20,5,0.0,18.5,NASA_POWER_SARAH3_LiuJordan1960
463,1,20,6,0.0,20.28,NASA_POWER_SARAH3_LiuJordan1960
464,1,20,7,0.146876,21.971,NASA_POWER_SARAH3_LiuJordan1960
465,1,20,8,0.291962,23.488,NASA_POWER_SARAH3_LiuJordan1960
466,1,20,9,0.410425,24.755,NASA_POWER_SARAH3_LiuJordan1960
467,1,20,10,0.49419,25.708,NASA_POWER_SARAH3_LiuJordan1960
468,1,20,11,0.537551,26.299,NASA_POWER_SARAH3_LiuJordan1960
469,1,20,12,0.537551,26.5,NASA_POWER_SARAH3_LiuJordan1960
470,1,20,13,0.49419,26.299,NASA_POWER_SARAH3_LiuJordan1960
471,1,20,14,0.410425,25.708,NASA_POWER_SARAH3_LiuJordan1960
472,1,20,15,0.291962,24.755,NASA_POWER_SARAH3_LiuJordan1960
473,1,20,16,0.146876,23.488,NASA_POWER_SARAH3_LiuJordan1960
474,1,20,17,0.0,21.971,NASA_POWER_SARAH3_LiuJordan1960
475,1,20,18,0.0,20.28,NASA_POWER_SARAH3_LiuJordan1960
476,1,20,19,0.0,18.5,NASA_POWER_SARAH3_LiuJordan1960
477,1,20,20,0.0,14.5,NASA_POWER_SARAH3_LiuJordan1960
478,1,20,21,0.0,14.5,NASA_POWER_SARAH3_LiuJordan1960
479,1,20,22,0.0,14.5,NASA_POWER_SARAH3_LiuJordan1960
480,1,20,23,0.0,14.5,NASA_POWER_SARAH3_LiuJordan1960
481,1,21,0,0.0,14.5,NASA_POWER_SARAH3_LiuJordan1960
482,1,21,1,0.0,14.5,NASA_POWER_SARAH3_LiuJordan1960
483,1,21,2,0.0,14.5,NASA_POWER_SARAH3_LiuJordan1960
484,1,21,3,0.0,14.5,NASA_POWER_SARAH3_LiuJordan1960
485,1,21,4,0.0,14.5,NASA_POWER_SARAH3_LiuJordan1960
486,1,21,5,0.0,18.5,NASA_POWER_SARAH3_LiuJordan1960
487,1,21,6,0.0,20.28,NASA_POWER_SARAH3_LiuJordan1960
488,1,21,7,0.169624,21.971,NASA_POWER_SARAH3_LiuJordan1960
489,1,21,8,0.335963,23.488,NASA_POWER_SARAH3_LiuJordan1960
490,1,21,9,0.471778,24.755,NASA_POWER_SARAH3_LiuJordan1960
491,1,21,10,0.567814,25.708,NASA_POWER_SARAH3_LiuJordan1960
492,1,21,11,0.617526,26.299,NASA_POWER_SARAH3_LiuJordan1960
493,1,21,12,0.617526,26.5,NASA_POWER_SARAH3_LiuJordan1960
494,1,21,13,0.567814,26.299,NASA_POWER_SARAH3_LiuJordan1960
495,1,21,14,0.471778,25.708,NASA_POWER_SARAH3_LiuJordan1960
496,1,21,15,0.335963,24.755,NASA_POWER_SARAH3_LiuJordan1960
497,1,21,16,0.169624,23.488,NASA_POWER_SARAH3_LiuJordan1960
498,1,21,17,0.0,21.971,NASA_POWER_SARAH3_LiuJordan1960
499,1,21,18,0.0,20.28,NASA_POWER_SARAH3_LiuJordan1960
500,1,21,19,0.0,18.5,NASA_POWER_SARAH3_LiuJordan1960
501,1,21,20,0.0,14.5,NASA_POWER_SARAH3_LiuJordan1960
502,1,21,21,0.0,14.5,NASA_POWER_SARAH3_LiuJordan1960
503,1,21,22,0.0,14.5,NASA_POWER_SARAH3_LiuJordan1960
504,1,21,23,0.0,14.5,NASA_POWER_SARAH3_LiuJordan1960
505,1,22,0,0.0,14.5,NASA_POWER_SARAH3_LiuJordan1960
506,1,22,1,0.0,14.5,NASA_POWER_SARAH3_LiuJordan1960
507,1,22,2,0.0,14.5,NASA_POWER_SARAH3_LiuJordan1960
508,1,22,3,0.0,14.5,NASA_POWER_SARAH3_LiuJordan1960
509,1,22,4,0.0,14.5,NASA_POWER_SARAH3_LiuJordan1960
510,1,22,5,0.0,18.5,NASA_POWER_SARAH3_LiuJordan1960
511,1,22,6,0.0,20.28,NASA_POWER_SARAH3_LiuJordan1960
512,1,22,7,0.159206,21.971,NASA_POWER_SARAH3_LiuJordan1960
513,1,22,8,0.314171,23.488,NASA_POWER_SARAH3_LiuJordan1960
514,1,22,9,0.440699,24.755,NASA_POWER_SARAH3_LiuJordan1960
515,1,22,10,0.530168,25.708,NASA_POWER_SARAH3_LiuJordan1960
516,1,22,11,0.57648,26.299,NASA_POWER_SARAH3_LiuJordan1960
517,1,22,12,0.57648,26.5,NASA_POWER_SARAH3_LiuJordan1960
518,1,22,13,0.530168,26.299,NASA_POWER_SARAH3_LiuJordan1960
519,1,22,14,0.440699,25.708,NASA_POWER_SARAH3_LiuJordan1960
520,1,22,15,0.314171,24.755,NASA_POWER_SARAH3_LiuJordan1960
521,1,22,16,0.159206,23.488,NASA_POWER_SARAH3_LiuJordan1960
522,1,22,17,0.0,21.971,NASA_POWER_SARAH3_LiuJordan1960
523,1,22,18,0.0,20.28,NASA_POWER_SARAH3_LiuJordan1960
524,1,22,19,0.0,18.5,NASA_POWER_SARAH3_LiuJordan1960
525,1,22,20,0.0,14.5,NASA_POWER_SARAH3_LiuJordan1960
526,1,22,21,0.0,14.5,NASA_POWER_SARAH3_LiuJordan1960
527,1,22,22,0.0,14.5,NASA_POWER_SARAH3_LiuJordan1960
528,1,22,23,0.0,14.5,NASA_POWER_SARAH3_LiuJordan1960
529,1,23,0,0.0,14.5,NASA_POWER_SARAH3_LiuJordan1960
530,1,23,1,0.0,14.5,NASA_POWER_SARAH3_LiuJordan1960
531,1,23,2,0.0,14.5,NASA_POWER_SARAH3_LiuJordan1960
532,1,23,3,0.0,14.5,NASA_POWER_SARAH3_LiuJordan1960
533,1,23,4,0.0,14.5,NASA_POWER_SARAH3_LiuJordan1960
534,1,23,5,0.0,18.5,NASA_POWER_SARAH3_LiuJordan1960
535,1,23,6,0.0,20.28,NASA_POWER_SARAH3_LiuJordan1960
536,1,23,7,0.159177,21.971,NASA_POWER_SARAH3_LiuJordan1960
537,1,23,8,0.312947,23.488,NASA_POWER_SARAH3_LiuJordan1960
538,1,23,9,0.438498,24.755,NASA_POWER_SARAH3_LiuJordan1960
539,1,23,10,0.527277,25.708,NASA_POWER_SARAH3_LiuJordan1960
540,1,23,11,0.573232,26.299,NASA_POWER_SARAH3_LiuJordan1960
541,1,23,12,0.573232,26.5,NASA_POWER_SARAH3_LiuJordan1960
542,1,23,13,0.527277,26.299,NASA_POWER_SARAH3_LiuJordan1960
543,1,23,14,0.438498,25.708,NASA_POWER_SARAH3_LiuJordan1960
544,1,23,15,0.312947,24.755,NASA_POWER_SARAH3_LiuJordan1960
545,1,23,16,0.159177,23.488,NASA_POWER_SARAH3_LiuJordan1960
546,1,23,17,0.0,21.971,NASA_POWER_SARAH3_LiuJordan1960
547,1,23,18,0.0,20.28,NASA_POWER_SARAH3_LiuJordan1960
548,1,23,19,0.0,18.5,NASA_POWER_SARAH3_LiuJordan1960
549,1,23,20,0.0,14.5,NASA_POWER_SARAH3_LiuJordan1960
550,1,23,21,0.0,14.5,NASA_POWER_SARAH3_LiuJordan1960
551,1,23,22,0.0,14.5,NASA_POWER_SARAH3_LiuJordan1960
552,1,23,23,0.0,14.5,NASA_POWER_SARAH3_LiuJordan1960
553,1,24,0,0.0,14.5,NASA_POWER_SARAH3_LiuJordan1960
554,1,24,1,0.0,14.5,NASA_POWER_SARAH3_LiuJordan1960
555,1,24,2,0.0,14.5,NASA_POWER_SARAH3_LiuJordan1960
556,1,24,3,0.0,14.5,NASA_POWER_SARAH3_LiuJordan1960
557,1,24,4,0.0,14.5,NASA_POWER_SARAH3_LiuJordan1960
558,1,24,5,0.0,18.5,NASA_POWER_SARAH3_LiuJordan1960
559,1,24,6,0.0,20.28,NASA_POWER_SARAH3_LiuJordan1960
560,1,24,7,0.166764,21.971,NASA_POWER_SARAH3_LiuJordan1960
561,1,24,8,0.326627,23.488,NASA_POWER_SARAH3_LiuJordan1960
562,1,24,9,0.457154,24.755,NASA_POWER_SARAH3_LiuJordan1960
563,1,24,10,0.549451,25.708,NASA_POWER_SARAH3_LiuJordan1960
564,1,24,11,0.597227,26.299,NASA_POWER_SARAH3_LiuJordan1960
565,1,24,12,0.597227,26.5,NASA_POWER_SARAH3_LiuJordan1960
566,1,24,13,0.549451,26.299,NASA_POWER_SARAH3_LiuJordan1960
567,1,24,14,0.457154,25.708,NASA_POWER_SARAH3_LiuJordan1960
568,1,24,15,0.326627,24.755,NASA_POWER_SARAH3_LiuJordan1960
569,1,24,16,0.166764,23.488,NASA_POWER_SARAH3_LiuJordan1960
570,1,24,17,0.0,21.971,NASA_POWER_SARAH3_LiuJordan1960
571,1,24,18,0.0,20.28,NASA_POWER_SARAH3_LiuJordan1960
572,1,24,19,0.0,18.5,NASA_POWER_SARAH3_LiuJordan1960
573,1,24,20,0.0,14.5,NASA_POWER_SARAH3_LiuJordan1960
574,1,24,21,0.0,14.5,NASA_POWER_SARAH3_LiuJordan1960
575,1,24,22,0.0,14.5,NASA_POWER_SARAH3_LiuJordan1960
576,1,24,23,0.0,14.5,NASA_POWER_SARAH3_LiuJordan1960
577,1,25,0,0.0,14.5,NASA_POWER_SARAH3_LiuJordan1960
578,1,25,1,0.0,14.5,NASA_POWER_SARAH3_LiuJordan1960
579,1,25,2,0.0,14.5,NASA_POWER_SARAH3_LiuJordan1960
580,1,25,3,0.0,14.5,NASA_POWER_SARAH3_LiuJordan1960
581,1,25,4,0.0,14.5,NASA_POWER_SARAH3_LiuJordan1960
582,1,25,5,0.0,18.5,NASA_POWER_SARAH3_LiuJordan1960
583,1,25,6,0.0,20.28,NASA_POWER_SARAH3_LiuJordan1960
584,1,25,7,0.161911,21.971,NASA_POWER_SARAH3_LiuJordan1960
585,1,25,8,0.315913,23.488,NASA_POWER_SARAH3_LiuJordan1960
586,1,25,9,0.441656,24.755,NASA_POWER_SARAH3_LiuJordan1960
587,1,25,10,0.53057,25.708,NASA_POWER_SARAH3_LiuJordan1960
588,1,25,11,0.576595,26.299,NASA_POWER_SARAH3_LiuJordan1960
589,1,25,12,0.576595,26.5,NASA_POWER_SARAH3_LiuJordan1960
590,1,25,13,0.53057,26.299,NASA_POWER_SARAH3_LiuJordan1960
591,1,25,14,0.441656,25.708,NASA_POWER_SARAH3_LiuJordan1960
592,1,25,15,0.315913,24.755,NASA_POWER_SARAH3_LiuJordan1960
593,1,25,16,0.161911,23.488,NASA_POWER_SARAH3_LiuJordan1960
594,1,25,17,0.0,21.971,NASA_POWER_SARAH3_LiuJordan1960
595,1,25,18,0.0,20.28,NASA_POWER_SARAH3_LiuJordan1960
596,1,25,19,0.0,18.5,NASA_POWER_SARAH3_LiuJordan1960
597,1,25,20,0.0,14.5,NASA_POWER_SARAH3_LiuJordan1960
598,1,25,21,0.0,14.5,NASA_POWER_SARAH3_LiuJordan1960
599,1,25,22,0.0,14.5,NASA_POWER_SARAH3_LiuJordan1960
600,1,25,23,0.0,14.5,NASA_POWER_SARAH3_LiuJordan1960
601,1,26,0,0.0,14.5,NASA_POWER_SARAH3_LiuJordan1960
602,1,26,1,0.0,14.5,NASA_POWER_SARAH3_LiuJordan1960
603,1,26,2,0.0,14.5,NASA_POWER_SARAH3_LiuJordan1960
604,1,26,3,0.0,14.5,NASA_POWER_SARAH3_LiuJordan1960
605,1,26,4,0.0,14.5,NASA_POWER_SARAH3_LiuJordan1960
606,1,26,5,0.0,18.5,NASA_POWER_SARAH3_LiuJordan1960
607,1,26,6,0.0,20.28,NASA_POWER_SARAH3_LiuJordan1960
608,1,26,7,0.15603,21.971,NASA_POWER_SARAH3_LiuJordan1960
609,1,26,8,0.303268,23.488,NASA_POWER_SARAH3_LiuJordan1960
610,1,26,9,0.423487,24.755,NASA_POWER_SARAH3_LiuJordan1960
611,1,26,10,0.508495,25.708,NASA_POWER_SARAH3_LiuJordan1960
612,1,26,11,0.552499,26.299,NASA_POWER_SARAH3_LiuJordan1960
613,1,26,12,0.552499,26.5,NASA_POWER_SARAH3_LiuJordan1960
614,1,26,13,0.508495,26.299,NASA_POWER_SARAH3_LiuJordan1960
615,1,26,14,0.423487,25.708,NASA_POWER_SARAH3_LiuJordan1960
616,1,26,15,0.303268,24.755,NASA_POWER_SARAH3_LiuJordan1960
617,1,26,16,0.15603,23.488,NASA_POWER_SARAH3_LiuJordan1960
618,1,26,17,0.0,21.971,NASA_POWER_SARAH3_LiuJordan1960
619,1,26,18,0.0,20.28,NASA_POWER_SARAH3_LiuJordan1960
620,1,26,19,0.0,18.5,NASA_POWER_SARAH3_LiuJordan1960
621,1,26,20,0.0,14.5,NASA_POWER_SARAH3_LiuJordan1960
622,1,26,21,0.0,14.5,NASA_POWER_SARAH3_LiuJordan1960
623,1,26,22,0.0,14.5,NASA_POWER_SARAH3_LiuJordan1960
624,1,26,23,0.0,14.5,NASA_POWER_SARAH3_LiuJordan1960
625,1,27,0,0.0,14.5,NASA_POWER_SARAH3_LiuJordan1960
626,1,27,1,0.0,14.5,NASA_POWER_SARAH3_LiuJordan1960
627,1,27,2,0.0,14.5,NASA_POWER_SARAH3_LiuJordan1960
628,1,27,3,0.0,14.5,NASA_POWER_SARAH3_LiuJordan1960
629,1,27,4,0.0,14.5,NASA_POWER_SARAH3_LiuJordan1960
630,1,27,5,0.0,18.5,NASA_POWER_SARAH3_LiuJordan1960
631,1,27,6,0.0,20.28,NASA_POWER_SARAH3_LiuJordan1960
632,1,27,7,0.157928,21.971,NASA_POWER_SARAH3_LiuJordan1960
633,1,27,8,0.305766,23.488,NASA_POWER_SARAH3_LiuJordan1960
634,1,27,9,0.426474,24.755,NASA_POWER_SARAH3_LiuJordan1960
635,1,27,10,0.511828,25.708,NASA_POWER_SARAH3_LiuJordan1960
636,1,27,11,0.556011,26.299,NASA_POWER_SARAH3_LiuJordan1960
637,1,27,12,0.556011,26.5,NASA_POWER_SARAH3_LiuJordan1960
638,1,27,13,0.511828,26.299,NASA_POWER_SARAH3_LiuJordan1960
639,1,27,14,0.426474,25.708,NASA_POWER_SARAH3_LiuJordan1960
640,1,27,15,0.305766,24.755,NASA_POWER_SARAH3_LiuJordan1960
641,1,27,16,0.157928,23.488,NASA_POWER_SARAH3_LiuJordan1960
642,1,27,17,0.0,21.971,NASA_POWER_SARAH3_LiuJordan1960
643,1,27,18,0.0,20.28,NASA_POWER_SARAH3_LiuJordan1960
644,1,27,19,0.0,18.5,NASA_POWER_SARAH3_LiuJordan1960
645,1,27,20,0.0,14.5,NASA_POWER_SARAH3_LiuJordan1960
646,1,27,21,0.0,14.5,NASA_POWER_SARAH3_LiuJordan1960
647,1,27,22,0.0,14.5,NASA_POWER_SARAH3_LiuJordan1960
648,1,27,23,0.0,14.5,NASA_POWER_SARAH3_LiuJordan1960
649,1,28,0,0.0,14.5,NASA_POWER_SARAH3_LiuJordan1960
650,1,28,1,0.0,14.5,NASA_POWER_SARAH3_LiuJordan1960
651,1,28,2,0.0,14.5,NASA_POWER_SARAH3_LiuJordan1960
652,1,28,3,0.0,14.5,NASA_POWER_SARAH3_LiuJordan1960
653,1,28,4,0.0,14.5,NASA_POWER_SARAH3_LiuJordan1960
654,1,28,5,0.0,18.5,NASA_POWER_SARAH3_LiuJordan1960
655,1,28,6,0.0,20.28,NASA_POWER_SARAH3_LiuJordan1960
656,1,28,7,0.163306,21.971,NASA_POWER_SARAH3_LiuJordan1960
657,1,28,8,0.31494,23.488,NASA_POWER_SARAH3_LiuJordan1960
658,1,28,9,0.438749,24.755,NASA_POWER_SARAH3_LiuJordan1960
659,1,28,10,0.526295,25.708,NASA_POWER_SARAH3_LiuJordan1960
660,1,28,11,0.571612,26.299,NASA_POWER_SARAH3_LiuJordan1960
661,1,28,12,0.571612,26.5,NASA_POWER_SARAH3_LiuJordan1960
662,1,28,13,0.526295,26.299,NASA_POWER_SARAH3_LiuJordan1960
663,1,28,14,0.438749,25.708,NASA_POWER_SARAH3_LiuJordan1960
664,1,28,15,0.31494,24.755,NASA_POWER_SARAH3_LiuJordan1960
665,1,28,16,0.163306,23.488,NASA_POWER_SARAH3_LiuJordan1960
666,1,28,17,0.0,21.971,NASA_POWER_SARAH3_LiuJordan1960
667,1,28,18,0.0,20.28,NASA_POWER_SARAH3_LiuJordan1960
668,1,28,19,0.0,18.5,NASA_POWER_SARAH3_LiuJordan1960
669,1,28,20,0.0,14.5,NASA_POWER_SARAH3_LiuJordan1960
670,1,28,21,0.0,14.5,NASA_POWER_SARAH3_LiuJordan1960
671,1,28,22,0.0,14.5,NASA_POWER_SARAH3_LiuJordan1960
672,1,28,23,0.0,14.5,NASA_POWER_SARAH3_LiuJordan1960
673,1,29,0,0.0,14.5,NASA_POWER_SARAH3_LiuJordan1960
674,1,29,1,0.0,14.5,NASA_POWER_SARAH3_LiuJordan1960
675,1,29,2,0.0,14.5,NASA_POWER_SARAH3_LiuJordan1960
676,1,29,3,0.0,14.5,NASA_POWER_SARAH3_LiuJordan1960
677,1,29,4,0.0,14.5,NASA_POWER_SARAH3_LiuJordan1960
678,1,29,5,0.0,18.5,NASA_POWER_SARAH3_LiuJordan1960
679,1,29,6,0.0,20.28,NASA_POWER_SARAH3_LiuJordan1960
680,1,29,7,0.170903,21.971,NASA_POWER_SARAH3_LiuJordan1960
681,1,29,8,0.328292,23.488,NASA_POWER_SARAH3_LiuJordan1960
682,1,29,9,0.4568,24.755,NASA_POWER_SARAH3_LiuJordan1960
683,1,29,10,0.547669,25.708,NASA_POWER_SARAH3_LiuJordan1960
684,1,29,11,0.594706,26.299,NASA_POWER_SARAH3_LiuJordan1960
685,1,29,12,0.594706,26.5,NASA_POWER_SARAH3_LiuJordan1960
686,1,29,13,0.547669,26.299,NASA_POWER_SARAH3_LiuJordan1960
687,1,29,14,0.4568,25.708,NASA_POWER_SARAH3_LiuJordan1960
688,1,29,15,0.328292,24.755,NASA_POWER_SARAH3_LiuJordan1960
689,1,29,16,0.170903,23.488,NASA_POWER_SARAH3_LiuJordan1960
690,1,29,17,0.0,21.971,NASA_POWER_SARAH3_LiuJordan1960
691,1,29,18,0.0,20.28,NASA_POWER_SARAH3_LiuJordan1960
692,1,29,19,0.0,18.5,NASA_POWER_SARAH3_LiuJordan1960
693,1,29,20,0.0,14.5,NASA_POWER_SARAH3_LiuJordan1960
694,1,29,21,0.0,14.5,NASA_POWER_SARAH3_LiuJordan1960
695,1,29,22,0.0,14.5,NASA_POWER_SARAH3_LiuJordan1960
696,1,29,23,0.0,14.5,NASA_POWER_SARAH3_LiuJordan1960
697,1,30,0,0.0,14.5,NASA_POWER_SARAH3_LiuJordan1960
698,1,30,1,0.0,14.5,NASA_POWER_SARAH3_LiuJordan1960
699,1,30,2,0.0,14.5,NASA_POWER_SARAH3_LiuJordan1960
700,1,30,3,0.0,14.5,NASA_POWER_SARAH3_LiuJordan1960
701,1,30,4,0.0,14.5,NASA_POWER_SARAH3_LiuJordan1960
702,1,30,5,0.0,18.5,NASA_POWER_SARAH3_LiuJordan1960
703,1,30,6,0.0,20.28,NASA_POWER_SARAH3_LiuJordan1960
704,1,30,7,0.165481,21.971,NASA_POWER_SARAH3_LiuJordan1960
705,1,30,8,0.316617,23.488,NASA_POWER_SARAH3_LiuJordan1960
706,1,30,9,0.440019,24.755,NASA_POWER_SARAH3_LiuJordan1960
707,1,30,10,0.527277,25.708,NASA_POWER_SARAH3_LiuJordan1960
708,1,30,11,0.572445,26.299,NASA_POWER_SARAH3_LiuJordan1960
709,1,30,12,0.572445,26.5,NASA_POWER_SARAH3_LiuJordan1960
710,1,30,13,0.527277,26.299,NASA_POWER_SARAH3_LiuJordan1960
711,1,30,14,0.440019,25.708,NASA_POWER_SARAH3_LiuJordan1960
712,1,30,15,0.316617,24.755,NASA_POWER_SARAH3_LiuJordan1960
713,1,30,16,0.165481,23.488,NASA_POWER_SARAH3_LiuJordan1960
714,1,30,17,0.0,21.971,NASA_POWER_SARAH3_LiuJordan1960
715,1,30,18,0.0,20.28,NASA_POWER_SARAH3_LiuJordan1960
716,1,30,19,0.0,18.5,NASA_POWER_SARAH3_LiuJordan1960
717,1,30,20,0.0,14.5,NASA_POWER_SARAH3_LiuJordan1960
718,1,30,21,0.0,14.5,NASA_POWER_SARAH3_LiuJordan1960
719,1,30,22,0.0,14.5,NASA_POWER_SARAH3_LiuJordan1960
720,1,30,23,0.0,14.5,NASA_POWER_SARAH3_LiuJordan1960
721,1,31,0,0.0,14.5,NASA_POWER_SARAH3_LiuJordan1960
722,1,31,1,0.0,14.5,NASA_POWER_SARAH3_LiuJordan1960
723,1,31,2,0.0,14.5,NASA_POWER_SARAH3_LiuJordan1960
724,1,31,3,0.0,14.5,NASA_POWER_SARAH3_LiuJordan1960
725,1,31,4,0.0,14.5,NASA_POWER_SARAH3_LiuJordan1960
726,1,31,5,0.0,18.5,NASA_POWER_SARAH3_LiuJordan1960
727,1,31,6,0.0,20.28,NASA_POWER_SARAH3_LiuJordan1960
728,1,31,7,0.16915,21.971,NASA_POWER_SARAH3_LiuJordan1960
729,1,31,8,0.322347,23.488,NASA_POWER_SARAH3_LiuJordan1960
730,1,31,9,0.447432,24.755,NASA_POWER_SARAH3_LiuJordan1960
731,1,31,10,0.535881,25.708,NASA_POWER_SARAH3_LiuJordan1960
732,1,31,11,0.581665,26.299,NASA_POWER_SARAH3_LiuJordan1960
733,1,31,12,0.581665,26.5,NASA_POWER_SARAH3_LiuJordan1960
734,1,31,13,0.535881,26.299,NASA_POWER_SARAH3_LiuJordan1960
735,1,31,14,0.447432,25.708,NASA_POWER_SARAH3_LiuJordan1960
736,1,31,15,0.322347,24.755,NASA_POWER_SARAH3_LiuJordan1960
737,1,31,16,0.16915,23.488,NASA_POWER_SARAH3_LiuJordan1960
738,1,31,17,0.0,21.971,NASA_POWER_SARAH3_LiuJordan1960
739,1,31,18,0.0,20.28,NASA_POWER_SARAH3_LiuJordan1960
740,1,31,19,0.0,18.5,NASA_POWER_SARAH3_LiuJordan1960
741,1,31,20,0.0,14.5,NASA_POWER_SARAH3_LiuJordan1960
742,1,31,21,0.0,14.5,NASA_POWER_SARAH3_LiuJordan1960
743,1,31,22,0.0,14.5,NASA_POWER_SARAH3_LiuJordan1960
744,1,31,23,0.0,14.5,NASA_POWER_SARAH3_LiuJordan1960
745,2,1,0,0.0,16.75,NASA_POWER_SARAH3_LiuJordan1960
746,2,1,1,0.0,16.75,NASA_POWER_SARAH3_LiuJordan1960
747,2,1,2,0.0,16.75,NASA_POWER_SARAH3_LiuJordan1960
748,2,1,3,0.0,16.75,NASA_POWER_SARAH3_LiuJordan1960
749,2,1,4,0.0,16.75,NASA_POWER_SARAH3_LiuJordan1960
750,2,1,5,0.0,21.0,NASA_POWER_SARAH3_LiuJordan1960
751,2,1,6,0.0,22.891,NASA_POWER_SARAH3_LiuJordan1960
752,2,1,7,0.216113,24.688,NASA_POWER_SARAH3_LiuJordan1960
753,2,1,8,0.410197,26.3,NASA_POWER_SARAH3_LiuJordan1960
754,2,1,9,0.568667,27.646,NASA_POWER_SARAH3_LiuJordan1960
755,2,1,10,0.680721,28.658,NASA_POWER_SARAH3_LiuJordan1960
756,2,1,11,0.738725,29.287,NASA_POWER_SARAH3_LiuJordan1960
757,2,1,12,0.738725,29.5,NASA_POWER_SARAH3_LiuJordan1960
758,2,1,13,0.680721,29.287,NASA_POWER_SARAH3_LiuJordan1960
759,2,1,14,0.568667,28.658,NASA_POWER_SARAH3_LiuJordan1960
760,2,1,15,0.410197,27.646,NASA_POWER_SARAH3_LiuJordan1960
761,2,1,16,0.216113,26.3,NASA_POWER_SARAH3_LiuJordan1960
762,2,1,17,0.0,24.688,NASA_POWER_SARAH3_LiuJordan1960
763,2,1,18,0.0,22.891,NASA_POWER_SARAH3_LiuJordan1960
764,2,1,19,0.0,21.0,NASA_POWER_SARAH3_LiuJordan1960
765,2,1,20,0.0,16.75,NASA_POWER_SARAH3_LiuJordan1960
766,2,1,21,0.0,16.75,NASA_POWER_SARAH3_LiuJordan1960
767,2,1,22,0.0,16.75,NASA_POWER_SARAH3_LiuJordan1960
768,2,1,23,0.0,16.75,NASA_POWER_SARAH3_LiuJordan1960
769,2,2,0,0.0,16.75,NASA_POWER_SARAH3_LiuJordan1960
770,2,2,1,0.0,16.75,NASA_POWER_SARAH3_LiuJordan1960
771,2,2,2,0.0,16.75,NASA_POWER_SARAH3_LiuJordan1960
772,2,2,3,0.0,16.75,NASA_POWER_SARAH3_LiuJordan1960
773,2,2,4,0.0,16.75,NASA_POWER_SARAH3_LiuJordan1960
774,2,2,5,0.0,21.0,NASA_POWER_SARAH3_LiuJordan1960
775,2,2,6,0.001458,22.891,NASA_POWER_SARAH3_LiuJordan1960
776,2,2,7,0.213349,24.688,NASA_POWER_SARAH3_LiuJordan1960
777,2,2,8,0.403326,26.3,NASA_POWER_SARAH3_LiuJordan1960
778,2,2,9,0.558441,27.646,NASA_POWER_SARAH3_LiuJordan1960
779,2,2,10,0.668124,28.658,NASA_POWER_SARAH3_LiuJordan1960
780,2,2,11,0.7249,29.287,NASA_POWER_SARAH3_LiuJordan1960
781,2,2,12,0.7249,29.5,NASA_POWER_SARAH3_LiuJordan1960
782,2,2,13,0.668124,29.287,NASA_POWER_SARAH3_LiuJordan1960
783,2,2,14,0.558441,28.658,NASA_POWER_SARAH3_LiuJordan1960
784,2,2,15,0.403326,27.646,NASA_POWER_SARAH3_LiuJordan1960
785,2,2,16,0.213349,26.3,NASA_POWER_SARAH3_LiuJordan1960
786,2,2,17,0.001458,24.688,NASA_POWER_SARAH3_LiuJordan1960
787,2,2,18,0.0,22.891,NASA_POWER_SARAH3_LiuJordan1960
788,2,2,19,0.0,21.0,NASA_POWER_SARAH3_LiuJordan1960
789,2,2,20,0.0,16.75,NASA_POWER_SARAH3_LiuJordan1960
790,2,2,21,0.0,16.75,NASA_POWER_SARAH3_LiuJordan1960
791,2,2,22,0.0,16.75,NASA_POWER_SARAH3_LiuJordan1960
792,2,2,23,0.0,16.75,NASA_POWER_SARAH3_LiuJordan1960
793,2,3,0,0.0,16.75,NASA_POWER_SARAH3_LiuJordan1960
794,2,3,1,0.0,16.75,NASA_POWER_SARAH3_LiuJordan1960
795,2,3,2,0.0,16.75,NASA_POWER_SARAH3_LiuJordan1960
796,2,3,3,0.0,16.75,NASA_POWER_SARAH3_LiuJordan1960
797,2,3,4,0.0,16.75,NASA_POWER_SARAH3_LiuJordan1960
798,2,3,5,0.0,21.0,NASA_POWER_SARAH3_LiuJordan1960
799,2,3,6,0.003025,22.891,NASA_POWER_SARAH3_LiuJordan1960
800,2,3,7,0.197391,24.688,NASA_POWER_SARAH3_LiuJordan1960
801,2,3,8,0.371655,26.3,NASA_POWER_SARAH3_LiuJordan1960
802,2,3,9,0.513941,27.646,NASA_POWER_SARAH3_LiuJordan1960
803,2,3,10,0.614553,28.658,NASA_POWER_SARAH3_LiuJordan1960
804,2,3,11,0.666633,29.287,NASA_POWER_SARAH3_LiuJordan1960
805,2,3,12,0.666633,29.5,NASA_POWER_SARAH3_LiuJordan1960
806,2,3,13,0.614553,29.287,NASA_POWER_SARAH3_LiuJordan1960
807,2,3,14,0.513941,28.658,NASA_POWER_SARAH3_LiuJordan1960
808,2,3,15,0.371655,27.646,NASA_POWER_SARAH3_LiuJordan1960
809,2,3,16,0.197391,26.3,NASA_POWER_SARAH3_LiuJordan1960
810,2,3,17,0.003025,24.688,NASA_POWER_SARAH3_LiuJordan1960
811,2,3,18,0.0,22.891,NASA_POWER_SARAH3_LiuJordan1960
812,2,3,19,0.0,21.0,NASA_POWER_SARAH3_LiuJordan1960
813,2,3,20,0.0,16.75,NASA_POWER_SARAH3_LiuJordan1960
814,2,3,21,0.0,16.75,NASA_POWER_SARAH3_LiuJordan1960
815,2,3,22,0.0,16.75,NASA_POWER_SARAH3_LiuJordan1960
816,2,3,23,0.0,16.75,NASA_POWER_SARAH3_LiuJordan1960
817,2,4,0,0.0,16.75,NASA_POWER_SARAH3_LiuJordan1960
818,2,4,1,0.0,16.75,NASA_POWER_SARAH3_LiuJordan1960
819,2,4,2,0.0,16.75,NASA_POWER_SARAH3_LiuJordan1960
820,2,4,3,0.0,16.75,NASA_POWER_SARAH3_LiuJordan1960
821,2,4,4,0.0,16.75,NASA_POWER_SARAH3_LiuJordan1960
822,2,4,5,0.0,21.0,NASA_POWER_SARAH3_LiuJordan1960
823,2,4,6,0.004802,22.891,NASA_POWER_SARAH3_LiuJordan1960
824,2,4,7,0.201822,24.688,NASA_POWER_SARAH3_LiuJordan1960
825,2,4,8,0.378465,26.3,NASA_POWER_SARAH3_LiuJordan1960
826,2,4,9,0.522694,27.646,NASA_POWER_SARAH3_LiuJordan1960
827,2,4,10,0.624679,28.658,NASA_POWER_SARAH3_LiuJordan1960
828,2,4,11,0.67747,29.287,NASA_POWER_SARAH3_LiuJordan1960
829,2,4,12,0.67747,29.5,NASA_POWER_SARAH3_LiuJordan1960
830,2,4,13,0.624679,29.287,NASA_POWER_SARAH3_LiuJordan1960
831,2,4,14,0.522694,28.658,NASA_POWER_SARAH3_LiuJordan1960
832,2,4,15,0.378465,27.646,NASA_POWER_SARAH3_LiuJordan1960
833,2,4,16,0.201822,26.3,NASA_POWER_SARAH3_LiuJordan1960
834,2,4,17,0.004802,24.688,NASA_POWER_SARAH3_LiuJordan1960
835,2,4,18,0.0,22.891,NASA_POWER_SARAH3_LiuJordan1960
836,2,4,19,0.0,21.0,NASA_POWER_SARAH3_LiuJordan1960
837,2,4,20,0.0,16.75,NASA_POWER_SARAH3_LiuJordan1960
838,2,4,21,0.0,16.75,NASA_POWER_SARAH3_LiuJordan1960
839,2,4,22,0.0,16.75,NASA_POWER_SARAH3_LiuJordan1960
840,2,4,23,0.0,16.75,NASA_POWER_SARAH3_LiuJordan1960
841,2,5,0,0.0,16.75,NASA_POWER_SARAH3_LiuJordan1960
842,2,5,1,0.0,16.75,NASA_POWER_SARAH3_LiuJordan1960
843,2,5,2,0.0,16.75,NASA_POWER_SARAH3_LiuJordan1960
844,2,5,3,0.0,16.75,NASA_POWER_SARAH3_LiuJordan1960
845,2,5,4,0.0,16.75,NASA_POWER_SARAH3_LiuJordan1960
846,2,5,5,0.0,21.0,NASA_POWER_SARAH3_LiuJordan1960
847,2,5,6,0.006244,22.891,NASA_POWER_SARAH3_LiuJordan1960
848,2,5,7,0.193693,24.688,NASA_POWER_SARAH3_LiuJordan1960
849,2,5,8,0.361756,26.3,NASA_POWER_SARAH3_LiuJordan1960
850,2,5,9,0.498978,27.646,NASA_POWER_SARAH3_LiuJordan1960
851,2,5,10,0.596009,28.658,NASA_POWER_SARAH3_LiuJordan1960
852,2,5,11,0.646236,29.287,NASA_POWER_SARAH3_LiuJordan1960
853,2,5,12,0.646236,29.5,NASA_POWER_SARAH3_LiuJordan1960
854,2,5,13,0.596009,29.287,NASA_POWER_SARAH3_LiuJordan1960
855,2,5,14,0.498978,28.658,NASA_POWER_SARAH3_LiuJordan1960
856,2,5,15,0.361756,27.646,NASA_POWER_SARAH3_LiuJordan1960
857,2,5,16,0.193693,26.3,NASA_POWER_SARAH3_LiuJordan1960
858,2,5,17,0.006244,24.688,NASA_POWER_SARAH3_LiuJordan1960
859,2,5,18,0.0,22.891,NASA_POWER_SARAH3_LiuJordan1960
860,2,5,19,0.0,21.0,NASA_POWER_SARAH3_LiuJordan1960
861,2,5,20,0.0,16.75,NASA_POWER_SARAH3_LiuJordan1960
862,2,5,21,0.0,16.75,NASA_POWER_SARAH3_LiuJordan1960
863,2,5,22,0.0,16.75,NASA_POWER_SARAH3_LiuJordan1960
864,2,5,23,0.0,16.75,NASA_POWER_SARAH3_LiuJordan1960
865,2,6,0,0.0,16.75,NASA_POWER_SARAH3_LiuJordan1960
866,2,6,1,0.0,16.75,NASA_POWER_SARAH3_LiuJordan1960
867,2,6,2,0.0,16.75,NASA_POWER_SARAH3_LiuJordan1960
868,2,6,3,0.0,16.75,NASA_POWER_SARAH3_LiuJordan1960
869,2,6,4,0.0,16.75,NASA_POWER_SARAH3_LiuJordan1960
870,2,6,5,0.0,21.0,NASA_POWER_SARAH3_LiuJordan1960
871,2,6,6,0.008606,22.891,NASA_POWER_SARAH3_LiuJordan1960
872,2,6,7,0.211687,24.688,NASA_POWER_SARAH3_LiuJordan1960
873,2,6,8,0.393765,26.3,NASA_POWER_SARAH3_LiuJordan1960
874,2,6,9,0.542431,27.646,NASA_POWER_SARAH3_LiuJordan1960
875,2,6,10,0.647554,28.658,NASA_POWER_SARAH3_LiuJordan1960
876,2,6,11,0.701969,29.287,NASA_POWER_SARAH3_LiuJordan1960
877,2,6,12,0.701969,29.5,NASA_POWER_SARAH3_LiuJordan1960
878,2,6,13,0.647554,29.287,NASA_POWER_SARAH3_LiuJordan1960
879,2,6,14,0.542431,28.658,NASA_POWER_SARAH3_LiuJordan1960
880,2,6,15,0.393765,27.646,NASA_POWER_SARAH3_LiuJordan1960
881,2,6,16,0.211687,26.3,NASA_POWER_SARAH3_LiuJordan1960
882,2,6,17,0.008606,24.688,NASA_POWER_SARAH3_LiuJordan1960
883,2,6,18,0.0,22.891,NASA_POWER_SARAH3_LiuJordan1960
884,2,6,19,0.0,21.0,NASA_POWER_SARAH3_LiuJordan1960
885,2,6,20,0.0,16.75,NASA_POWER_SARAH3_LiuJordan1960
886,2,6,21,0.0,16.75,NASA_POWER_SARAH3_LiuJordan1960
887,2,6,22,0.0,16.75,NASA_POWER_SARAH3_LiuJordan1960
888,2,6,23,0.0,16.75,NASA_POWER_SARAH3_LiuJordan1960
889,2,7,0,0.0,16.75,NASA_POWER_SARAH3_LiuJordan1960
890,2,7,1,0.0,16.75,NASA_POWER_SARAH3_LiuJordan1960
891,2,7,2,0.0,16.75,NASA_POWER_SARAH3_LiuJordan1960
892,2,7,3,0.0,16.75,NASA_POWER_SARAH3_LiuJordan1960
893,2,7,4,0.0,16.75,NASA_POWER_SARAH3_LiuJordan1960
894,2,7,5,0.0,21.0,NASA_POWER_SARAH3_LiuJordan1960
895,2,7,6,0.00983,22.891,NASA_POWER_SARAH3_LiuJordan1960
896,2,7,7,0.200465,24.688,NASA_POWER_SARAH3_LiuJordan1960
897,2,7,8,0.371384,26.3,NASA_POWER_SARAH3_LiuJordan1960
898,2,7,9,0.510939,27.646,NASA_POWER_SARAH3_LiuJordan1960
899,2,7,10,0.609619,28.658,NASA_POWER_SARAH3_LiuJordan1960
900,2,7,11,0.6607,29.287,NASA_POWER_SARAH3_LiuJordan1960
901,2,7,12,0.6607,29.5,NASA_POWER_SARAH3_LiuJordan1960
902,2,7,13,0.609619,29.287,NASA_POWER_SARAH3_LiuJordan1960
903,2,7,14,0.510939,28.658,NASA_POWER_SARAH3_LiuJordan1960
904,2,7,15,0.371384,27.646,NASA_POWER_SARAH3_LiuJordan1960
905,2,7,16,0.200465,26.3,NASA_POWER_SARAH3_LiuJordan1960
906,2,7,17,0.00983,24.688,NASA_POWER_SARAH3_LiuJordan1960
907,2,7,18,0.0,22.891,NASA_POWER_SARAH3_LiuJordan1960
908,2,7,19,0.0,21.0,NASA_POWER_SARAH3_LiuJordan1960
909,2,7,20,0.0,16.75,NASA_POWER_SARAH3_LiuJordan1960
910,2,7,21,0.0,16.75,NASA_POWER_SARAH3_LiuJordan1960
911,2,7,22,0.0,16.75,NASA_POWER_SARAH3_LiuJordan1960
912,2,7,23,0.0,16.75,NASA_POWER_SARAH3_LiuJordan1960
913,2,8,0,0.0,16.75,NASA_POWER_SARAH3_LiuJordan1960
914,2,8,1,0.0,16.75,NASA_POWER_SARAH3_LiuJordan1960
915,2,8,2,0.0,16.75,NASA_POWER_SARAH3_LiuJordan1960
916,2,8,3,0.0,16.75,NASA_POWER_SARAH3_LiuJordan1960
917,2,8,4,0.0,16.75,NASA_POWER_SARAH3_LiuJordan1960
918,2,8,5,0.0,21.0,NASA_POWER_SARAH3_LiuJordan1960
919,2,8,6,0.011669,22.891,NASA_POWER_SARAH3_LiuJordan1960
920,2,8,7,0.203385,24.688,NASA_POWER_SARAH3_LiuJordan1960
921,2,8,8,0.375273,26.3,NASA_POWER_SARAH3_LiuJordan1960
922,2,8,9,0.515619,27.646,NASA_POWER_SARAH3_LiuJordan1960
923,2,8,10,0.614859,28.658,NASA_POWER_SARAH3_LiuJordan1960
924,2,8,11,0.666229,29.287,NASA_POWER_SARAH3_LiuJordan1960
925,2,8,12,0.666229,29.5,NASA_POWER_SARAH3_LiuJordan1960
926,2,8,13,0.614859,29.287,NASA_POWER_SARAH3_LiuJordan1960
927,2,8,14,0.515619,28.658,NASA_POWER_SARAH3_LiuJordan1960
928,2,8,15,0.375273,27.646,NASA_POWER_SARAH3_LiuJordan1960
929,2,8,16,0.203385,26.3,NASA_POWER_SARAH3_LiuJordan1960
930,2,8,17,0.011669,24.688,NASA_POWER_SARAH3_LiuJordan1960
931,2,8,18,0.0,22.891,NASA_POWER_SARAH3_LiuJordan1960
932,2,8,19,0.0,21.0,NASA_POWER_SARAH3_LiuJordan1960
933,2,8,20,0.0,16.75,NASA_POWER_SARAH3_LiuJordan1960
934,2,8,21,0.0,16.75,NASA_POWER_SARAH3_LiuJordan1960
935,2,8,22,0.0,16.75,NASA_POWER_SARAH3_LiuJordan1960
936,2,8,23,0.0,16.75,NASA_POWER_SARAH3_LiuJordan1960
937,2,9,0,0.0,16.75,NASA_POWER_SARAH3_LiuJordan1960
938,2,9,1,0.0,16.75,NASA_POWER_SARAH3_LiuJordan1960
939,2,9,2,0.0,16.75,NASA_POWER_SARAH3_LiuJordan1960
940,2,9,3,0.0,16.75,NASA_POWER_SARAH3_LiuJordan1960
941,2,9,4,0.0,16.75,NASA_POWER_SARAH3_LiuJordan1960
942,2,9,5,0.0,21.0,NASA_POWER_SARAH3_LiuJordan1960
943,2,9,6,0.014319,22.891,NASA_POWER_SARAH3_LiuJordan1960
944,2,9,7,0.218053,24.688,NASA_POWER_SARAH3_LiuJordan1960
945,2,9,8,0.400716,26.3,NASA_POWER_SARAH3_LiuJordan1960
946,2,9,9,0.54986,27.646,NASA_POWER_SARAH3_LiuJordan1960
947,2,9,10,0.65532,28.658,NASA_POWER_SARAH3_LiuJordan1960
948,2,9,11,0.709911,29.287,NASA_POWER_SARAH3_LiuJordan1960
949,2,9,12,0.709911,29.5,NASA_POWER_SARAH3_LiuJordan1960
950,2,9,13,0.65532,29.287,NASA_POWER_SARAH3_LiuJordan1960
951,2,9,14,0.54986,28.658,NASA_POWER_SARAH3_LiuJordan1960
952,2,9,15,0.400716,27.646,NASA_POWER_SARAH3_LiuJordan1960
953,2,9,16,0.218053,26.3,NASA_POWER_SARAH3_LiuJordan1960
954,2,9,17,0.014319,24.688,NASA_POWER_SARAH3_LiuJordan1960
955,2,9,18,0.0,22.891,NASA_POWER_SARAH3_LiuJordan1960
956,2,9,19,0.0,21.0,NASA_POWER_SARAH3_LiuJordan1960
957,2,9,20,0.0,16.75,NASA_POWER_SARAH3_LiuJordan1960
958,2,9,21,0.0,16.75,NASA_POWER_SARAH3_LiuJordan1960
959,2,9,22,0.0,16.75,NASA_POWER_SARAH3_LiuJordan1960
960,2,9,23,0.0,16.75,NASA_POWER_SARAH3_LiuJordan1960
961,2,10,0,0.0,16.75,NASA_POWER_SARAH3_LiuJordan1960
962,2,10,1,0.0,16.75,NASA_POWER_SARAH3_LiuJordan1960
963,2,10,2,0.0,16.75,NASA_POWER_SARAH3_LiuJordan1960
964,2,10,3,0.0,16.75,NASA_POWER_SARAH3_LiuJordan1960
965,2,10,4,0.0,16.75,NASA_POWER_SARAH3_LiuJordan1960
966,2,10,5,0.0,21.0,NASA_POWER_SARAH3_LiuJordan1960
967,2,10,6,0.014969,22.891,NASA_POWER_SARAH3_LiuJordan1960
968,2,10,7,0.202516,24.688,NASA_POWER_SARAH3_LiuJordan1960
969,2,10,8,0.370665,26.3,NASA_POWER_SARAH3_LiuJordan1960
970,2,10,9,0.507959,27.646,NASA_POWER_SARAH3_LiuJordan1960
971,2,10,10,0.60504,28.658,NASA_POWER_SARAH3_LiuJordan1960
972,2,10,11,0.655293,29.287,NASA_POWER_SARAH3_LiuJordan1960
973,2,10,12,0.655293,29.5,NASA_POWER_SARAH3_LiuJordan1960
974,2,10,13,0.60504,29.287,NASA_POWER_SARAH3_LiuJordan1960
975,2,10,14,0.507959,28.658,NASA_POWER_SARAH3_LiuJordan1960
976,2,10,15,0.370665,27.646,NASA_POWER_SARAH3_LiuJordan1960
977,2,10,16,0.202516,26.3,NASA_POWER_SARAH3_LiuJordan1960
978,2,10,17,0.014969,24.688,NASA_POWER_SARAH3_LiuJordan1960
979,2,10,18,0.0,22.891,NASA_POWER_SARAH3_LiuJordan1960
980,2,10,19,0.0,21.0,NASA_POWER_SARAH3_LiuJordan1960
981,2,10,20,0.0,16.75,NASA_POWER_SARAH3_LiuJordan1960
982,2,10,21,0.0,16.75,NASA_POWER_SARAH3_LiuJordan1960
983,2,10,22,0.0,16.75,NASA_POWER_SARAH3_LiuJordan1960
984,2,10,23,0.0,16.75,NASA_POWER_SARAH3_LiuJordan1960
985,2,11,0,0.0,16.75,NASA_POWER_SARAH3_LiuJordan1960
986,2,11,1,0.0,16.75,NASA_POWER_SARAH3_LiuJordan1960
987,2,11,2,0.0,16.75,NASA_POWER_SARAH3_LiuJordan1960
988,2,11,3,0.0,16.75,NASA_POWER_SARAH3_LiuJordan1960
989,2,11,4,0.0,16.75,NASA_POWER_SARAH3_LiuJordan1960
990,2,11,5,0.0,21.0,NASA_POWER_SARAH3_LiuJordan1960
991,2,11,6,0.017276,22.891,NASA_POWER_SARAH3_LiuJordan1960
992,2,11,7,0.210406,24.688,NASA_POWER_SARAH3_LiuJordan1960
993,2,11,8,0.383562,26.3,NASA_POWER_SARAH3_LiuJordan1960
994,2,11,9,0.524943,27.646,NASA_POWER_SARAH3_LiuJordan1960
995,2,11,10,0.624915,28.658,NASA_POWER_SARAH3_LiuJordan1960
996,2,11,11,0.676664,29.287,NASA_POWER_SARAH3_LiuJordan1960
997,2,11,12,0.676664,29.5,NASA_POWER_SARAH3_LiuJordan1960
998,2,11,13,0.624915,29.287,NASA_POWER_SARAH3_LiuJordan1960
999,2,11,14,0.524943,28.658,NASA_POWER_SARAH3_LiuJordan1960
1000,2,11,15,0.383562,27.646,NASA_POWER_SARAH3_LiuJordan1960
1001,2,11,16,0.210406,26.3,NASA_POWER_SARAH3_LiuJordan1960
1002,2,11,17,0.017276,24.688,NASA_POWER_SARAH3_LiuJordan1960
1003,2,11,18,0.0,22.891,NASA_POWER_SARAH3_LiuJordan1960
1004,2,11,19,0.0,21.0,NASA_POWER_SARAH3_LiuJordan1960
1005,2,11,20,0.0,16.75,NASA_POWER_SARAH3_LiuJordan1960
1006,2,11,21,0.0,16.75,NASA_POWER_SARAH3_LiuJordan1960
1007,2,11,22,0.0,16.75,NASA_POWER_SARAH3_LiuJordan1960
1008,2,11,23,0.0,16.75,NASA_POWER_SARAH3_LiuJordan1960
1009,2,12,0,0.0,16.75,NASA_POWER_SARAH3_LiuJordan1960
1010,2,12,1,0.0,16.75,NASA_POWER_SARAH3_LiuJordan1960
1011,2,12,2,0.0,16.75,NASA_POWER_SARAH3_LiuJordan1960
1012,2,12,3,0.0,16.75,NASA_POWER_SARAH3_LiuJordan1960
1013,2,12,4,0.0,16.75,NASA_POWER_SARAH3_LiuJordan1960
1014,2,12,5,0.0,21.0,NASA_POWER_SARAH3_LiuJordan1960
1015,2,12,6,0.016849,22.891,NASA_POWER_SARAH3_LiuJordan1960
1016,2,12,7,0.1867,24.688,NASA_POWER_SARAH3_LiuJordan1960
1017,2,12,8,0.338985,26.3,NASA_POWER_SARAH3_LiuJordan1960
1018,2,12,9,0.463325,27.646,NASA_POWER_SARAH3_LiuJordan1960
1019,2,12,10,0.551247,28.658,NASA_POWER_SARAH3_LiuJordan1960
1020,2,12,11,0.596759,29.287,NASA_POWER_SARAH3_LiuJordan1960
1021,2,12,12,0.596759,29.5,NASA_POWER_SARAH3_LiuJordan1960
1022,2,12,13,0.551247,29.287,NASA_POWER_SARAH3_LiuJordan1960
1023,2,12,14,0.463325,28.658,NASA_POWER_SARAH3_LiuJordan1960
1024,2,12,15,0.338985,27.646,NASA_POWER_SARAH3_LiuJordan1960
1025,2,12,16,0.1867,26.3,NASA_POWER_SARAH3_LiuJordan1960
1026,2,12,17,0.016849,24.688,NASA_POWER_SARAH3_LiuJordan1960
1027,2,12,18,0.0,22.891,NASA_POWER_SARAH3_LiuJordan1960
1028,2,12,19,0.0,21.0,NASA_POWER_SARAH3_LiuJordan1960
1029,2,12,20,0.0,16.75,NASA_POWER_SARAH3_LiuJordan1960
1030,2,12,21,0.0,16.75,NASA_POWER_SARAH3_LiuJordan1960
1031,2,12,22,0.0,16.75,NASA_POWER_SARAH3_LiuJordan1960
1032,2,12,23,0.0,16.75,NASA_POWER_SARAH3_LiuJordan1960
1033,2,13,0,0.0,16.75,NASA_POWER_SARAH3_LiuJordan1960
1034,2,13,1,0.0,16.75,NASA_POWER_SARAH3_LiuJordan1960
1035,2,13,2,0.0,16.75,NASA_POWER_SARAH3_LiuJordan1960
1036,2,13,3,0.0,16.75,NASA_POWER_SARAH3_LiuJordan1960
1037,2,13,4,0.0,16.75,NASA_POWER_SARAH3_LiuJordan1960
1038,2,13,5,0.0,21.0,NASA_POWER_SARAH3_LiuJordan1960
1039,2,13,6,0.020792,22.891,NASA_POWER_SARAH3_LiuJordan1960
1040,2,13,7,0.211474,24.688,NASA_POWER_SARAH3_LiuJordan1960
1041,2,13,8,0.382435,26.3,NASA_POWER_SARAH3_LiuJordan1960
1042,2,13,9,0.522024,27.646,NASA_POWER_SARAH3_LiuJordan1960
1043,2,13,10,0.620728,28.658,NASA_POWER_SARAH3_LiuJordan1960
1044,2,13,11,0.671821,29.287,NASA_POWER_SARAH3_LiuJordan1960
1045,2,13,12,0.671821,29.5,NASA_POWER_SARAH3_LiuJordan1960
1046,2,13,13,0.620728,29.287,NASA_POWER_SARAH3_LiuJordan1960
1047,2,13,14,0.522024,28.658,NASA_POWER_SARAH3_LiuJordan1960
1048,2,13,15,0.382435,27.646,NASA_POWER_SARAH3_LiuJordan1960
1049,2,13,16,0.211474,26.3,NASA_POWER_SARAH3_LiuJordan1960
1050,2,13,17,0.020792,24.688,NASA_POWER_SARAH3_LiuJordan1960
1051,2,13,18,0.0,22.891,NASA_POWER_SARAH3_LiuJordan1960
1052,2,13,19,0.0,21.0,NASA_POWER_SARAH3_LiuJordan1960
1053,2,13,20,0.0,16.75,NASA_POWER_SARAH3_LiuJordan1960
1054,2,13,21,0.0,16.75,NASA_POWER_SARAH3_LiuJordan1960
1055,2,13,22,0.0,16.75,NASA_POWER_SARAH3_LiuJordan1960
1056,2,13,23,0.0,16.75,NASA_POWER_SARAH3_LiuJordan1960
1057,2,14,0,0.0,16.75,NASA_POWER_SARAH3_LiuJordan1960
1058,2,14,1,0.0,16.75,NASA_POWER_SARAH3_LiuJordan1960
1059,2,14,2,0.0,16.75,NASA_POWER_SARAH3_LiuJordan1960
1060,2,14,3,0.0,16.75,NASA_POWER_SARAH3_LiuJordan1960
1061,2,14,4,0.0,16.75,NASA_POWER_SARAH3_LiuJordan1960
1062,2,14,5,0.0,21.0,NASA_POWER_SARAH3_LiuJordan1960
1063,2,14,6,0.022231,22.891,NASA_POWER_SARAH3_LiuJordan1960
1064,2,14,7,0.209076,24.688,NASA_POWER_SARAH3_LiuJordan1960
1065,2,14,8,0.376597,26.3,NASA_POWER_SARAH3_LiuJordan1960
1066,2,14,9,0.513377,27.646,NASA_POWER_SARAH3_LiuJordan1960
1067,2,14,10,0.610095,28.658,NASA_POWER_SARAH3_LiuJordan1960
1068,2,14,11,0.66016,29.287,NASA_POWER_SARAH3_LiuJordan1960
1069,2,14,12,0.66016,29.5,NASA_POWER_SARAH3_LiuJordan1960
1070,2,14,13,0.610095,29.287,NASA_POWER_SARAH3_LiuJordan1960
1071,2,14,14,0.513377,28.658,NASA_POWER_SARAH3_LiuJordan1960
1072,2,14,15,0.376597,27.646,NASA_POWER_SARAH3_LiuJordan1960
1073,2,14,16,0.209076,26.3,NASA_POWER_SARAH3_LiuJordan1960
1074,2,14,17,0.022231,24.688,NASA_POWER_SARAH3_LiuJordan1960
1075,2,14,18,0.0,22.891,NASA_POWER_SARAH3_LiuJordan1960
1076,2,14,19,0.0,21.0,NASA_POWER_SARAH3_LiuJordan1960
1077,2,14,20,0.0,16.75,NASA_POWER_SARAH3_LiuJordan1960
1078,2,14,21,0.0,16.75,NASA_POWER_SARAH3_LiuJordan1960
1079,2,14,22,0.0,16.75,NASA_POWER_SARAH3_LiuJordan1960
1080,2,14,23,0.0,16.75,NASA_POWER_SARAH3_LiuJordan1960
1081,2,15,0,0.0,16.75,NASA_POWER_SARAH3_LiuJordan1960
1082,2,15,1,0.0,16.75,NASA_POWER_SARAH3_LiuJordan1960
1083,2,15,2,0.0,16.75,NASA_POWER_SARAH3_LiuJordan1960
1084,2,15,3,0.0,16.75,NASA_POWER_SARAH3_LiuJordan1960
1085,2,15,4,0.0,16.75,NASA_POWER_SARAH3_LiuJordan1960
1086,2,15,5,0.0,21.0,NASA_POWER_SARAH3_LiuJordan1960
1087,2,15,6,0.025925,22.891,NASA_POWER_SARAH3_LiuJordan1960
1088,2,15,7,0.226864,24.688,NASA_POWER_SARAH3_LiuJordan1960
1089,2,15,8,0.407021,26.3,NASA_POWER_SARAH3_LiuJordan1960
1090,2,15,9,0.554118,27.646,NASA_POWER_SARAH3_LiuJordan1960
1091,2,15,10,0.658131,28.658,NASA_POWER_SARAH3_LiuJordan1960
1092,2,15,11,0.711973,29.287,NASA_POWER_SARAH3_LiuJordan1960
1093,2,15,12,0.711973,29.5,NASA_POWER_SARAH3_LiuJordan1960
1094,2,15,13,0.658131,29.287,NASA_POWER_SARAH3_LiuJordan1960
1095,2,15,14,0.554118,28.658,NASA_POWER_SARAH3_LiuJordan1960
1096,2,15,15,0.407021,27.646,NASA_POWER_SARAH3_LiuJordan1960
1097,2,15,16,0.226864,26.3,NASA_POWER_SARAH3_LiuJordan1960
1098,2,15,17,0.025925,24.688,NASA_POWER_SARAH3_LiuJordan1960
1099,2,15,18,0.0,22.891,NASA_POWER_SARAH3_LiuJordan1960
1100,2,15,19,0.0,21.0,NASA_POWER_SARAH3_LiuJordan1960
1101,2,15,20,0.0,16.75,NASA_POWER_SARAH3_LiuJordan1960
1102,2,15,21,0.0,16.75,NASA_POWER_SARAH3_LiuJordan1960
1103,2,15,22,0.0,16.75,NASA_POWER_SARAH3_LiuJordan1960
1104,2,15,23,0.0,16.75,NASA_POWER_SARAH3_LiuJordan1960
1105,2,16,0,0.0,16.75,NASA_POWER_SARAH3_LiuJordan1960
1106,2,16,1,0.0,16.75,NASA_POWER_SARAH3_LiuJordan1960
1107,2,16,2,0.0,16.75,NASA_POWER_SARAH3_LiuJordan1960
1108,2,16,3,0.0,16.75,NASA_POWER_SARAH3_LiuJordan1960
1109,2,16,4,0.0,16.75,NASA_POWER_SARAH3_LiuJordan1960
1110,2,16,5,0.0,21.0,NASA_POWER_SARAH3_LiuJordan1960
1111,2,16,6,0.023628,22.891,NASA_POWER_SARAH3_LiuJordan1960
1112,2,16,7,0.193431,24.688,NASA_POWER_SARAH3_LiuJordan1960
1113,2,16,8,0.345672,26.3,NASA_POWER_SARAH3_LiuJordan1960
1114,2,16,9,0.469976,27.646,NASA_POWER_SARAH3_LiuJordan1960
1115,2,16,10,0.557873,28.658,NASA_POWER_SARAH3_LiuJordan1960
1116,2,16,11,0.603371,29.287,NASA_POWER_SARAH3_LiuJordan1960
1117,2,16,12,0.603371,29.5,NASA_POWER_SARAH3_LiuJordan1960
1118,2,16,13,0.557873,29.287,NASA_POWER_SARAH3_LiuJordan1960
1119,2,16,14,0.469976,28.658,NASA_POWER_SARAH3_LiuJordan1960
1120,2,16,15,0.345672,27.646,NASA_POWER_SARAH3_LiuJordan1960
1121,2,16,16,0.193431,26.3,NASA_POWER_SARAH3_LiuJordan1960
1122,2,16,17,0.023628,24.688,NASA_POWER_SARAH3_LiuJordan1960
1123,2,16,18,0.0,22.891,NASA_POWER_SARAH3_LiuJordan1960
1124,2,16,19,0.0,21.0,NASA_POWER_SARAH3_LiuJordan1960
1125,2,16,20,0.0,16.75,NASA_POWER_SARAH3_LiuJordan1960
1126,2,16,21,0.0,16.75,NASA_POWER_SARAH3_LiuJordan1960
1127,2,16,22,0.0,16.75,NASA_POWER_SARAH3_LiuJordan1960
1128,2,16,23,0.0,16.75,NASA_POWER_SARAH3_LiuJordan1960
1129,2,17,0,0.0,16.75,NASA_POWER_SARAH3_LiuJordan1960
1130,2,17,1,0.0,16.75,NASA_POWER_SARAH3_LiuJordan1960
1131,2,17,2,0.0,16.75,NASA_POWER_SARAH3_LiuJordan1960
1132,2,17,3,0.0,16.75,NASA_POWER_SARAH3_LiuJordan1960
1133,2,17,4,0.0,16.75,NASA_POWER_SARAH3_LiuJordan1960
1134,2,17,5,0.0,21.0,NASA_POWER_SARAH3_LiuJordan1960
1135,2,17,6,0.029236,22.891,NASA_POWER_SARAH3_LiuJordan1960
1136,2,17,7,0.224964,24.688,NASA_POWER_SARAH3_LiuJordan1960
1137,2,17,8,0.400449,26.3,NASA_POWER_SARAH3_LiuJordan1960
1138,2,17,9,0.543732,27.646,NASA_POWER_SARAH3_LiuJordan1960
1139,2,17,10,0.645048,28.658,NASA_POWER_SARAH3_LiuJordan1960
1140,2,17,11,0.697493,29.287,NASA_POWER_SARAH3_LiuJordan1960
1141,2,17,12,0.697493,29.5,NASA_POWER_SARAH3_LiuJordan1960
1142,2,17,13,0.645048,29.287,NASA_POWER_SARAH3_LiuJordan1960
1143,2,17,14,0.543732,28.658,NASA_POWER_SARAH3_LiuJordan1960
1144,2,17,15,0.400449,27.646,NASA_POWER_SARAH3_LiuJordan1960
1145,2,17,16,0.224964,26.3,NASA_POWER_SARAH3_LiuJordan1960
1146,2,17,17,0.029236,24.688,NASA_POWER_SARAH3_LiuJordan1960
1147,2,17,18,0.0,22.891,NASA_POWER_SARAH3_LiuJordan1960
1148,2,17,19,0.0,21.0,NASA_POWER_SARAH3_LiuJordan1960
1149,2,17,20,0.0,16.75,NASA_POWER_SARAH3_LiuJordan1960
1150,2,17,21,0.0,16.75,NASA_POWER_SARAH3_LiuJordan1960
1151,2,17,22,0.0,16.75,NASA_POWER_SARAH3_LiuJordan1960
1152,2,17,23,0.0,16.75,NASA_POWER_SARAH3_LiuJordan1960
1153,2,18,0,0.0,16.75,NASA_POWER_SARAH3_LiuJordan1960
1154,2,18,1,0.0,16.75,NASA_POWER_SARAH3_LiuJordan1960
1155,2,18,2,0.0,16.75,NASA_POWER_SARAH3_LiuJordan1960
1156,2,18,3,0.0,16.75,NASA_POWER_SARAH3_LiuJordan1960
1157,2,18,4,0.0,16.75,NASA_POWER_SARAH3_LiuJordan1960
1158,2,18,5,0.0,21.0,NASA_POWER_SARAH3_LiuJordan1960
1159,2,18,6,0.031081,22.891,NASA_POWER_SARAH3_LiuJordan1960
1160,2,18,7,0.225734,24.688,NASA_POWER_SARAH3_LiuJordan1960
1161,2,18,8,0.400256,26.3,NASA_POWER_SARAH3_LiuJordan1960
1162,2,18,9,0.542753,27.646,NASA_POWER_SARAH3_LiuJordan1960
1163,2,18,10,0.643513,28.658,NASA_POWER_SARAH3_LiuJordan1960
1164,2,18,11,0.69567,29.287,NASA_POWER_SARAH3_LiuJordan1960
1165,2,18,12,0.69567,29.5,NASA_POWER_SARAH3_LiuJordan1960
1166,2,18,13,0.643513,29.287,NASA_POWER_SARAH3_LiuJordan1960
1167,2,18,14,0.542753,28.658,NASA_POWER_SARAH3_LiuJordan1960
1168,2,18,15,0.400256,27.646,NASA_POWER_SARAH3_LiuJordan1960
1169,2,18,16,0.225734,26.3,NASA_POWER_SARAH3_LiuJordan1960
1170,2,18,17,0.031081,24.688,NASA_POWER_SARAH3_LiuJordan1960
1171,2,18,18,0.0,22.891,NASA_POWER_SARAH3_LiuJordan1960
1172,2,18,19,0.0,21.0,NASA_POWER_SARAH3_LiuJordan1960
1173,2,18,20,0.0,16.75,NASA_POWER_SARAH3_LiuJordan1960
1174,2,18,21,0.0,16.75,NASA_POWER_SARAH3_LiuJordan1960
1175,2,18,22,0.0,16.75,NASA_POWER_SARAH3_LiuJordan1960
1176,2,18,23,0.0,16.75,NASA_POWER_SARAH3_LiuJordan1960
1177,2,19,0,0.0,16.75,NASA_POWER_SARAH3_LiuJordan1960
1178,2,19,1,0.0,16.75,NASA_POWER_SARAH3_LiuJordan1960
1179,2,19,2,0.0,16.75,NASA_POWER_SARAH3_LiuJordan1960
1180,2,19,3,0.0,16.75,NASA_POWER_SARAH3_LiuJordan1960
1181,2,19,4,0.0,16.75,NASA_POWER_SARAH3_LiuJordan1960
1182,2,19,5,0.0,21.0,NASA_POWER_SARAH3_LiuJordan1960
1183,2,19,6,0.031601,22.891,NASA_POWER_SARAH3_LiuJordan1960
1184,2,19,7,0.217428,24.688,NASA_POWER_SARAH3_LiuJordan1960
1185,2,19,8,0.384035,26.3,NASA_POWER_SARAH3_LiuJordan1960
1186,2,19,9,0.52007,27.646,NASA_POWER_SARAH3_LiuJordan1960
1187,2,19,10,0.61626,28.658,NASA_POWER_SARAH3_LiuJordan1960
1188,2,19,11,0.666053,29.287,NASA_POWER_SARAH3_LiuJordan1960
1189,2,19,12,0.666053,29.5,NASA_POWER_SARAH3_LiuJordan1960
1190,2,19,13,0.61626,29.287,NASA_POWER_SARAH3_LiuJordan1960
1191,2,19,14,0.52007,28.658,NASA_POWER_SARAH3_LiuJordan1960
1192,2,19,15,0.384035,27.646,NASA_POWER_SARAH3_LiuJordan1960
1193,2,19,16,0.217428,26.3,NASA_POWER_SARAH3_LiuJordan1960
1194,2,19,17,0.031601,24.688,NASA_POWER_SARAH3_LiuJordan1960
1195,2,19,18,0.0,22.891,NASA_POWER_SARAH3_LiuJordan1960
1196,2,19,19,0.0,21.0,NASA_POWER_SARAH3_LiuJordan1960
1197,2,19,20,0.0,16.75,NASA_POWER_SARAH3_LiuJordan1960
1198,2,19,21,0.0,16.75,NASA_POWER_SARAH3_LiuJordan1960
1199,2,19,22,0.0,16.75,NASA_POWER_SARAH3_LiuJordan1960
1200,2,19,23,0.0,16.75,NASA_POWER_SARAH3_LiuJordan1960
1201,2,20,0,0.0,16.75,NASA_POWER_SARAH3_LiuJordan1960
1202,2,20,1,0.0,16.75,NASA_POWER_SARAH3_LiuJordan1960
1203,2,20,2,0.0,16.75,NASA_POWER_SARAH3_LiuJordan1960
1204,2,20,3,0.0,16.75,NASA_POWER_SARAH3_LiuJordan1960
1205,2,20,4,0.0,16.75,NASA_POWER_SARAH3_LiuJordan1960
1206,2,20,5,0.0,21.0,NASA_POWER_SARAH3_LiuJordan1960
1207,2,20,6,0.032139,22.891,NASA_POWER_SARAH3_LiuJordan1960
1208,2,20,7,0.210175,24.688,NASA_POWER_SARAH3_LiuJordan1960
1209,2,20,8,0.369797,26.3,NASA_POWER_SARAH3_LiuJordan1960
1210,2,20,9,0.500128,27.646,NASA_POWER_SARAH3_LiuJordan1960
1211,2,20,10,0.592286,28.658,NASA_POWER_SARAH3_LiuJordan1960
1212,2,20,11,0.63999,29.287,NASA_POWER_SARAH3_LiuJordan1960
1213,2,20,12,0.63999,29.5,NASA_POWER_SARAH3_LiuJordan1960
1214,2,20,13,0.592286,29.287,NASA_POWER_SARAH3_LiuJordan1960
1215,2,20,14,0.500128,28.658,NASA_POWER_SARAH3_LiuJordan1960
1216,2,20,15,0.369797,27.646,NASA_POWER_SARAH3_LiuJordan1960
1217,2,20,16,0.210175,26.3,NASA_POWER_SARAH3_LiuJordan1960
1218,2,20,17,0.032139,24.688,NASA_POWER_SARAH3_LiuJordan1960
1219,2,20,18,0.0,22.891,NASA_POWER_SARAH3_LiuJordan1960
1220,2,20,19,0.0,21.0,NASA_POWER_SARAH3_LiuJordan1960
1221,2,20,20,0.0,16.75,NASA_POWER_SARAH3_LiuJordan1960
1222,2,20,21,0.0,16.75,NASA_POWER_SARAH3_LiuJordan1960
1223,2,20,22,0.0,16.75,NASA_POWER_SARAH3_LiuJordan1960
1224,2,20,23,0.0,16.75,NASA_POWER_SARAH3_LiuJordan1960
1225,2,21,0,0.0,16.75,NASA_POWER_SARAH3_LiuJordan1960
1226,2,21,1,0.0,16.75,NASA_POWER_SARAH3_LiuJordan1960
1227,2,21,2,0.0,16.75,NASA_POWER_SARAH3_LiuJordan1960
1228,2,21,3,0.0,16.75,NASA_POWER_SARAH3_LiuJordan1960
1229,2,21,4,0.0,16.75,NASA_POWER_SARAH3_LiuJordan1960
1230,2,21,5,0.0,21.0,NASA_POWER_SARAH3_LiuJordan1960
1231,2,21,6,0.037994,22.891,NASA_POWER_SARAH3_LiuJordan1960
1232,2,21,7,0.236846,24.688,NASA_POWER_SARAH3_LiuJordan1960
1233,2,21,8,0.415133,26.3,NASA_POWER_SARAH3_LiuJordan1960
1234,2,21,9,0.560704,27.646,NASA_POWER_SARAH3_LiuJordan1960
1235,2,21,10,0.663637,28.658,NASA_POWER_SARAH3_LiuJordan1960
1236,2,21,11,0.71692,29.287,NASA_POWER_SARAH3_LiuJordan1960
1237,2,21,12,0.71692,29.5,NASA_POWER_SARAH3_LiuJordan1960
1238,2,21,13,0.663637,29.287,NASA_POWER_SARAH3_LiuJordan1960
1239,2,21,14,0.560704,28.658,NASA_POWER_SARAH3_LiuJordan1960
1240,2,21,15,0.415133,27.646,NASA_POWER_SARAH3_LiuJordan1960
1241,2,21,16,0.236846,26.3,NASA_POWER_SARAH3_LiuJordan1960
1242,2,21,17,0.037994,24.688,NASA_POWER_SARAH3_LiuJordan1960
1243,2,21,18,0.0,22.891,NASA_POWER_SARAH3_LiuJordan1960
1244,2,21,19,0.0,21.0,NASA_POWER_SARAH3_LiuJordan1960
1245,2,21,20,0.0,16.75,NASA_POWER_SARAH3_LiuJordan1960
1246,2,21,21,0.0,16.75,NASA_POWER_SARAH3_LiuJordan1960
1247,2,21,22,0.0,16.75,NASA_POWER_SARAH3_LiuJordan1960
1248,2,21,23,0.0,16.75,NASA_POWER_SARAH3_LiuJordan1960
1249,2,22,0,0.0,16.75,NASA_POWER_SARAH3_LiuJordan1960
1250,2,22,1,0.0,16.75,NASA_POWER_SARAH3_LiuJordan1960
1251,2,22,2,0.0,16.75,NASA_POWER_SARAH3_LiuJordan1960
1252,2,22,3,0.0,16.75,NASA_POWER_SARAH3_LiuJordan1960
1253,2,22,4,0.0,16.75,NASA_POWER_SARAH3_LiuJordan1960
1254,2,22,5,0.0,21.0,NASA_POWER_SARAH3_LiuJordan1960
1255,2,22,6,0.036577,22.891,NASA_POWER_SARAH3_LiuJordan1960
1256,2,22,7,0.217942,24.688,NASA_POWER_SARAH3_LiuJordan1960
1257,2,22,8,0.380549,26.3,NASA_POWER_SARAH3_LiuJordan1960
1258,2,22,9,0.513317,27.646,NASA_POWER_SARAH3_LiuJordan1960
1259,2,22,10,0.607199,28.658,NASA_POWER_SARAH3_LiuJordan1960
1260,2,22,11,0.655795,29.287,NASA_POWER_SARAH3_LiuJordan1960
1261,2,22,12,0.655795,29.5,NASA_POWER_SARAH3_LiuJordan1960
1262,2,22,13,0.607199,29.287,NASA_POWER_SARAH3_LiuJordan1960
1263,2,22,14,0.513317,28.658,NASA_POWER_SARAH3_LiuJordan1960
1264,2,22,15,0.380549,27.646,NASA_POWER_SARAH3_LiuJordan1960
1265,2,22,16,0.217942,26.3,NASA_POWER_SARAH3_LiuJordan1960
1266,2,22,17,0.036577,24.688,NASA_POWER_SARAH3_LiuJordan1960
1267,2,22,18,0.0,22.891,NASA_POWER_SARAH3_LiuJordan1960
1268,2,22,19,0.0,21.0,NASA_POWER_SARAH3_LiuJordan1960
1269,2,22,20,0.0,16.75,NASA_POWER_SARAH3_LiuJordan1960
1270,2,22,21,0.0,16.75,NASA_POWER_SARAH3_LiuJordan1960
1271,2,22,22,0.0,16.75,NASA_POWER_SARAH3_LiuJordan1960
1272,2,22,23,0.0,16.75,NASA_POWER_SARAH3_LiuJordan1960
1273,2,23,0,0.0,16.75,NASA_POWER_SARAH3_LiuJordan1960
1274,2,23,1,0.0,16.75,NASA_POWER_SARAH3_LiuJordan1960
1275,2,23,2,0.0,16.75,NASA_POWER_SARAH3_LiuJordan1960
1276,2,23,3,0.0,16.75,NASA_POWER_SARAH3_LiuJordan1960
1277,2,23,4,0.0,16.75,NASA_POWER_SARAH3_LiuJordan1960
1278,2,23,5,0.0,21.0,NASA_POWER_SARAH3_LiuJordan1960
1279,2,23,6,0.031209,22.891,NASA_POWER_SARAH3_LiuJordan1960
1280,2,23,7,0.17817,24.688,NASA_POWER_SARAH3_LiuJordan1960
1281,2,23,8,0.309932,26.3,NASA_POWER_SARAH3_LiuJordan1960
1282,2,23,9,0.417515,27.646,NASA_POWER_SARAH3_LiuJordan1960
1283,2,23,10,0.493588,28.658,NASA_POWER_SARAH3_LiuJordan1960
1284,2,23,11,0.532966,29.287,NASA_POWER_SARAH3_LiuJordan1960
1285,2,23,12,0.532966,29.5,NASA_POWER_SARAH3_LiuJordan1960
1286,2,23,13,0.493588,29.287,NASA_POWER_SARAH3_LiuJordan1960
1287,2,23,14,0.417515,28.658,NASA_POWER_SARAH3_LiuJordan1960
1288,2,23,15,0.309932,27.646,NASA_POWER_SARAH3_LiuJordan1960
1289,2,23,16,0.17817,26.3,NASA_POWER_SARAH3_LiuJordan1960
1290,2,23,17,0.031209,24.688,NASA_POWER_SARAH3_LiuJordan1960
1291,2,23,18,0.0,22.891,NASA_POWER_SARAH3_LiuJordan1960
1292,2,23,19,0.0,21.0,NASA_POWER_SARAH3_LiuJordan1960
1293,2,23,20,0.0,16.75,NASA_POWER_SARAH3_LiuJordan1960
1294,2,23,21,0.0,16.75,NASA_POWER_SARAH3_LiuJordan1960
1295,2,23,22,0.0,16.75,NASA_POWER_SARAH3_LiuJordan1960
1296,2,23,23,0.0,16.75,NASA_POWER_SARAH3_LiuJordan1960
1297,2,24,0,0.0,16.75,NASA_POWER_SARAH3_LiuJordan1960
1298,2,24,1,0.0,16.75,NASA_POWER_SARAH3_LiuJordan1960
1299,2,24,2,0.0,16.75,NASA_POWER_SARAH3_LiuJordan1960
1300,2,24,3,0.0,16.75,NASA_POWER_SARAH3_LiuJordan1960
1301,2,24,4,0.0,16.75,NASA_POWER_SARAH3_LiuJordan1960
1302,2,24,5,0.0,21.0,NASA_POWER_SARAH3_LiuJordan1960
1303,2,24,6,0.042313,22.891,NASA_POWER_SARAH3_LiuJordan1960
1304,2,24,7,0.231962,24.688,NASA_POWER_SARAH3_LiuJordan1960
1305,2,24,8,0.401995,26.3,NASA_POWER_SARAH3_LiuJordan1960
1306,2,24,9,0.540827,27.646,NASA_POWER_SARAH3_LiuJordan1960
1307,2,24,10,0.638996,28.658,NASA_POWER_SARAH3_LiuJordan1960
1308,2,24,11,0.689812,29.287,NASA_POWER_SARAH3_LiuJordan1960
1309,2,24,12,0.689812,29.5,NASA_POWER_SARAH3_LiuJordan1960
1310,2,24,13,0.638996,29.287,NASA_POWER_SARAH3_LiuJordan1960
1311,2,24,14,0.540827,28.658,NASA_POWER_SARAH3_LiuJordan1960
1312,2,24,15,0.401995,27.646,NASA_POWER_SARAH3_LiuJordan1960
1313,2,24,16,0.231962,26.3,NASA_POWER_SARAH3_LiuJordan1960
1314,2,24,17,0.042313,24.688,NASA_POWER_SARAH3_LiuJordan1960
1315,2,24,18,0.0,22.891,NASA_POWER_SARAH3_LiuJordan1960
1316,2,24,19,0.0,21.0,NASA_POWER_SARAH3_LiuJordan1960
1317,2,24,20,0.0,16.75,NASA_POWER_SARAH3_LiuJordan1960
1318,2,24,21,0.0,16.75,NASA_POWER_SARAH3_LiuJordan1960
1319,2,24,22,0.0,16.75,NASA_POWER_SARAH3_LiuJordan1960
1320,2,24,23,0.0,16.75,NASA_POWER_SARAH3_LiuJordan1960
1321,2,25,0,0.0,16.75,NASA_POWER_SARAH3_LiuJordan1960
1322,2,25,1,0.0,16.75,NASA_POWER_SARAH3_LiuJordan1960
1323,2,25,2,0.0,16.75,NASA_POWER_SARAH3_LiuJordan1960
1324,2,25,3,0.0,16.75,NASA_POWER_SARAH3_LiuJordan1960
1325,2,25,4,0.0,16.75,NASA_POWER_SARAH3_LiuJordan1960
1326,2,25,5,0.0,21.0,NASA_POWER_SARAH3_LiuJordan1960
1327,2,25,6,0.041554,22.891,NASA_POWER_SARAH3_LiuJordan1960
1328,2,25,7,0.219188,24.688,NASA_POWER_SARAH3_LiuJordan1960
1329,2,25,8,0.378449,26.3,NASA_POWER_SARAH3_LiuJordan1960
1330,2,25,9,0.508486,27.646,NASA_POWER_SARAH3_LiuJordan1960
1331,2,25,10,0.600436,28.658,NASA_POWER_SARAH3_LiuJordan1960
1332,2,25,11,0.648033,29.287,NASA_POWER_SARAH3_LiuJordan1960
1333,2,25,12,0.648033,29.5,NASA_POWER_SARAH3_LiuJordan1960
1334,2,25,13,0.600436,29.287,NASA_POWER_SARAH3_LiuJordan1960
1335,2,25,14,0.508486,28.658,NASA_POWER_SARAH3_LiuJordan1960
1336,2,25,15,0.378449,27.646,NASA_POWER_SARAH3_LiuJordan1960
1337,2,25,16,0.219188,26.3,NASA_POWER_SARAH3_LiuJordan1960
1338,2,25,17,0.041554,24.688,NASA_POWER_SARAH3_LiuJordan1960
1339,2,25,18,0.0,22.891,NASA_POWER_SARAH3_LiuJordan1960
1340,2,25,19,0.0,21.0,NASA_POWER_SARAH3_LiuJordan1960
1341,2,25,20,0.0,16.75,NASA_POWER_SARAH3_LiuJordan1960
1342,2,25,21,0.0,16.75,NASA_POWER_SARAH3_LiuJordan1960
1343,2,25,22,0.0,16.75,NASA_POWER_SARAH3_LiuJordan1960
1344,2,25,23,0.0,16.75,NASA_POWER_SARAH3_LiuJordan1960
1345,2,26,0,0.0,16.75,NASA_POWER_SARAH3_LiuJordan1960
1346,2,26,1,0.0,16.75,NASA_POWER_SARAH3_LiuJordan1960
1347,2,26,2,0.0,16.75,NASA_POWER_SARAH3_LiuJordan1960
1348,2,26,3,0.0,16.75,NASA_POWER_SARAH3_LiuJordan1960
1349,2,26,4,0.0,16.75,NASA_POWER_SARAH3_LiuJordan1960
1350,2,26,5,0.0,21.0,NASA_POWER_SARAH3_LiuJordan1960
1351,2,26,6,0.047578,22.891,NASA_POWER_SARAH3_LiuJordan1960
1352,2,26,7,0.241926,24.688,NASA_POWER_SARAH3_LiuJordan1960
1353,2,26,8,0.416173,26.3,NASA_POWER_SARAH3_LiuJordan1960
1354,2,26,9,0.558445,27.646,NASA_POWER_SARAH3_LiuJordan1960
1355,2,26,10,0.659046,28.658,NASA_POWER_SARAH3_LiuJordan1960
1356,2,26,11,0.711121,29.287,NASA_POWER_SARAH3_LiuJordan1960
1357,2,26,12,0.711121,29.5,NASA_POWER_SARAH3_LiuJordan1960
1358,2,26,13,0.659046,29.287,NASA_POWER_SARAH3_LiuJordan1960
1359,2,26,14,0.558445,28.658,NASA_POWER_SARAH3_LiuJordan1960
1360,2,26,15,0.416173,27.646,NASA_POWER_SARAH3_LiuJordan1960
1361,2,26,16,0.241926,26.3,NASA_POWER_SARAH3_LiuJordan1960
1362,2,26,17,0.047578,24.688,NASA_POWER_SARAH3_LiuJordan1960
1363,2,26,18,0.0,22.891,NASA_POWER_SARAH3_LiuJordan1960
1364,2,26,19,0.0,21.0,NASA_POWER_SARAH3_LiuJordan1960
1365,2,26,20,0.0,16.75,NASA_POWER_SARAH3_LiuJordan1960
1366,2,26,21,0.0,16.75,NASA_POWER_SARAH3_LiuJordan1960
1367,2,26,22,0.0,16.75,NASA_POWER_SARAH3_LiuJordan1960
1368,2,26,23,0.0,16.75,NASA_POWER_SARAH3_LiuJordan1960
1369,2,27,0,0.0,16.75,NASA_POWER_SARAH3_LiuJordan1960
1370,2,27,1,0.0,16.75,NASA_POWER_SARAH3_LiuJordan1960
1371,2,27,2,0.0,16.75,NASA_POWER_SARAH3_LiuJordan1960
1372,2,27,3,0.0,16.75,NASA_POWER_SARAH3_LiuJordan1960
1373,2,27,4,0.0,16.75,NASA_POWER_SARAH3_LiuJordan1960
1374,2,27,5,0.0,21.0,NASA_POWER_SARAH3_LiuJordan1960
1375,2,27,6,0.04627,22.891,NASA_POWER_SARAH3_LiuJordan1960
1376,2,27,7,0.227189,24.688,NASA_POWER_SARAH3_LiuJordan1960
1377,2,27,8,0.389397,26.3,NASA_POWER_SARAH3_LiuJordan1960
1378,2,27,9,0.52184,27.646,NASA_POWER_SARAH3_LiuJordan1960
1379,2,27,10,0.61549,28.658,NASA_POWER_SARAH3_LiuJordan1960
1380,2,27,11,0.663968,29.287,NASA_POWER_SARAH3_LiuJordan1960
1381,2,27,12,0.663968,29.5,NASA_POWER_SARAH3_LiuJordan1960
1382,2,27,13,0.61549,29.287,NASA_POWER_SARAH3_LiuJordan1960
1383,2,27,14,0.52184,28.658,NASA_POWER_SARAH3_LiuJordan1960
1384,2,27,15,0.389397,27.646,NASA_POWER_SARAH3_LiuJordan1960
1385,2,27,16,0.227189,26.3,NASA_POWER_SARAH3_LiuJordan1960
1386,2,27,17,0.04627,24.688,NASA_POWER_SARAH3_LiuJordan1960
1387,2,27,18,0.0,22.891,NASA_POWER_SARAH3_LiuJordan1960
1388,2,27,19,0.0,21.0,NASA_POWER_SARAH3_LiuJordan1960
1389,2,27,20,0.0,16.75,NASA_POWER_SARAH3_LiuJordan1960
1390,2,27,21,0.0,16.75,NASA_POWER_SARAH3_LiuJordan1960
1391,2,27,22,0.0,16.75,NASA_POWER_SARAH3_LiuJordan1960
1392,2,27,23,0.0,16.75,NASA_POWER_SARAH3_LiuJordan1960
1393,2,28,0,0.0,16.75,NASA_POWER_SARAH3_LiuJordan1960
1394,2,28,1,0.0,16.75,NASA_POWER_SARAH3_LiuJordan1960
1395,2,28,2,0.0,16.75,NASA_POWER_SARAH3_LiuJordan1960
1396,2,28,3,0.0,16.75,NASA_POWER_SARAH3_LiuJordan1960
1397,2,28,4,0.0,16.75,NASA_POWER_SARAH3_LiuJordan1960
1398,2,28,5,0.0,21.0,NASA_POWER_SARAH3_LiuJordan1960
1399,2,28,6,0.046358,22.891,NASA_POWER_SARAH3_LiuJordan1960
1400,2,28,7,0.220148,24.688,NASA_POWER_SARAH3_LiuJordan1960
1401,2,28,8,0.375965,26.3,NASA_POWER_SARAH3_LiuJordan1960
1402,2,28,9,0.503188,27.646,NASA_POWER_SARAH3_LiuJordan1960
1403,2,28,10,0.593149,28.658,NASA_POWER_SARAH3_LiuJordan1960
1404,2,28,11,0.639716,29.287,NASA_POWER_SARAH3_LiuJordan1960
1405,2,28,12,0.639716,29.5,NASA_POWER_SARAH3_LiuJordan1960
1406,2,28,13,0.593149,29.287,NASA_POWER_SARAH3_LiuJordan1960
1407,2,28,14,0.503188,28.658,NASA_POWER_SARAH3_LiuJordan1960
1408,2,28,15,0.375965,27.646,NASA_POWER_SARAH3_LiuJordan1960
1409,2,28,16,0.220148,26.3,NASA_POWER_SARAH3_LiuJordan1960
1410,2,28,17,0.046358,24.688,NASA_POWER_SARAH3_LiuJordan1960
1411,2,28,18,0.0,22.891,NASA_POWER_SARAH3_LiuJordan1960
1412,2,28,19,0.0,21.0,NASA_POWER_SARAH3_LiuJordan1960
1413,2,28,20,0.0,16.75,NASA_POWER_SARAH3_LiuJordan1960
1414,2,28,21,0.0,16.75,NASA_POWER_SARAH3_LiuJordan1960
1415,2,28,22,0.0,16.75,NASA_POWER_SARAH3_LiuJordan1960
1416,2,28,23,0.0,16.75,NASA_POWER_SARAH3_LiuJordan1960
1417,3,1,0,0.0,22.0,NASA_POWER_SARAH3_LiuJordan1960
1418,3,1,1,0.0,22.0,NASA_POWER_SARAH3_LiuJordan1960
1419,3,1,2,0.0,22.0,NASA_POWER_SARAH3_LiuJordan1960
1420,3,1,3,0.0,22.0,NASA_POWER_SARAH3_LiuJordan1960
1421,3,1,4,0.0,22.0,NASA_POWER_SARAH3_LiuJordan1960
1422,3,1,5,0.0,26.0,NASA_POWER_SARAH3_LiuJordan1960
1423,3,1,6,0.055879,27.78,NASA_POWER_SARAH3_LiuJordan1960
1424,3,1,7,0.257034,29.471,NASA_POWER_SARAH3_LiuJordan1960
1425,3,1,8,0.437385,30.988,NASA_POWER_SARAH3_LiuJordan1960
1426,3,1,9,0.584641,32.255,NASA_POWER_SARAH3_LiuJordan1960
1427,3,1,10,0.688766,33.208,NASA_POWER_SARAH3_LiuJordan1960
1428,3,1,11,0.742666,33.799,NASA_POWER_SARAH3_LiuJordan1960
1429,3,1,12,0.742666,34.0,NASA_POWER_SARAH3_LiuJordan1960
1430,3,1,13,0.688766,33.799,NASA_POWER_SARAH3_LiuJordan1960
1431,3,1,14,0.584641,33.208,NASA_POWER_SARAH3_LiuJordan1960
1432,3,1,15,0.437385,32.255,NASA_POWER_SARAH3_LiuJordan1960
1433,3,1,16,0.257034,30.988,NASA_POWER_SARAH3_LiuJordan1960
1434,3,1,17,0.055879,29.471,NASA_POWER_SARAH3_LiuJordan1960
1435,3,1,18,0.0,27.78,NASA_POWER_SARAH3_LiuJordan1960
1436,3,1,19,0.0,26.0,NASA_POWER_SARAH3_LiuJordan1960
1437,3,1,20,0.0,22.0,NASA_POWER_SARAH3_LiuJordan1960
1438,3,1,21,0.0,22.0,NASA_POWER_SARAH3_LiuJordan1960
1439,3,1,22,0.0,22.0,NASA_POWER_SARAH3_LiuJordan1960
1440,3,1,23,0.0,22.0,NASA_POWER_SARAH3_LiuJordan1960
1441,3,2,0,0.0,22.0,NASA_POWER_SARAH3_LiuJordan1960
1442,3,2,1,0.0,22.0,NASA_POWER_SARAH3_LiuJordan1960
1443,3,2,2,0.0,22.0,NASA_POWER_SARAH3_LiuJordan1960
1444,3,2,3,0.0,22.0,NASA_POWER_SARAH3_LiuJordan1960
1445,3,2,4,0.0,22.0,NASA_POWER_SARAH3_LiuJordan1960
1446,3,2,5,0.0,26.0,NASA_POWER_SARAH3_LiuJordan1960
1447,3,2,6,0.066685,27.78,NASA_POWER_SARAH3_LiuJordan1960
1448,3,2,7,0.297517,29.471,NASA_POWER_SARAH3_LiuJordan1960
1449,3,2,8,0.504475,30.988,NASA_POWER_SARAH3_LiuJordan1960
1450,3,2,9,0.673456,32.255,NASA_POWER_SARAH3_LiuJordan1960
1451,3,2,10,0.792943,33.208,NASA_POWER_SARAH3_LiuJordan1960
1452,3,2,11,0.854794,33.799,NASA_POWER_SARAH3_LiuJordan1960
1453,3,2,12,0.854794,34.0,NASA_POWER_SARAH3_LiuJordan1960
1454,3,2,13,0.792943,33.799,NASA_POWER_SARAH3_LiuJordan1960
1455,3,2,14,0.673456,33.208,NASA_POWER_SARAH3_LiuJordan1960
1456,3,2,15,0.504475,32.255,NASA_POWER_SARAH3_LiuJordan1960
1457,3,2,16,0.297517,30.988,NASA_POWER_SARAH3_LiuJordan1960
1458,3,2,17,0.066685,29.471,NASA_POWER_SARAH3_LiuJordan1960
1459,3,2,18,0.0,27.78,NASA_POWER_SARAH3_LiuJordan1960
1460,3,2,19,0.0,26.0,NASA_POWER_SARAH3_LiuJordan1960
1461,3,2,20,0.0,22.0,NASA_POWER_SARAH3_LiuJordan1960
1462,3,2,21,0.0,22.0,NASA_POWER_SARAH3_LiuJordan1960
1463,3,2,22,0.0,22.0,NASA_POWER_SARAH3_LiuJordan1960
1464,3,2,23,0.0,22.0,NASA_POWER_SARAH3_LiuJordan1960
1465,3,3,0,0.0,22.0,NASA_POWER_SARAH3_LiuJordan1960
1466,3,3,1,0.0,22.0,NASA_POWER_SARAH3_LiuJordan1960
1467,3,3,2,0.0,22.0,NASA_POWER_SARAH3_LiuJordan1960
1468,3,3,3,0.0,22.0,NASA_POWER_SARAH3_LiuJordan1960
1469,3,3,4,0.0,22.0,NASA_POWER_SARAH3_LiuJordan1960
1470,3,3,5,0.0,26.0,NASA_POWER_SARAH3_LiuJordan1960
1471,3,3,6,0.053297,27.78,NASA_POWER_SARAH3_LiuJordan1960
1472,3,3,7,0.230934,29.471,NASA_POWER_SARAH3_LiuJordan1960
1473,3,3,8,0.390199,30.988,NASA_POWER_SARAH3_LiuJordan1960
1474,3,3,9,0.520238,32.255,NASA_POWER_SARAH3_LiuJordan1960
1475,3,3,10,0.61219,33.208,NASA_POWER_SARAH3_LiuJordan1960
1476,3,3,11,0.659787,33.799,NASA_POWER_SARAH3_LiuJordan1960
1477,3,3,12,0.659787,34.0,NASA_POWER_SARAH3_LiuJordan1960
1478,3,3,13,0.61219,33.799,NASA_POWER_SARAH3_LiuJordan1960
1479,3,3,14,0.520238,33.208,NASA_POWER_SARAH3_LiuJordan1960
1480,3,3,15,0.390199,32.255,NASA_POWER_SARAH3_LiuJordan1960
1481,3,3,16,0.230934,30.988,NASA_POWER_SARAH3_LiuJordan1960
1482,3,3,17,0.053297,29.471,NASA_POWER_SARAH3_LiuJordan1960
1483,3,3,18,0.0,27.78,NASA_POWER_SARAH3_LiuJordan1960
1484,3,3,19,0.0,26.0,NASA_POWER_SARAH3_LiuJordan1960
1485,3,3,20,0.0,22.0,NASA_POWER_SARAH3_LiuJordan1960
1486,3,3,21,0.0,22.0,NASA_POWER_SARAH3_LiuJordan1960
1487,3,3,22,0.0,22.0,NASA_POWER_SARAH3_LiuJordan1960
1488,3,3,23,0.0,22.0,NASA_POWER_SARAH3_LiuJordan1960
1489,3,4,0,0.0,22.0,NASA_POWER_SARAH3_LiuJordan1960
1490,3,4,1,0.0,22.0,NASA_POWER_SARAH3_LiuJordan1960
1491,3,4,2,0.0,22.0,NASA_POWER_SARAH3_LiuJordan1960
1492,3,4,3,0.0,22.0,NASA_POWER_SARAH3_LiuJordan1960
1493,3,4,4,0.0,22.0,NASA_POWER_SARAH3_LiuJordan1960
1494,3,4,5,0.0,26.0,NASA_POWER_SARAH3_LiuJordan1960
1495,3,4,6,0.059866,27.78,NASA_POWER_SARAH3_LiuJordan1960
1496,3,4,7,0.252221,29.471,NASA_POWER_SARAH3_LiuJordan1960
1497,3,4,8,0.424681,30.988,NASA_POWER_SARAH3_LiuJordan1960
1498,3,4,9,0.565495,32.255,NASA_POWER_SARAH3_LiuJordan1960
1499,3,4,10,0.665065,33.208,NASA_POWER_SARAH3_LiuJordan1960
1500,3,4,11,0.716606,33.799,NASA_POWER_SARAH3_LiuJordan1960
1501,3,4,12,0.716606,34.0,NASA_POWER_SARAH3_LiuJordan1960
1502,3,4,13,0.665065,33.799,NASA_POWER_SARAH3_LiuJordan1960
1503,3,4,14,0.565495,33.208,NASA_POWER_SARAH3_LiuJordan1960
1504,3,4,15,0.424681,32.255,NASA_POWER_SARAH3_LiuJordan1960
1505,3,4,16,0.252221,30.988,NASA_POWER_SARAH3_LiuJordan1960
1506,3,4,17,0.059866,29.471,NASA_POWER_SARAH3_LiuJordan1960
1507,3,4,18,0.0,27.78,NASA_POWER_SARAH3_LiuJordan1960
1508,3,4,19,0.0,26.0,NASA_POWER_SARAH3_LiuJordan1960
1509,3,4,20,0.0,22.0,NASA_POWER_SARAH3_LiuJordan1960
1510,3,4,21,0.0,22.0,NASA_POWER_SARAH3_LiuJordan1960
1511,3,4,22,0.0,22.0,NASA_POWER_SARAH3_LiuJordan1960
1512,3,4,23,0.0,22.0,NASA_POWER_SARAH3_LiuJordan1960
1513,3,5,0,0.0,22.0,NASA_POWER_SARAH3_LiuJordan1960
1514,3,5,1,0.0,22.0,NASA_POWER_SARAH3_LiuJordan1960
1515,3,5,2,0.0,22.0,NASA_POWER_SARAH3_LiuJordan1960
1516,3,5,3,0.0,22.0,NASA_POWER_SARAH3_LiuJordan1960
1517,3,5,4,0.0,22.0,NASA_POWER_SARAH3_LiuJordan1960
1518,3,5,5,0.0,26.0,NASA_POWER_SARAH3_LiuJordan1960
1519,3,5,6,0.067927,27.78,NASA_POWER_SARAH3_LiuJordan1960
1520,3,5,7,0.278578,29.471,NASA_POWER_SARAH3_LiuJordan1960
1521,3,5,8,0.467443,30.988,NASA_POWER_SARAH3_LiuJordan1960
1522,3,5,9,0.62165,32.255,NASA_POWER_SARAH3_LiuJordan1960
1523,3,5,10,0.730691,33.208,NASA_POWER_SARAH3_LiuJordan1960
1524,3,5,11,0.787135,33.799,NASA_POWER_SARAH3_LiuJordan1960
1525,3,5,12,0.787135,34.0,NASA_POWER_SARAH3_LiuJordan1960
1526,3,5,13,0.730691,33.799,NASA_POWER_SARAH3_LiuJordan1960
1527,3,5,14,0.62165,33.208,NASA_POWER_SARAH3_LiuJordan1960
1528,3,5,15,0.467443,32.255,NASA_POWER_SARAH3_LiuJordan1960
1529,3,5,16,0.278578,30.988,NASA_POWER_SARAH3_LiuJordan1960
1530,3,5,17,0.067927,29.471,NASA_POWER_SARAH3_LiuJordan1960
1531,3,5,18,0.0,27.78,NASA_POWER_SARAH3_LiuJordan1960
1532,3,5,19,0.0,26.0,NASA_POWER_SARAH3_LiuJordan1960
1533,3,5,20,0.0,22.0,NASA_POWER_SARAH3_LiuJordan1960
1534,3,5,21,0.0,22.0,NASA_POWER_SARAH3_LiuJordan1960
1535,3,5,22,0.0,22.0,NASA_POWER_SARAH3_LiuJordan1960
1536,3,5,23,0.0,22.0,NASA_POWER_SARAH3_LiuJordan1960
1537,3,6,0,0.0,22.0,NASA_POWER_SARAH3_LiuJordan1960
1538,3,6,1,0.0,22.0,NASA_POWER_SARAH3_LiuJordan1960
1539,3,6,2,0.0,22.0,NASA_POWER_SARAH3_LiuJordan1960
1540,3,6,3,0.0,22.0,NASA_POWER_SARAH3_LiuJordan1960
1541,3,6,4,0.0,22.0,NASA_POWER_SARAH3_LiuJordan1960
1542,3,6,5,0.0,26.0,NASA_POWER_SARAH3_LiuJordan1960
1543,3,6,6,0.065719,27.78,NASA_POWER_SARAH3_LiuJordan1960
1544,3,6,7,0.262635,29.471,NASA_POWER_SARAH3_LiuJordan1960
1545,3,6,8,0.439186,30.988,NASA_POWER_SARAH3_LiuJordan1960
1546,3,6,9,0.583339,32.255,NASA_POWER_SARAH3_LiuJordan1960
1547,3,6,10,0.68527,33.208,NASA_POWER_SARAH3_LiuJordan1960
1548,3,6,11,0.738034,33.799,NASA_POWER_SARAH3_LiuJordan1960
1549,3,6,12,0.738034,34.0,NASA_POWER_SARAH3_LiuJordan1960
1550,3,6,13,0.68527,33.799,NASA_POWER_SARAH3_LiuJordan1960
1551,3,6,14,0.583339,33.208,NASA_POWER_SARAH3_LiuJordan1960
1552,3,6,15,0.439186,32.255,NASA_POWER_SARAH3_LiuJordan1960
1553,3,6,16,0.262635,30.988,NASA_POWER_SARAH3_LiuJordan1960
1554,3,6,17,0.065719,29.471,NASA_POWER_SARAH3_LiuJordan1960
1555,3,6,18,0.0,27.78,NASA_POWER_SARAH3_LiuJordan1960
1556,3,6,19,0.0,26.0,NASA_POWER_SARAH3_LiuJordan1960
1557,3,6,20,0.0,22.0,NASA_POWER_SARAH3_LiuJordan1960
1558,3,6,21,0.0,22.0,NASA_POWER_SARAH3_LiuJordan1960
1559,3,6,22,0.0,22.0,NASA_POWER_SARAH3_LiuJordan1960
1560,3,6,23,0.0,22.0,NASA_POWER_SARAH3_LiuJordan1960
1561,3,7,0,0.0,22.0,NASA_POWER_SARAH3_LiuJordan1960
1562,3,7,1,0.0,22.0,NASA_POWER_SARAH3_LiuJordan1960
1563,3,7,2,0.0,22.0,NASA_POWER_SARAH3_LiuJordan1960
1564,3,7,3,0.0,22.0,NASA_POWER_SARAH3_LiuJordan1960
1565,3,7,4,0.0,22.0,NASA_POWER_SARAH3_LiuJordan1960
1566,3,7,5,0.0,26.0,NASA_POWER_SARAH3_LiuJordan1960
1567,3,7,6,0.064092,27.78,NASA_POWER_SARAH3_LiuJordan1960
1568,3,7,7,0.249839,29.471,NASA_POWER_SARAH3_LiuJordan1960
1569,3,7,8,0.416375,30.988,NASA_POWER_SARAH3_LiuJordan1960
1570,3,7,9,0.552351,32.255,NASA_POWER_SARAH3_LiuJordan1960
1571,3,7,10,0.648501,33.208,NASA_POWER_SARAH3_LiuJordan1960
1572,3,7,11,0.698271,33.799,NASA_POWER_SARAH3_LiuJordan1960
1573,3,7,12,0.698271,34.0,NASA_POWER_SARAH3_LiuJordan1960
1574,3,7,13,0.648501,33.799,NASA_POWER_SARAH3_LiuJordan1960
1575,3,7,14,0.552351,33.208,NASA_POWER_SARAH3_LiuJordan1960
1576,3,7,15,0.416375,32.255,NASA_POWER_SARAH3_LiuJordan1960
1577,3,7,16,0.249839,30.988,NASA_POWER_SARAH3_LiuJordan1960
1578,3,7,17,0.064092,29.471,NASA_POWER_SARAH3_LiuJordan1960
1579,3,7,18,0.0,27.78,NASA_POWER_SARAH3_LiuJordan1960
1580,3,7,19,0.0,26.0,NASA_POWER_SARAH3_LiuJordan1960
1581,3,7,20,0.0,22.0,NASA_POWER_SARAH3_LiuJordan1960
1582,3,7,21,0.0,22.0,NASA_POWER_SARAH3_LiuJordan1960
1583,3,7,22,0.0,22.0,NASA_POWER_SARAH3_LiuJordan1960
1584,3,7,23,0.0,22.0,NASA_POWER_SARAH3_LiuJordan1960
1585,3,8,0,0.0,22.0,NASA_POWER_SARAH3_LiuJordan1960
1586,3,8,1,0.0,22.0,NASA_POWER_SARAH3_LiuJordan1960
1587,3,8,2,0.0,22.0,NASA_POWER_SARAH3_LiuJordan1960
1588,3,8,3,0.0,22.0,NASA_POWER_SARAH3_LiuJordan1960
1589,3,8,4,0.0,22.0,NASA_POWER_SARAH3_LiuJordan1960
1590,3,8,5,0.0,26.0,NASA_POWER_SARAH3_LiuJordan1960
1591,3,8,6,0.07053,27.78,NASA_POWER_SARAH3_LiuJordan1960
1592,3,8,7,0.268424,29.471,NASA_POWER_SARAH3_LiuJordan1960
1593,3,8,8,0.445852,30.988,NASA_POWER_SARAH3_LiuJordan1960
1594,3,8,9,0.590721,32.255,NASA_POWER_SARAH3_LiuJordan1960
1595,3,8,10,0.693159,33.208,NASA_POWER_SARAH3_LiuJordan1960
1596,3,8,11,0.746184,33.799,NASA_POWER_SARAH3_LiuJordan1960
1597,3,8,12,0.746184,34.0,NASA_POWER_SARAH3_LiuJordan1960
1598,3,8,13,0.693159,33.799,NASA_POWER_SARAH3_LiuJordan1960
1599,3,8,14,0.590721,33.208,NASA_POWER_SARAH3_LiuJordan1960
1600,3,8,15,0.445852,32.255,NASA_POWER_SARAH3_LiuJordan1960
1601,3,8,16,0.268424,30.988,NASA_POWER_SARAH3_LiuJordan1960
1602,3,8,17,0.07053,29.471,NASA_POWER_SARAH3_LiuJordan1960
1603,3,8,18,0.0,27.78,NASA_POWER_SARAH3_LiuJordan1960
1604,3,8,19,0.0,26.0,NASA_POWER_SARAH3_LiuJordan1960
1605,3,8,20,0.0,22.0,NASA_POWER_SARAH3_LiuJordan1960
1606,3,8,21,0.0,22.0,NASA_POWER_SARAH3_LiuJordan1960
1607,3,8,22,0.0,22.0,NASA_POWER_SARAH3_LiuJordan1960
1608,3,8,23,0.0,22.0,NASA_POWER_SARAH3_LiuJordan1960
1609,3,9,0,0.0,22.0,NASA_POWER_SARAH3_LiuJordan1960
1610,3,9,1,0.0,22.0,NASA_POWER_SARAH3_LiuJordan1960
1611,3,9,2,0.0,22.0,NASA_POWER_SARAH3_LiuJordan1960
1612,3,9,3,0.0,22.0,NASA_POWER_SARAH3_LiuJordan1960
1613,3,9,4,0.0,22.0,NASA_POWER_SARAH3_LiuJordan1960
1614,3,9,5,0.0,26.0,NASA_POWER_SARAH3_LiuJordan1960
1615,3,9,6,0.080238,27.78,NASA_POWER_SARAH3_LiuJordan1960
1616,3,9,7,0.298407,29.471,NASA_POWER_SARAH3_LiuJordan1960
1617,3,9,8,0.494012,30.988,NASA_POWER_SARAH3_LiuJordan1960
1618,3,9,9,0.653722,32.255,NASA_POWER_SARAH3_LiuJordan1960
1619,3,9,10,0.766655,33.208,NASA_POWER_SARAH3_LiuJordan1960
1620,3,9,11,0.825113,33.799,NASA_POWER_SARAH3_LiuJordan1960
1621,3,9,12,0.825113,34.0,NASA_POWER_SARAH3_LiuJordan1960
1622,3,9,13,0.766655,33.799,NASA_POWER_SARAH3_LiuJordan1960
1623,3,9,14,0.653722,33.208,NASA_POWER_SARAH3_LiuJordan1960
1624,3,9,15,0.494012,32.255,NASA_POWER_SARAH3_LiuJordan1960
1625,3,9,16,0.298407,30.988,NASA_POWER_SARAH3_LiuJordan1960
1626,3,9,17,0.080238,29.471,NASA_POWER_SARAH3_LiuJordan1960
1627,3,9,18,0.0,27.78,NASA_POWER_SARAH3_LiuJordan1960
1628,3,9,19,0.0,26.0,NASA_POWER_SARAH3_LiuJordan1960
1629,3,9,20,0.0,22.0,NASA_POWER_SARAH3_LiuJordan1960
1630,3,9,21,0.0,22.0,NASA_POWER_SARAH3_LiuJordan1960
1631,3,9,22,0.0,22.0,NASA_POWER_SARAH3_LiuJordan1960
1632,3,9,23,0.0,22.0,NASA_POWER_SARAH3_LiuJordan1960
1633,3,10,0,0.0,22.0,NASA_POWER_SARAH3_LiuJordan1960
1634,3,10,1,0.0,22.0,NASA_POWER_SARAH3_LiuJordan1960
1635,3,10,2,0.0,22.0,NASA_POWER_SARAH3_LiuJordan1960
1636,3,10,3,0.0,22.0,NASA_POWER_SARAH3_LiuJordan1960
1637,3,10,4,0.0,22.0,NASA_POWER_SARAH3_LiuJordan1960
1638,3,10,5,0.0,26.0,NASA_POWER_SARAH3_LiuJordan1960
1639,3,10,6,0.075417,27.78,NASA_POWER_SARAH3_LiuJordan1960
1640,3,10,7,0.274306,29.471,NASA_POWER_SARAH3_LiuJordan1960
1641,3,10,8,0.452624,30.988,NASA_POWER_SARAH3_LiuJordan1960
1642,3,10,9,0.598221,32.255,NASA_POWER_SARAH3_LiuJordan1960
1643,3,10,10,0.701173,33.208,NASA_POWER_SARAH3_LiuJordan1960
1644,3,10,11,0.754465,33.799,NASA_POWER_SARAH3_LiuJordan1960
1645,3,10,12,0.754465,34.0,NASA_POWER_SARAH3_LiuJordan1960
1646,3,10,13,0.701173,33.799,NASA_POWER_SARAH3_LiuJordan1960
1647,3,10,14,0.598221,33.208,NASA_POWER_SARAH3_LiuJordan1960
1648,3,10,15,0.452624,32.255,NASA_POWER_SARAH3_LiuJordan1960
1649,3,10,16,0.274306,30.988,NASA_POWER_SARAH3_LiuJordan1960
1650,3,10,17,0.075417,29.471,NASA_POWER_SARAH3_LiuJordan1960
1651,3,10,18,0.0,27.78,NASA_POWER_SARAH3_LiuJordan1960
1652,3,10,19,0.0,26.0,NASA_POWER_SARAH3_LiuJordan1960
1653,3,10,20,0.0,22.0,NASA_POWER_SARAH3_LiuJordan1960
1654,3,10,21,0.0,22.0,NASA_POWER_SARAH3_LiuJordan1960
1655,3,10,22,0.0,22.0,NASA_POWER_SARAH3_LiuJordan1960
1656,3,10,23,0.0,22.0,NASA_POWER_SARAH3_LiuJordan1960
1657,3,11,0,0.0,22.0,NASA_POWER_SARAH3_LiuJordan1960
1658,3,11,1,0.0,22.0,NASA_POWER_SARAH3_LiuJordan1960
1659,3,11,2,0.0,22.0,NASA_POWER_SARAH3_LiuJordan1960
1660,3,11,3,0.0,22.0,NASA_POWER_SARAH3_LiuJordan1960
1661,3,11,4,0.0,22.0,NASA_POWER_SARAH3_LiuJordan1960
1662,3,11,5,0.0,26.0,NASA_POWER_SARAH3_LiuJordan1960
1663,3,11,6,0.070454,27.78,NASA_POWER_SARAH3_LiuJordan1960
1664,3,11,7,0.250813,29.471,NASA_POWER_SARAH3_LiuJordan1960
1665,3,11,8,0.412518,30.988,NASA_POWER_SARAH3_LiuJordan1960
1666,3,11,9,0.544549,32.255,NASA_POWER_SARAH3_LiuJordan1960
1667,3,11,10,0.63791,33.208,NASA_POWER_SARAH3_LiuJordan1960
1668,3,11,11,0.686237,33.799,NASA_POWER_SARAH3_LiuJordan1960
1669,3,11,12,0.686237,34.0,NASA_POWER_SARAH3_LiuJordan1960
1670,3,11,13,0.63791,33.799,NASA_POWER_SARAH3_LiuJordan1960
1671,3,11,14,0.544549,33.208,NASA_POWER_SARAH3_LiuJordan1960
1672,3,11,15,0.412518,32.255,NASA_POWER_SARAH3_LiuJordan1960
1673,3,11,16,0.250813,30.988,NASA_POWER_SARAH3_LiuJordan1960
1674,3,11,17,0.070454,29.471,NASA_POWER_SARAH3_LiuJordan1960
1675,3,11,18,0.0,27.78,NASA_POWER_SARAH3_LiuJordan1960
1676,3,11,19,0.0,26.0,NASA_POWER_SARAH3_LiuJordan1960
1677,3,11,20,0.0,22.0,NASA_POWER_SARAH3_LiuJordan1960
1678,3,11,21,0.0,22.0,NASA_POWER_SARAH3_LiuJordan1960
1679,3,11,22,0.0,22.0,NASA_POWER_SARAH3_LiuJordan1960
1680,3,11,23,0.0,22.0,NASA_POWER_SARAH3_LiuJordan1960
1681,3,12,0,0.0,22.0,NASA_POWER_SARAH3_LiuJordan1960
1682,3,12,1,0.0,22.0,NASA_POWER_SARAH3_LiuJordan1960
1683,3,12,2,0.0,22.0,NASA_POWER_SARAH3_LiuJordan1960
1684,3,12,3,0.0,22.0,NASA_POWER_SARAH3_LiuJordan1960
1685,3,12,4,0.0,22.0,NASA_POWER_SARAH3_LiuJordan1960
1686,3,12,5,0.0,26.0,NASA_POWER_SARAH3_LiuJordan1960
1687,3,12,6,0.071488,27.78,NASA_POWER_SARAH3_LiuJordan1960
1688,3,12,7,0.249276,29.471,NASA_POWER_SARAH3_LiuJordan1960
1689,3,12,8,0.408676,30.988,NASA_POWER_SARAH3_LiuJordan1960
1690,3,12,9,0.538826,32.255,NASA_POWER_SARAH3_LiuJordan1960
1691,3,12,10,0.630856,33.208,NASA_POWER_SARAH3_LiuJordan1960
1692,3,12,11,0.678494,33.799,NASA_POWER_SARAH3_LiuJordan1960
1693,3,12,12,0.678494,34.0,NASA_POWER_SARAH3_LiuJordan1960
1694,3,12,13,0.630856,33.799,NASA_POWER_SARAH3_LiuJordan1960
1695,3,12,14,0.538826,33.208,NASA_POWER_SARAH3_LiuJordan1960
1696,3,12,15,0.408676,32.255,NASA_POWER_SARAH3_LiuJordan1960
1697,3,12,16,0.249276,30.988,NASA_POWER_SARAH3_LiuJordan1960
1698,3,12,17,0.071488,29.471,NASA_POWER_SARAH3_LiuJordan1960
1699,3,12,18,0.0,27.78,NASA_POWER_SARAH3_LiuJordan1960
1700,3,12,19,0.0,26.0,NASA_POWER_SARAH3_LiuJordan1960
1701,3,12,20,0.0,22.0,NASA_POWER_SARAH3_LiuJordan1960
1702,3,12,21,0.0,22.0,NASA_POWER_SARAH3_LiuJordan1960
1703,3,12,22,0.0,22.0,NASA_POWER_SARAH3_LiuJordan1960
1704,3,12,23,0.0,22.0,NASA_POWER_SARAH3_LiuJordan1960
1705,3,13,0,0.0,22.0,NASA_POWER_SARAH3_LiuJordan1960
1706,3,13,1,0.0,22.0,NASA_POWER_SARAH3_LiuJordan1960
1707,3,13,2,0.0,22.0,NASA_POWER_SARAH3_LiuJordan1960
1708,3,13,3,0.0,22.0,NASA_POWER_SARAH3_LiuJordan1960
1709,3,13,4,0.0,22.0,NASA_POWER_SARAH3_LiuJordan1960
1710,3,13,5,0.0,26.0,NASA_POWER_SARAH3_LiuJordan1960
1711,3,13,6,0.076317,27.78,NASA_POWER_SARAH3_LiuJordan1960
1712,3,13,7,0.260842,29.471,NASA_POWER_SARAH3_LiuJordan1960
1713,3,13,8,0.426282,30.988,NASA_POWER_SARAH3_LiuJordan1960
1714,3,13,9,0.561364,32.255,NASA_POWER_SARAH3_LiuJordan1960
1715,3,13,10,0.656881,33.208,NASA_POWER_SARAH3_LiuJordan1960
1716,3,13,11,0.706324,33.799,NASA_POWER_SARAH3_LiuJordan1960
1717,3,13,12,0.706324,34.0,NASA_POWER_SARAH3_LiuJordan1960
1718,3,13,13,0.656881,33.799,NASA_POWER_SARAH3_LiuJordan1960
1719,3,13,14,0.561364,33.208,NASA_POWER_SARAH3_LiuJordan1960
1720,3,13,15,0.426282,32.255,NASA_POWER_SARAH3_LiuJordan1960
1721,3,13,16,0.260842,30.988,NASA_POWER_SARAH3_LiuJordan1960
1722,3,13,17,0.076317,29.471,NASA_POWER_SARAH3_LiuJordan1960
1723,3,13,18,0.0,27.78,NASA_POWER_SARAH3_LiuJordan1960
1724,3,13,19,0.0,26.0,NASA_POWER_SARAH3_LiuJordan1960
1725,3,13,20,0.0,22.0,NASA_POWER_SARAH3_LiuJordan1960
1726,3,13,21,0.0,22.0,NASA_POWER_SARAH3_LiuJordan1960
1727,3,13,22,0.0,22.0,NASA_POWER_SARAH3_LiuJordan1960
1728,3,13,23,0.0,22.0,NASA_POWER_SARAH3_LiuJordan1960
1729,3,14,0,0.0,22.0,NASA_POWER_SARAH3_LiuJordan1960
1730,3,14,1,0.0,22.0,NASA_POWER_SARAH3_LiuJordan1960
1731,3,14,2,0.0,22.0,NASA_POWER_SARAH3_LiuJordan1960
1732,3,14,3,0.0,22.0,NASA_POWER_SARAH3_LiuJordan1960
1733,3,14,4,0.0,22.0,NASA_POWER_SARAH3_LiuJordan1960
1734,3,14,5,0.0,26.0,NASA_POWER_SARAH3_LiuJordan1960
1735,3,14,6,0.081841,27.78,NASA_POWER_SARAH3_LiuJordan1960
1736,3,14,7,0.274364,29.471,NASA_POWER_SARAH3_LiuJordan1960
1737,3,14,8,0.446975,30.988,NASA_POWER_SARAH3_LiuJordan1960
1738,3,14,9,0.587912,32.255,NASA_POWER_SARAH3_LiuJordan1960
1739,3,14,10,0.687569,33.208,NASA_POWER_SARAH3_LiuJordan1960
1740,3,14,11,0.739156,33.799,NASA_POWER_SARAH3_LiuJordan1960
1741,3,14,12,0.739156,34.0,NASA_POWER_SARAH3_LiuJordan1960
1742,3,14,13,0.687569,33.799,NASA_POWER_SARAH3_LiuJordan1960
1743,3,14,14,0.587912,33.208,NASA_POWER_SARAH3_LiuJordan1960
1744,3,14,15,0.446975,32.255,NASA_POWER_SARAH3_LiuJordan1960
1745,3,14,16,0.274364,30.988,NASA_POWER_SARAH3_LiuJordan1960
1746,3,14,17,0.081841,29.471,NASA_POWER_SARAH3_LiuJordan1960
1747,3,14,18,0.0,27.78,NASA_POWER_SARAH3_LiuJordan1960
1748,3,14,19,0.0,26.0,NASA_POWER_SARAH3_LiuJordan1960
1749,3,14,20,0.0,22.0,NASA_POWER_SARAH3_LiuJordan1960
1750,3,14,21,0.0,22.0,NASA_POWER_SARAH3_LiuJordan1960
1751,3,14,22,0.0,22.0,NASA_POWER_SARAH3_LiuJordan1960
1752,3,14,23,0.0,22.0,NASA_POWER_SARAH3_LiuJordan1960
1753,3,15,0,0.0,22.0,NASA_POWER_SARAH3_LiuJordan1960
1754,3,15,1,0.0,22.0,NASA_POWER_SARAH3_LiuJordan1960
1755,3,15,2,0.0,22.0,NASA_POWER_SARAH3_LiuJordan1960
1756,3,15,3,0.0,22.0,NASA_POWER_SARAH3_LiuJordan1960
1757,3,15,4,0.0,22.0,NASA_POWER_SARAH3_LiuJordan1960
1758,3,15,5,0.0,26.0,NASA_POWER_SARAH3_LiuJordan1960
1759,3,15,6,0.087623,27.78,NASA_POWER_SARAH3_LiuJordan1960
1760,3,15,7,0.288305,29.471,NASA_POWER_SARAH3_LiuJordan1960
1761,3,15,8,0.468232,30.988,NASA_POWER_SARAH3_LiuJordan1960
1762,3,15,9,0.615141,32.255,NASA_POWER_SARAH3_LiuJordan1960
1763,3,15,10,0.719022,33.208,NASA_POWER_SARAH3_LiuJordan1960
1764,3,15,11,0.772795,33.799,NASA_POWER_SARAH3_LiuJordan1960
1765,3,15,12,0.772795,34.0,NASA_POWER_SARAH3_LiuJordan1960
1766,3,15,13,0.719022,33.799,NASA_POWER_SARAH3_LiuJordan1960
1767,3,15,14,0.615141,33.208,NASA_POWER_SARAH3_LiuJordan1960
1768,3,15,15,0.468232,32.255,NASA_POWER_SARAH3_LiuJordan1960
1769,3,15,16,0.288305,30.988,NASA_POWER_SARAH3_LiuJordan1960
1770,3,15,17,0.087623,29.471,NASA_POWER_SARAH3_LiuJordan1960
1771,3,15,18,0.0,27.78,NASA_POWER_SARAH3_LiuJordan1960
1772,3,15,19,0.0,26.0,NASA_POWER_SARAH3_LiuJordan1960
1773,3,15,20,0.0,22.0,NASA_POWER_SARAH3_LiuJordan1960
1774,3,15,21,0.0,22.0,NASA_POWER_SARAH3_LiuJordan1960
1775,3,15,22,0.0,22.0,NASA_POWER_SARAH3_LiuJordan1960
1776,3,15,23,0.0,22.0,NASA_POWER_SARAH3_LiuJordan1960
1777,3,16,0,0.0,22.0,NASA_POWER_SARAH3_LiuJordan1960
1778,3,16,1,0.0,22.0,NASA_POWER_SARAH3_LiuJordan1960
1779,3,16,2,0.0,22.0,NASA_POWER_SARAH3_LiuJordan1960
1780,3,16,3,0.0,22.0,NASA_POWER_SARAH3_LiuJordan1960
1781,3,16,4,0.0,22.0,NASA_POWER_SARAH3_LiuJordan1960
1782,3,16,5,0.0,26.0,NASA_POWER_SARAH3_LiuJordan1960
1783,3,16,6,0.091564,27.78,NASA_POWER_SARAH3_LiuJordan1960
1784,3,16,7,0.295873,29.471,NASA_POWER_SARAH3_LiuJordan1960
1785,3,16,8,0.479051,30.988,NASA_POWER_SARAH3_LiuJordan1960
1786,3,16,9,0.628615,32.255,NASA_POWER_SARAH3_LiuJordan1960
1787,3,16,10,0.734373,33.208,NASA_POWER_SARAH3_LiuJordan1960
1788,3,16,11,0.789117,33.799,NASA_POWER_SARAH3_LiuJordan1960
1789,3,16,12,0.789117,34.0,NASA_POWER_SARAH3_LiuJordan1960
1790,3,16,13,0.734373,33.799,NASA_POWER_SARAH3_LiuJordan1960
1791,3,16,14,0.628615,33.208,NASA_POWER_SARAH3_LiuJordan1960
1792,3,16,15,0.479051,32.255,NASA_POWER_SARAH3_LiuJordan1960
1793,3,16,16,0.295873,30.988,NASA_POWER_SARAH3_LiuJordan1960
1794,3,16,17,0.091564,29.471,NASA_POWER_SARAH3_LiuJordan1960
1795,3,16,18,0.0,27.78,NASA_POWER_SARAH3_LiuJordan1960
1796,3,16,19,0.0,26.0,NASA_POWER_SARAH3_LiuJordan1960
1797,3,16,20,0.0,22.0,NASA_POWER_SARAH3_LiuJordan1960
1798,3,16,21,0.0,22.0,NASA_POWER_SARAH3_LiuJordan1960
1799,3,16,22,0.0,22.0,NASA_POWER_SARAH3_LiuJordan1960
1800,3,16,23,0.0,22.0,NASA_POWER_SARAH3_LiuJordan1960
1801,3,17,0,0.0,22.0,NASA_POWER_SARAH3_LiuJordan1960
1802,3,17,1,0.0,22.0,NASA_POWER_SARAH3_LiuJordan1960
1803,3,17,2,0.0,22.0,NASA_POWER_SARAH3_LiuJordan1960
1804,3,17,3,0.0,22.0,NASA_POWER_SARAH3_LiuJordan1960
1805,3,17,4,0.0,22.0,NASA_POWER_SARAH3_LiuJordan1960
1806,3,17,5,0.0,26.0,NASA_POWER_SARAH3_LiuJordan1960
1807,3,17,6,0.098123,27.78,NASA_POWER_SARAH3_LiuJordan1960
1808,3,17,7,0.311561,29.471,NASA_POWER_SARAH3_LiuJordan1960
1809,3,17,8,0.502924,30.988,NASA_POWER_SARAH3_LiuJordan1960
1810,3,17,9,0.659172,32.255,NASA_POWER_SARAH3_LiuJordan1960
1811,3,17,10,0.769656,33.208,NASA_POWER_SARAH3_LiuJordan1960
1812,3,17,11,0.826846,33.799,NASA_POWER_SARAH3_LiuJordan1960
1813,3,17,12,0.826846,34.0,NASA_POWER_SARAH3_LiuJordan1960
1814,3,17,13,0.769656,33.799,NASA_POWER_SARAH3_LiuJordan1960
1815,3,17,14,0.659172,33.208,NASA_POWER_SARAH3_LiuJordan1960
1816,3,17,15,0.502924,32.255,NASA_POWER_SARAH3_LiuJordan1960
1817,3,17,16,0.311561,30.988,NASA_POWER_SARAH3_LiuJordan1960
1818,3,17,17,0.098123,29.471,NASA_POWER_SARAH3_LiuJordan1960
1819,3,17,18,0.0,27.78,NASA_POWER_SARAH3_LiuJordan1960
1820,3,17,19,0.0,26.0,NASA_POWER_SARAH3_LiuJordan1960
1821,3,17,20,0.0,22.0,NASA_POWER_SARAH3_LiuJordan1960
1822,3,17,21,0.0,22.0,NASA_POWER_SARAH3_LiuJordan1960
1823,3,17,22,0.0,22.0,NASA_POWER_SARAH3_LiuJordan1960
1824,3,17,23,0.0,22.0,NASA_POWER_SARAH3_LiuJordan1960
1825,3,18,0,0.0,22.0,NASA_POWER_SARAH3_LiuJordan1960
1826,3,18,1,0.0,22.0,NASA_POWER_SARAH3_LiuJordan1960
1827,3,18,2,0.0,22.0,NASA_POWER_SARAH3_LiuJordan1960
1828,3,18,3,0.0,22.0,NASA_POWER_SARAH3_LiuJordan1960
1829,3,18,4,0.0,22.0,NASA_POWER_SARAH3_LiuJordan1960
1830,3,18,5,0.0,26.0,NASA_POWER_SARAH3_LiuJordan1960
1831,3,18,6,0.081487,27.78,NASA_POWER_SARAH3_LiuJordan1960
1832,3,18,7,0.254389,29.471,NASA_POWER_SARAH3_LiuJordan1960
1833,3,18,8,0.409408,30.988,NASA_POWER_SARAH3_LiuJordan1960
1834,3,18,9,0.535981,32.255,NASA_POWER_SARAH3_LiuJordan1960
1835,3,18,10,0.625482,33.208,NASA_POWER_SARAH3_LiuJordan1960
1836,3,18,11,0.671811,33.799,NASA_POWER_SARAH3_LiuJordan1960
1837,3,18,12,0.671811,34.0,NASA_POWER_SARAH3_LiuJordan1960
1838,3,18,13,0.625482,33.799,NASA_POWER_SARAH3_LiuJordan1960
1839,3,18,14,0.535981,33.208,NASA_POWER_SARAH3_LiuJordan1960
1840,3,18,15,0.409408,32.255,NASA_POWER_SARAH3_LiuJordan1960
1841,3,18,16,0.254389,30.988,NASA_POWER_SARAH3_LiuJordan1960
1842,3,18,17,0.081487,29.471,NASA_POWER_SARAH3_LiuJordan1960
1843,3,18,18,0.0,27.78,NASA_POWER_SARAH3_LiuJordan1960
1844,3,18,19,0.0,26.0,NASA_POWER_SARAH3_LiuJordan1960
1845,3,18,20,0.0,22.0,NASA_POWER_SARAH3_LiuJordan1960
1846,3,18,21,0.0,22.0,NASA_POWER_SARAH3_LiuJordan1960
1847,3,18,22,0.0,22.0,NASA_POWER_SARAH3_LiuJordan1960
1848,3,18,23,0.0,22.0,NASA_POWER_SARAH3_LiuJordan1960
1849,3,19,0,0.0,22.0,NASA_POWER_SARAH3_LiuJordan1960
1850,3,19,1,0.0,22.0,NASA_POWER_SARAH3_LiuJordan1960
1851,3,19,2,0.0,22.0,NASA_POWER_SARAH3_LiuJordan1960
1852,3,19,3,0.0,22.0,NASA_POWER_SARAH3_LiuJordan1960
1853,3,19,4,0.0,22.0,NASA_POWER_SARAH3_LiuJordan1960
1854,3,19,5,0.0,26.0,NASA_POWER_SARAH3_LiuJordan1960
1855,3,19,6,0.088425,27.78,NASA_POWER_SARAH3_LiuJordan1960
1856,3,19,7,0.271547,29.471,NASA_POWER_SARAH3_LiuJordan1960
1857,3,19,8,0.43573,30.988,NASA_POWER_SARAH3_LiuJordan1960
1858,3,19,9,0.569784,32.255,NASA_POWER_SARAH3_LiuJordan1960
1859,3,19,10,0.664576,33.208,NASA_POWER_SARAH3_LiuJordan1960
1860,3,19,11,0.713643,33.799,NASA_POWER_SARAH3_LiuJordan1960
1861,3,19,12,0.713643,34.0,NASA_POWER_SARAH3_LiuJordan1960
1862,3,19,13,0.664576,33.799,NASA_POWER_SARAH3_LiuJordan1960
1863,3,19,14,0.569784,33.208,NASA_POWER_SARAH3_LiuJordan1960
1864,3,19,15,0.43573,32.255,NASA_POWER_SARAH3_LiuJordan1960
1865,3,19,16,0.271547,30.988,NASA_POWER_SARAH3_LiuJordan1960
1866,3,19,17,0.088425,29.471,NASA_POWER_SARAH3_LiuJordan1960
1867,3,19,18,0.0,27.78,NASA_POWER_SARAH3_LiuJordan1960
1868,3,19,19,0.0,26.0,NASA_POWER_SARAH3_LiuJordan1960
1869,3,19,20,0.0,22.0,NASA_POWER_SARAH3_LiuJordan1960
1870,3,19,21,0.0,22.0,NASA_POWER_SARAH3_LiuJordan1960
1871,3,19,22,0.0,22.0,NASA_POWER_SARAH3_LiuJordan1960
1872,3,19,23,0.0,22.0,NASA_POWER_SARAH3_LiuJordan1960
1873,3,20,0,0.0,22.0,NASA_POWER_SARAH3_LiuJordan1960
1874,3,20,1,0.0,22.0,NASA_POWER_SARAH3_LiuJordan1960
1875,3,20,2,0.0,22.0,NASA_POWER_SARAH3_LiuJordan1960
1876,3,20,3,0.0,22.0,NASA_POWER_SARAH3_LiuJordan1960
1877,3,20,4,0.0,22.0,NASA_POWER_SARAH3_LiuJordan1960
1878,3,20,5,0.0,26.0,NASA_POWER_SARAH3_LiuJordan1960
1879,3,20,6,0.096487,27.78,NASA_POWER_SARAH3_LiuJordan1960
1880,3,20,7,0.291624,29.471,NASA_POWER_SARAH3_LiuJordan1960
1881,3,20,8,0.46658,30.988,NASA_POWER_SARAH3_LiuJordan1960
1882,3,20,9,0.60943,32.255,NASA_POWER_SARAH3_LiuJordan1960
1883,3,20,10,0.710441,33.208,NASA_POWER_SARAH3_LiuJordan1960
1884,3,20,11,0.762728,33.799,NASA_POWER_SARAH3_LiuJordan1960
1885,3,20,12,0.762728,34.0,NASA_POWER_SARAH3_LiuJordan1960
1886,3,20,13,0.710441,33.799,NASA_POWER_SARAH3_LiuJordan1960
1887,3,20,14,0.60943,33.208,NASA_POWER_SARAH3_LiuJordan1960
1888,3,20,15,0.46658,32.255,NASA_POWER_SARAH3_LiuJordan1960
1889,3,20,16,0.291624,30.988,NASA_POWER_SARAH3_LiuJordan1960
1890,3,20,17,0.096487,29.471,NASA_POWER_SARAH3_LiuJordan1960
1891,3,20,18,0.0,27.78,NASA_POWER_SARAH3_LiuJordan1960
1892,3,20,19,0.0,26.0,NASA_POWER_SARAH3_LiuJordan1960
1893,3,20,20,0.0,22.0,NASA_POWER_SARAH3_LiuJordan1960
1894,3,20,21,0.0,22.0,NASA_POWER_SARAH3_LiuJordan1960
1895,3,20,22,0.0,22.0,NASA_POWER_SARAH3_LiuJordan1960
1896,3,20,23,0.0,22.0,NASA_POWER_SARAH3_LiuJordan1960
1897,3,21,0,0.0,22.0,NASA_POWER_SARAH3_LiuJordan1960
1898,3,21,1,0.0,22.0,NASA_POWER_SARAH3_LiuJordan1960
1899,3,21,2,0.0,22.0,NASA_POWER_SARAH3_LiuJordan1960
1900,3,21,3,0.0,22.0,NASA_POWER_SARAH3_LiuJordan1960
1901,3,21,4,0.0,22.0,NASA_POWER_SARAH3_LiuJordan1960
1902,3,21,5,0.0,26.0,NASA_POWER_SARAH3_LiuJordan1960
1903,3,21,6,0.089997,27.78,NASA_POWER_SARAH3_LiuJordan1960
1904,3,21,7,0.267842,29.471,NASA_POWER_SARAH3_LiuJordan1960
1905,3,21,8,0.427293,30.988,NASA_POWER_SARAH3_LiuJordan1960
1906,3,21,9,0.557484,32.255,NASA_POWER_SARAH3_LiuJordan1960
1907,3,21,10,0.649543,33.208,NASA_POWER_SARAH3_LiuJordan1960
1908,3,21,11,0.697196,33.799,NASA_POWER_SARAH3_LiuJordan1960
1909,3,21,12,0.697196,34.0,NASA_POWER_SARAH3_LiuJordan1960
1910,3,21,13,0.649543,33.799,NASA_POWER_SARAH3_LiuJordan1960
1911,3,21,14,0.557484,33.208,NASA_POWER_SARAH3_LiuJordan1960
1912,3,21,15,0.427293,32.255,NASA_POWER_SARAH3_LiuJordan1960
1913,3,21,16,0.267842,30.988,NASA_POWER_SARAH3_LiuJordan1960
1914,3,21,17,0.089997,29.471,NASA_POWER_SARAH3_LiuJordan1960
1915,3,21,18,0.0,27.78,NASA_POWER_SARAH3_LiuJordan1960
1916,3,21,19,0.0,26.0,NASA_POWER_SARAH3_LiuJordan1960
1917,3,21,20,0.0,22.0,NASA_POWER_SARAH3_LiuJordan1960
1918,3,21,21,0.0,22.0,NASA_POWER_SARAH3_LiuJordan1960
1919,3,21,22,0.0,22.0,NASA_POWER_SARAH3_LiuJordan1960
1920,3,21,23,0.0,22.0,NASA_POWER_SARAH3_LiuJordan1960
1921,3,22,0,0.0,22.0,NASA_POWER_SARAH3_LiuJordan1960
1922,3,22,1,0.0,22.0,NASA_POWER_SARAH3_LiuJordan1960
1923,3,22,2,0.0,22.0,NASA_POWER_SARAH3_LiuJordan1960
1924,3,22,3,0.0,22.0,NASA_POWER_SARAH3_LiuJordan1960
1925,3,22,4,0.0,22.0,NASA_POWER_SARAH3_LiuJordan1960
1926,3,22,5,0.0,26.0,NASA_POWER_SARAH3_LiuJordan1960
1927,3,22,6,0.101546,27.78,NASA_POWER_SARAH3_LiuJordan1960
1928,3,22,7,0.297718,29.471,NASA_POWER_SARAH3_LiuJordan1960
1929,3,22,8,0.4736,30.988,NASA_POWER_SARAH3_LiuJordan1960
1930,3,22,9,0.617208,32.255,NASA_POWER_SARAH3_LiuJordan1960
1931,3,22,10,0.718754,33.208,NASA_POWER_SARAH3_LiuJordan1960
1932,3,22,11,0.771318,33.799,NASA_POWER_SARAH3_LiuJordan1960
1933,3,22,12,0.771318,34.0,NASA_POWER_SARAH3_LiuJordan1960
1934,3,22,13,0.718754,33.799,NASA_POWER_SARAH3_LiuJordan1960
1935,3,22,14,0.617208,33.208,NASA_POWER_SARAH3_LiuJordan1960
1936,3,22,15,0.4736,32.255,NASA_POWER_SARAH3_LiuJordan1960
1937,3,22,16,0.297718,30.988,NASA_POWER_SARAH3_LiuJordan1960
1938,3,22,17,0.101546,29.471,NASA_POWER_SARAH3_LiuJordan1960
1939,3,22,18,0.0,27.78,NASA_POWER_SARAH3_LiuJordan1960
1940,3,22,19,0.0,26.0,NASA_POWER_SARAH3_LiuJordan1960
1941,3,22,20,0.0,22.0,NASA_POWER_SARAH3_LiuJordan1960
1942,3,22,21,0.0,22.0,NASA_POWER_SARAH3_LiuJordan1960
1943,3,22,22,0.0,22.0,NASA_POWER_SARAH3_LiuJordan1960
1944,3,22,23,0.0,22.0,NASA_POWER_SARAH3_LiuJordan1960
1945,3,23,0,0.0,22.0,NASA_POWER_SARAH3_LiuJordan1960
1946,3,23,1,0.0,22.0,NASA_POWER_SARAH3_LiuJordan1960
1947,3,23,2,0.0,22.0,NASA_POWER_SARAH3_LiuJordan1960
1948,3,23,3,0.0,22.0,NASA_POWER_SARAH3_LiuJordan1960
1949,3,23,4,0.0,22.0,NASA_POWER_SARAH3_LiuJordan1960
1950,3,23,5,0.0,26.0,NASA_POWER_SARAH3_LiuJordan1960
1951,3,23,6,0.092397,27.78,NASA_POWER_SARAH3_LiuJordan1960
1952,3,23,7,0.266983,29.471,NASA_POWER_SARAH3_LiuJordan1960
1953,3,23,8,0.423513,30.988,NASA_POWER_SARAH3_LiuJordan1960
1954,3,23,9,0.55132,32.255,NASA_POWER_SARAH3_LiuJordan1960
1955,3,23,10,0.641692,33.208,NASA_POWER_SARAH3_LiuJordan1960
1956,3,23,11,0.688473,33.799,NASA_POWER_SARAH3_LiuJordan1960
1957,3,23,12,0.688473,34.0,NASA_POWER_SARAH3_LiuJordan1960
1958,3,23,13,0.641692,33.799,NASA_POWER_SARAH3_LiuJordan1960
1959,3,23,14,0.55132,33.208,NASA_POWER_SARAH3_LiuJordan1960
1960,3,23,15,0.423513,32.255,NASA_POWER_SARAH3_LiuJordan1960
1961,3,23,16,0.266983,30.988,NASA_POWER_SARAH3_LiuJordan1960
1962,3,23,17,0.092397,29.471,NASA_POWER_SARAH3_LiuJordan1960
1963,3,23,18,0.0,27.78,NASA_POWER_SARAH3_LiuJordan1960
1964,3,23,19,0.0,26.0,NASA_POWER_SARAH3_LiuJordan1960
1965,3,23,20,0.0,22.0,NASA_POWER_SARAH3_LiuJordan1960
1966,3,23,21,0.0,22.0,NASA_POWER_SARAH3_LiuJordan1960
1967,3,23,22,0.0,22.0,NASA_POWER_SARAH3_LiuJordan1960
1968,3,23,23,0.0,22.0,NASA_POWER_SARAH3_LiuJordan1960
1969,3,24,0,0.0,22.0,NASA_POWER_SARAH3_LiuJordan1960
1970,3,24,1,0.0,22.0,NASA_POWER_SARAH3_LiuJordan1960
1971,3,24,2,0.0,22.0,NASA_POWER_SARAH3_LiuJordan1960
1972,3,24,3,0.0,22.0,NASA_POWER_SARAH3_LiuJordan1960
1973,3,24,4,0.0,22.0,NASA_POWER_SARAH3_LiuJordan1960
1974,3,24,5,0.0,26.0,NASA_POWER_SARAH3_LiuJordan1960
1975,3,24,6,0.112699,27.78,NASA_POWER_SARAH3_LiuJordan1960
1976,3,24,7,0.321083,29.471,NASA_POWER_SARAH3_LiuJordan1960
1977,3,24,8,0.507916,30.988,NASA_POWER_SARAH3_LiuJordan1960
1978,3,24,9,0.660464,32.255,NASA_POWER_SARAH3_LiuJordan1960
1979,3,24,10,0.768332,33.208,NASA_POWER_SARAH3_LiuJordan1960
1980,3,24,11,0.824168,33.799,NASA_POWER_SARAH3_LiuJordan1960
1981,3,24,12,0.824168,34.0,NASA_POWER_SARAH3_LiuJordan1960
1982,3,24,13,0.768332,33.799,NASA_POWER_SARAH3_LiuJordan1960
1983,3,24,14,0.660464,33.208,NASA_POWER_SARAH3_LiuJordan1960
1984,3,24,15,0.507916,32.255,NASA_POWER_SARAH3_LiuJordan1960
1985,3,24,16,0.321083,30.988,NASA_POWER_SARAH3_LiuJordan1960
1986,3,24,17,0.112699,29.471,NASA_POWER_SARAH3_LiuJordan1960
1987,3,24,18,0.0,27.78,NASA_POWER_SARAH3_LiuJordan1960
1988,3,24,19,0.0,26.0,NASA_POWER_SARAH3_LiuJordan1960
1989,3,24,20,0.0,22.0,NASA_POWER_SARAH3_LiuJordan1960
1990,3,24,21,0.0,22.0,NASA_POWER_SARAH3_LiuJordan1960
1991,3,24,22,0.0,22.0,NASA_POWER_SARAH3_LiuJordan1960
1992,3,24,23,0.0,22.0,NASA_POWER_SARAH3_LiuJordan1960
1993,3,25,0,0.0,22.0,NASA_POWER_SARAH3_LiuJordan1960
1994,3,25,1,0.0,22.0,NASA_POWER_SARAH3_LiuJordan1960
1995,3,25,2,0.0,22.0,NASA_POWER_SARAH3_LiuJordan1960
1996,3,25,3,0.0,22.0,NASA_POWER_SARAH3_LiuJordan1960
1997,3,25,4,0.0,22.0,NASA_POWER_SARAH3_LiuJordan1960
1998,3,25,5,0.0,26.0,NASA_POWER_SARAH3_LiuJordan1960
1999,3,25,6,0.097002,27.78,NASA_POWER_SARAH3_LiuJordan1960
2000,3,25,7,0.272602,29.471,NASA_POWER_SARAH3_LiuJordan1960
2001,3,25,8,0.43004,30.988,NASA_POWER_SARAH3_LiuJordan1960
2002,3,25,9,0.558588,32.255,NASA_POWER_SARAH3_LiuJordan1960
2003,3,25,10,0.649485,33.208,NASA_POWER_SARAH3_LiuJordan1960
2004,3,25,11,0.696536,33.799,NASA_POWER_SARAH3_LiuJordan1960
2005,3,25,12,0.696536,34.0,NASA_POWER_SARAH3_LiuJordan1960
2006,3,25,13,0.649485,33.799,NASA_POWER_SARAH3_LiuJordan1960
2007,3,25,14,0.558588,33.208,NASA_POWER_SARAH3_LiuJordan1960
2008,3,25,15,0.43004,32.255,NASA_POWER_SARAH3_LiuJordan1960
2009,3,25,16,0.272602,30.988,NASA_POWER_SARAH3_LiuJordan1960
2010,3,25,17,0.097002,29.471,NASA_POWER_SARAH3_LiuJordan1960
2011,3,25,18,0.0,27.78,NASA_POWER_SARAH3_LiuJordan1960
2012,3,25,19,0.0,26.0,NASA_POWER_SARAH3_LiuJordan1960
2013,3,25,20,0.0,22.0,NASA_POWER_SARAH3_LiuJordan1960
2014,3,25,21,0.0,22.0,NASA_POWER_SARAH3_LiuJordan1960
2015,3,25,22,0.0,22.0,NASA_POWER_SARAH3_LiuJordan1960
2016,3,25,23,0.0,22.0,NASA_POWER_SARAH3_LiuJordan1960
2017,3,26,0,0.0,22.0,NASA_POWER_SARAH3_LiuJordan1960
2018,3,26,1,0.0,22.0,NASA_POWER_SARAH3_LiuJordan1960
2019,3,26,2,0.0,22.0,NASA_POWER_SARAH3_LiuJordan1960
2020,3,26,3,0.0,22.0,NASA_POWER_SARAH3_LiuJordan1960
2021,3,26,4,0.0,22.0,NASA_POWER_SARAH3_LiuJordan1960
2022,3,26,5,0.0,26.0,NASA_POWER_SARAH3_LiuJordan1960
2023,3,26,6,0.10671,27.78,NASA_POWER_SARAH3_LiuJordan1960
2024,3,26,7,0.295918,29.471,NASA_POWER_SARAH3_LiuJordan1960
2025,3,26,8,0.465558,30.988,NASA_POWER_SARAH3_LiuJordan1960
2026,3,26,9,0.604068,32.255,NASA_POWER_SARAH3_LiuJordan1960
2027,3,26,10,0.702009,33.208,NASA_POWER_SARAH3_LiuJordan1960
2028,3,26,11,0.752707,33.799,NASA_POWER_SARAH3_LiuJordan1960
2029,3,26,12,0.752707,34.0,NASA_POWER_SARAH3_LiuJordan1960
2030,3,26,13,0.702009,33.799,NASA_POWER_SARAH3_LiuJordan1960
2031,3,26,14,0.604068,33.208,NASA_POWER_SARAH3_LiuJordan1960
2032,3,26,15,0.465558,32.255,NASA_POWER_SARAH3_LiuJordan1960
2033,3,26,16,0.295918,30.988,NASA_POWER_SARAH3_LiuJordan1960
2034,3,26,17,0.10671,29.471,NASA_POWER_SARAH3_LiuJordan1960
2035,3,26,18,0.0,27.78,NASA_POWER_SARAH3_LiuJordan1960
2036,3,26,19,0.0,26.0,NASA_POWER_SARAH3_LiuJordan1960
2037,3,26,20,0.0,22.0,NASA_POWER_SARAH3_LiuJordan1960
2038,3,26,21,0.0,22.0,NASA_POWER_SARAH3_LiuJordan1960
2039,3,26,22,0.0,22.0,NASA_POWER_SARAH3_LiuJordan1960
2040,3,26,23,0.0,22.0,NASA_POWER_SARAH3_LiuJordan1960
2041,3,27,0,0.0,22.0,NASA_POWER_SARAH3_LiuJordan1960
2042,3,27,1,0.0,22.0,NASA_POWER_SARAH3_LiuJordan1960
2043,3,27,2,0.0,22.0,NASA_POWER_SARAH3_LiuJordan1960
2044,3,27,3,0.0,22.0,NASA_POWER_SARAH3_LiuJordan1960
2045,3,27,4,0.0,22.0,NASA_POWER_SARAH3_LiuJordan1960
2046,3,27,5,0.0,26.0,NASA_POWER_SARAH3_LiuJordan1960
2047,3,27,6,0.106198,27.78,NASA_POWER_SARAH3_LiuJordan1960
2048,3,27,7,0.290713,29.471,NASA_POWER_SARAH3_LiuJordan1960
2049,3,27,8,0.456145,30.988,NASA_POWER_SARAH3_LiuJordan1960
2050,3,27,9,0.59122,32.255,NASA_POWER_SARAH3_LiuJordan1960
2051,3,27,10,0.686732,33.208,NASA_POWER_SARAH3_LiuJordan1960
2052,3,27,11,0.736172,33.799,NASA_POWER_SARAH3_LiuJordan1960
2053,3,27,12,0.736172,34.0,NASA_POWER_SARAH3_LiuJordan1960
2054,3,27,13,0.686732,33.799,NASA_POWER_SARAH3_LiuJordan1960
2055,3,27,14,0.59122,33.208,NASA_POWER_SARAH3_LiuJordan1960
2056,3,27,15,0.456145,32.255,NASA_POWER_SARAH3_LiuJordan1960
2057,3,27,16,0.290713,30.988,NASA_POWER_SARAH3_LiuJordan1960
2058,3,27,17,0.106198,29.471,NASA_POWER_SARAH3_LiuJordan1960
2059,3,27,18,0.0,27.78,NASA_POWER_SARAH3_LiuJordan1960
2060,3,27,19,0.0,26.0,NASA_POWER_SARAH3_LiuJordan1960
2061,3,27,20,0.0,22.0,NASA_POWER_SARAH3_LiuJordan1960
2062,3,27,21,0.0,22.0,NASA_POWER_SARAH3_LiuJordan1960
2063,3,27,22,0.0,22.0,NASA_POWER_SARAH3_LiuJordan1960
2064,3,27,23,0.0,22.0,NASA_POWER_SARAH3_LiuJordan1960
2065,3,28,0,0.0,22.0,NASA_POWER_SARAH3_LiuJordan1960
2066,3,28,1,0.0,22.0,NASA_POWER_SARAH3_LiuJordan1960
2067,3,28,2,0.0,22.0,NASA_POWER_SARAH3_LiuJordan1960
2068,3,28,3,0.0,22.0,NASA_POWER_SARAH3_LiuJordan1960
2069,3,28,4,0.0,22.0,NASA_POWER_SARAH3_LiuJordan1960
2070,3,28,5,0.0,26.0,NASA_POWER_SARAH3_LiuJordan1960
2071,3,28,6,0.112711,27.78,NASA_POWER_SARAH3_LiuJordan1960
2072,3,28,7,0.304688,29.471,NASA_POWER_SARAH3_LiuJordan1960
2073,3,28,8,0.47681,30.988,NASA_POWER_SARAH3_LiuJordan1960
2074,3,28,9,0.617347,32.255,NASA_POWER_SARAH3_LiuJordan1960
2075,3,28,10,0.716722,33.208,NASA_POWER_SARAH3_LiuJordan1960
2076,3,28,11,0.768162,33.799,NASA_POWER_SARAH3_LiuJordan1960
2077,3,28,12,0.768162,34.0,NASA_POWER_SARAH3_LiuJordan1960
2078,3,28,13,0.716722,33.799,NASA_POWER_SARAH3_LiuJordan1960
2079,3,28,14,0.617347,33.208,NASA_POWER_SARAH3_LiuJordan1960
2080,3,28,15,0.47681,32.255,NASA_POWER_SARAH3_LiuJordan1960
2081,3,28,16,0.304688,30.988,NASA_POWER_SARAH3_LiuJordan1960
2082,3,28,17,0.112711,29.471,NASA_POWER_SARAH3_LiuJordan1960
2083,3,28,18,0.0,27.78,NASA_POWER_SARAH3_LiuJordan1960
2084,3,28,19,0.0,26.0,NASA_POWER_SARAH3_LiuJordan1960
2085,3,28,20,0.0,22.0,NASA_POWER_SARAH3_LiuJordan1960
2086,3,28,21,0.0,22.0,NASA_POWER_SARAH3_LiuJordan1960
2087,3,28,22,0.0,22.0,NASA_POWER_SARAH3_LiuJordan1960
2088,3,28,23,0.0,22.0,NASA_POWER_SARAH3_LiuJordan1960
2089,3,29,0,0.0,22.0,NASA_POWER_SARAH3_LiuJordan1960
2090,3,29,1,0.0,22.0,NASA_POWER_SARAH3_LiuJordan1960
2091,3,29,2,0.0,22.0,NASA_POWER_SARAH3_LiuJordan1960
2092,3,29,3,0.0,22.0,NASA_POWER_SARAH3_LiuJordan1960
2093,3,29,4,0.0,22.0,NASA_POWER_SARAH3_LiuJordan1960
2094,3,29,5,0.0,26.0,NASA_POWER_SARAH3_LiuJordan1960
2095,3,29,6,0.108137,27.78,NASA_POWER_SARAH3_LiuJordan1960
2096,3,29,7,0.288771,29.471,NASA_POWER_SARAH3_LiuJordan1960
2097,3,29,8,0.450723,30.988,NASA_POWER_SARAH3_LiuJordan1960
2098,3,29,9,0.582956,32.255,NASA_POWER_SARAH3_LiuJordan1960
2099,3,29,10,0.676459,33.208,NASA_POWER_SARAH3_LiuJordan1960
2100,3,29,11,0.724859,33.799,NASA_POWER_SARAH3_LiuJordan1960
2101,3,29,12,0.724859,34.0,NASA_POWER_SARAH3_LiuJordan1960
2102,3,29,13,0.676459,33.799,NASA_POWER_SARAH3_LiuJordan1960
2103,3,29,14,0.582956,33.208,NASA_POWER_SARAH3_LiuJordan1960
2104,3,29,15,0.450723,32.255,NASA_POWER_SARAH3_LiuJordan1960
2105,3,29,16,0.288771,30.988,NASA_POWER_SARAH3_LiuJordan1960
2106,3,29,17,0.108137,29.471,NASA_POWER_SARAH3_LiuJordan1960
2107,3,29,18,0.0,27.78,NASA_POWER_SARAH3_LiuJordan1960
2108,3,29,19,0.0,26.0,NASA_POWER_SARAH3_LiuJordan1960
2109,3,29,20,0.0,22.0,NASA_POWER_SARAH3_LiuJordan1960
2110,3,29,21,0.0,22.0,NASA_POWER_SARAH3_LiuJordan1960
2111,3,29,22,0.0,22.0,NASA_POWER_SARAH3_LiuJordan1960
2112,3,29,23,0.0,22.0,NASA_POWER_SARAH3_LiuJordan1960
2113,3,30,0,0.0,22.0,NASA_POWER_SARAH3_LiuJordan1960
2114,3,30,1,0.0,22.0,NASA_POWER_SARAH3_LiuJordan1960
2115,3,30,2,0.0,22.0,NASA_POWER_SARAH3_LiuJordan1960
2116,3,30,3,0.0,22.0,NASA_POWER_SARAH3_LiuJordan1960
2117,3,30,4,0.0,22.0,NASA_POWER_SARAH3_LiuJordan1960
2118,3,30,5,0.0,26.0,NASA_POWER_SARAH3_LiuJordan1960
2119,3,30,6,0.118183,27.78,NASA_POWER_SARAH3_LiuJordan1960
2120,3,30,7,0.311869,29.471,NASA_POWER_SARAH3_LiuJordan1960
2121,3,30,8,0.485523,30.988,NASA_POWER_SARAH3_LiuJordan1960
2122,3,30,9,0.62731,32.255,NASA_POWER_SARAH3_LiuJordan1960
2123,3,30,10,0.727569,33.208,NASA_POWER_SARAH3_LiuJordan1960
2124,3,30,11,0.779467,33.799,NASA_POWER_SARAH3_LiuJordan1960
2125,3,30,12,0.779467,34.0,NASA_POWER_SARAH3_LiuJordan1960
2126,3,30,13,0.727569,33.799,NASA_POWER_SARAH3_LiuJordan1960
2127,3,30,14,0.62731,33.208,NASA_POWER_SARAH3_LiuJordan1960
2128,3,30,15,0.485523,32.255,NASA_POWER_SARAH3_LiuJordan1960
2129,3,30,16,0.311869,30.988,NASA_POWER_SARAH3_LiuJordan1960
2130,3,30,17,0.118183,29.471,NASA_POWER_SARAH3_LiuJordan1960
2131,3,30,18,0.0,27.78,NASA_POWER_SARAH3_LiuJordan1960
2132,3,30,19,0.0,26.0,NASA_POWER_SARAH3_LiuJordan1960
2133,3,30,20,0.0,22.0,NASA_POWER_SARAH3_LiuJordan1960
2134,3,30,21,0.0,22.0,NASA_POWER_SARAH3_LiuJordan1960
2135,3,30,22,0.0,22.0,NASA_POWER_SARAH3_LiuJordan1960
2136,3,30,23,0.0,22.0,NASA_POWER_SARAH3_LiuJordan1960
2137,3,31,0,0.0,22.0,NASA_POWER_SARAH3_LiuJordan1960
2138,3,31,1,0.0,22.0,NASA_POWER_SARAH3_LiuJordan1960
2139,3,31,2,0.0,22.0,NASA_POWER_SARAH3_LiuJordan1960
2140,3,31,3,0.0,22.0,NASA_POWER_SARAH3_LiuJordan1960
2141,3,31,4,0.0,22.0,NASA_POWER_SARAH3_LiuJordan1960
2142,3,31,5,0.0,26.0,NASA_POWER_SARAH3_LiuJordan1960
2143,3,31,6,0.122179,27.78,NASA_POWER_SARAH3_LiuJordan1960
2144,3,31,7,0.318707,29.471,NASA_POWER_SARAH3_LiuJordan1960
2145,3,31,8,0.49491,30.988,NASA_POWER_SARAH3_LiuJordan1960
2146,3,31,9,0.638778,32.255,NASA_POWER_SARAH3_LiuJordan1960
2147,3,31,10,0.740508,33.208,NASA_POWER_SARAH3_LiuJordan1960
2148,3,31,11,0.793168,33.799,NASA_POWER_SARAH3_LiuJordan1960
2149,3,31,12,0.793168,34.0,NASA_POWER_SARAH3_LiuJordan1960
2150,3,31,13,0.740508,33.799,NASA_POWER_SARAH3_LiuJordan1960
2151,3,31,14,0.638778,33.208,NASA_POWER_SARAH3_LiuJordan1960
2152,3,31,15,0.49491,32.255,NASA_POWER_SARAH3_LiuJordan1960
2153,3,31,16,0.318707,30.988,NASA_POWER_SARAH3_LiuJordan1960
2154,3,31,17,0.122179,29.471,NASA_POWER_SARAH3_LiuJordan1960
2155,3,31,18,0.0,27.78,NASA_POWER_SARAH3_LiuJordan1960
2156,3,31,19,0.0,26.0,NASA_POWER_SARAH3_LiuJordan1960
2157,3,31,20,0.0,22.0,NASA_POWER_SARAH3_LiuJordan1960
2158,3,31,21,0.0,22.0,NASA_POWER_SARAH3_LiuJordan1960
2159,3,31,22,0.0,22.0,NASA_POWER_SARAH3_LiuJordan1960
2160,3,31,23,0.0,22.0,NASA_POWER_SARAH3_LiuJordan1960
2161,4,1,0,0.0,26.0,NASA_POWER_SARAH3_LiuJordan1960
2162,4,1,1,0.0,26.0,NASA_POWER_SARAH3_LiuJordan1960
2163,4,1,2,0.0,26.0,NASA_POWER_SARAH3_LiuJordan1960
2164,4,1,3,0.0,26.0,NASA_POWER_SARAH3_LiuJordan1960
2165,4,1,4,0.0,26.0,NASA_POWER_SARAH3_LiuJordan1960
2166,4,1,5,0.0,29.5,NASA_POWER_SARAH3_LiuJordan1960
2167,4,1,6,0.115404,31.058,NASA_POWER_SARAH3_LiuJordan1960
2168,4,1,7,0.297665,32.537,NASA_POWER_SARAH3_LiuJordan1960
2169,4,1,8,0.461075,33.864,NASA_POWER_SARAH3_LiuJordan1960
2170,4,1,9,0.5945,34.973,NASA_POWER_SARAH3_LiuJordan1960
2171,4,1,10,0.688845,35.807,NASA_POWER_SARAH3_LiuJordan1960
2172,4,1,11,0.737681,36.324,NASA_POWER_SARAH3_LiuJordan1960
2173,4,1,12,0.737681,36.5,NASA_POWER_SARAH3_LiuJordan1960
2174,4,1,13,0.688845,36.324,NASA_POWER_SARAH3_LiuJordan1960
2175,4,1,14,0.5945,35.807,NASA_POWER_SARAH3_LiuJordan1960
2176,4,1,15,0.461075,34.973,NASA_POWER_SARAH3_LiuJordan1960
2177,4,1,16,0.297665,33.864,NASA_POWER_SARAH3_LiuJordan1960
2178,4,1,17,0.115404,32.537,NASA_POWER_SARAH3_LiuJordan1960
2179,4,1,18,0.0,31.058,NASA_POWER_SARAH3_LiuJordan1960
2180,4,1,19,0.0,29.5,NASA_POWER_SARAH3_LiuJordan1960
2181,4,1,20,0.0,26.0,NASA_POWER_SARAH3_LiuJordan1960
2182,4,1,21,0.0,26.0,NASA_POWER_SARAH3_LiuJordan1960
2183,4,1,22,0.0,26.0,NASA_POWER_SARAH3_LiuJordan1960
2184,4,1,23,0.0,26.0,NASA_POWER_SARAH3_LiuJordan1960
2185,4,2,0,0.0,26.0,NASA_POWER_SARAH3_LiuJordan1960
2186,4,2,1,0.0,26.0,NASA_POWER_SARAH3_LiuJordan1960
2187,4,2,2,0.0,26.0,NASA_POWER_SARAH3_LiuJordan1960
2188,4,2,3,0.0,26.0,NASA_POWER_SARAH3_LiuJordan1960
2189,4,2,4,0.0,26.0,NASA_POWER_SARAH3_LiuJordan1960
2190,4,2,5,0.0,29.5,NASA_POWER_SARAH3_LiuJordan1960
2191,4,2,6,0.118834,31.058,NASA_POWER_SARAH3_LiuJordan1960
2192,4,2,7,0.303175,32.537,NASA_POWER_SARAH3_LiuJordan1960
2193,4,2,8,0.468451,33.864,NASA_POWER_SARAH3_LiuJordan1960
2194,4,2,9,0.603398,34.973,NASA_POWER_SARAH3_LiuJordan1960
2195,4,2,10,0.69882,35.807,NASA_POWER_SARAH3_LiuJordan1960
2196,4,2,11,0.748214,36.324,NASA_POWER_SARAH3_LiuJordan1960
2197,4,2,12,0.748214,36.5,NASA_POWER_SARAH3_LiuJordan1960
2198,4,2,13,0.69882,36.324,NASA_POWER_SARAH3_LiuJordan1960
2199,4,2,14,0.603398,35.807,NASA_POWER_SARAH3_LiuJordan1960
2200,4,2,15,0.468451,34.973,NASA_POWER_SARAH3_LiuJordan1960
2201,4,2,16,0.303175,33.864,NASA_POWER_SARAH3_LiuJordan1960
2202,4,2,17,0.118834,32.537,NASA_POWER_SARAH3_LiuJordan1960
2203,4,2,18,0.0,31.058,NASA_POWER_SARAH3_LiuJordan1960
2204,4,2,19,0.0,29.5,NASA_POWER_SARAH3_LiuJordan1960
2205,4,2,20,0.0,26.0,NASA_POWER_SARAH3_LiuJordan1960
2206,4,2,21,0.0,26.0,NASA_POWER_SARAH3_LiuJordan1960
2207,4,2,22,0.0,26.0,NASA_POWER_SARAH3_LiuJordan1960
2208,4,2,23,0.0,26.0,NASA_POWER_SARAH3_LiuJordan1960
2209,4,3,0,0.0,26.0,NASA_POWER_SARAH3_LiuJordan1960
2210,4,3,1,0.0,26.0,NASA_POWER_SARAH3_LiuJordan1960
2211,4,3,2,0.0,26.0,NASA_POWER_SARAH3_LiuJordan1960
2212,4,3,3,0.0,26.0,NASA_POWER_SARAH3_LiuJordan1960
2213,4,3,4,0.0,26.0,NASA_POWER_SARAH3_LiuJordan1960
2214,4,3,5,0.0,29.5,NASA_POWER_SARAH3_LiuJordan1960
2215,4,3,6,0.121427,31.058,NASA_POWER_SARAH3_LiuJordan1960
2216,4,3,7,0.306506,32.537,NASA_POWER_SARAH3_LiuJordan1960
2217,4,3,8,0.472444,33.864,NASA_POWER_SARAH3_LiuJordan1960
2218,4,3,9,0.607931,34.973,NASA_POWER_SARAH3_LiuJordan1960
2219,4,3,10,0.703735,35.807,NASA_POWER_SARAH3_LiuJordan1960
2220,4,3,11,0.753327,36.324,NASA_POWER_SARAH3_LiuJordan1960
2221,4,3,12,0.753327,36.5,NASA_POWER_SARAH3_LiuJordan1960
2222,4,3,13,0.703735,36.324,NASA_POWER_SARAH3_LiuJordan1960
2223,4,3,14,0.607931,35.807,NASA_POWER_SARAH3_LiuJordan1960
2224,4,3,15,0.472444,34.973,NASA_POWER_SARAH3_LiuJordan1960
2225,4,3,16,0.306506,33.864,NASA_POWER_SARAH3_LiuJordan1960
2226,4,3,17,0.121427,32.537,NASA_POWER_SARAH3_LiuJordan1960
2227,4,3,18,0.0,31.058,NASA_POWER_SARAH3_LiuJordan1960
2228,4,3,19,0.0,29.5,NASA_POWER_SARAH3_LiuJordan1960
2229,4,3,20,0.0,26.0,NASA_POWER_SARAH3_LiuJordan1960
2230,4,3,21,0.0,26.0,NASA_POWER_SARAH3_LiuJordan1960
2231,4,3,22,0.0,26.0,NASA_POWER_SARAH3_LiuJordan1960
2232,4,3,23,0.0,26.0,NASA_POWER_SARAH3_LiuJordan1960
2233,4,4,0,0.0,26.0,NASA_POWER_SARAH3_LiuJordan1960
2234,4,4,1,0.0,26.0,NASA_POWER_SARAH3_LiuJordan1960
2235,4,4,2,0.0,26.0,NASA_POWER_SARAH3_LiuJordan1960
2236,4,4,3,0.0,26.0,NASA_POWER_SARAH3_LiuJordan1960
2237,4,4,4,0.0,26.0,NASA_POWER_SARAH3_LiuJordan1960
2238,4,4,5,0.0,29.5,NASA_POWER_SARAH3_LiuJordan1960
2239,4,4,6,0.115442,31.058,NASA_POWER_SARAH3_LiuJordan1960
2240,4,4,7,0.288391,32.537,NASA_POWER_SARAH3_LiuJordan1960
2241,4,4,8,0.443452,33.864,NASA_POWER_SARAH3_LiuJordan1960
2242,4,4,9,0.57006,34.973,NASA_POWER_SARAH3_LiuJordan1960
2243,4,4,10,0.659584,35.807,NASA_POWER_SARAH3_LiuJordan1960
2244,4,4,11,0.705926,36.324,NASA_POWER_SARAH3_LiuJordan1960
2245,4,4,12,0.705926,36.5,NASA_POWER_SARAH3_LiuJordan1960
2246,4,4,13,0.659584,36.324,NASA_POWER_SARAH3_LiuJordan1960
2247,4,4,14,0.57006,35.807,NASA_POWER_SARAH3_LiuJordan1960
2248,4,4,15,0.443452,34.973,NASA_POWER_SARAH3_LiuJordan1960
2249,4,4,16,0.288391,33.864,NASA_POWER_SARAH3_LiuJordan1960
2250,4,4,17,0.115442,32.537,NASA_POWER_SARAH3_LiuJordan1960
2251,4,4,18,0.0,31.058,NASA_POWER_SARAH3_LiuJordan1960
2252,4,4,19,0.0,29.5,NASA_POWER_SARAH3_LiuJordan1960
2253,4,4,20,0.0,26.0,NASA_POWER_SARAH3_LiuJordan1960
2254,4,4,21,0.0,26.0,NASA_POWER_SARAH3_LiuJordan1960
2255,4,4,22,0.0,26.0,NASA_POWER_SARAH3_LiuJordan1960
2256,4,4,23,0.0,26.0,NASA_POWER_SARAH3_LiuJordan1960
2257,4,5,0,0.0,26.0,NASA_POWER_SARAH3_LiuJordan1960
2258,4,5,1,0.0,26.0,NASA_POWER_SARAH3_LiuJordan1960
2259,4,5,2,0.0,26.0,NASA_POWER_SARAH3_LiuJordan1960
2260,4,5,3,0.0,26.0,NASA_POWER_SARAH3_LiuJordan1960
2261,4,5,4,0.0,26.0,NASA_POWER_SARAH3_LiuJordan1960
2262,4,5,5,0.0,29.5,NASA_POWER_SARAH3_LiuJordan1960
2263,4,5,6,0.137815,31.058,NASA_POWER_SARAH3_LiuJordan1960
2264,4,5,7,0.34082,32.537,NASA_POWER_SARAH3_LiuJordan1960
2265,4,5,8,0.52283,33.864,NASA_POWER_SARAH3_LiuJordan1960
2266,4,5,9,0.67144,34.973,NASA_POWER_SARAH3_LiuJordan1960
2267,4,5,10,0.776523,35.807,NASA_POWER_SARAH3_LiuJordan1960
2268,4,5,11,0.830918,36.324,NASA_POWER_SARAH3_LiuJordan1960
2269,4,5,12,0.830918,36.5,NASA_POWER_SARAH3_LiuJordan1960
2270,4,5,13,0.776523,36.324,NASA_POWER_SARAH3_LiuJordan1960
2271,4,5,14,0.67144,35.807,NASA_POWER_SARAH3_LiuJordan1960
2272,4,5,15,0.52283,34.973,NASA_POWER_SARAH3_LiuJordan1960
2273,4,5,16,0.34082,33.864,NASA_POWER_SARAH3_LiuJordan1960
2274,4,5,17,0.137815,32.537,NASA_POWER_SARAH3_LiuJordan1960
2275,4,5,18,0.0,31.058,NASA_POWER_SARAH3_LiuJordan1960
2276,4,5,19,0.0,29.5,NASA_POWER_SARAH3_LiuJordan1960
2277,4,5,20,0.0,26.0,NASA_POWER_SARAH3_LiuJordan1960
2278,4,5,21,0.0,26.0,NASA_POWER_SARAH3_LiuJordan1960
2279,4,5,22,0.0,26.0,NASA_POWER_SARAH3_LiuJordan1960
2280,4,5,23,0.0,26.0,NASA_POWER_SARAH3_LiuJordan1960
2281,4,6,0,0.0,26.0,NASA_POWER_SARAH3_LiuJordan1960
2282,4,6,1,0.0,26.0,NASA_POWER_SARAH3_LiuJordan1960
2283,4,6,2,0.0,26.0,NASA_POWER_SARAH3_LiuJordan1960
2284,4,6,3,0.0,26.0,NASA_POWER_SARAH3_LiuJordan1960
2285,4,6,4,0.0,26.0,NASA_POWER_SARAH3_LiuJordan1960
2286,4,6,5,0.0,29.5,NASA_POWER_SARAH3_LiuJordan1960
2287,4,6,6,0.131268,31.058,NASA_POWER_SARAH3_LiuJordan1960
2288,4,6,7,0.32145,32.537,NASA_POWER_SARAH3_LiuJordan1960
2289,4,6,8,0.491962,33.864,NASA_POWER_SARAH3_LiuJordan1960
2290,4,6,9,0.631185,34.973,NASA_POWER_SARAH3_LiuJordan1960
2291,4,6,10,0.72963,35.807,NASA_POWER_SARAH3_LiuJordan1960
2292,4,6,11,0.780589,36.324,NASA_POWER_SARAH3_LiuJordan1960
2293,4,6,12,0.780589,36.5,NASA_POWER_SARAH3_LiuJordan1960
2294,4,6,13,0.72963,36.324,NASA_POWER_SARAH3_LiuJordan1960
2295,4,6,14,0.631185,35.807,NASA_POWER_SARAH3_LiuJordan1960
2296,4,6,15,0.491962,34.973,NASA_POWER_SARAH3_LiuJordan1960
2297,4,6,16,0.32145,33.864,NASA_POWER_SARAH3_LiuJordan1960
2298,4,6,17,0.131268,32.537,NASA_POWER_SARAH3_LiuJordan1960
2299,4,6,18,0.0,31.058,NASA_POWER_SARAH3_LiuJordan1960
2300,4,6,19,0.0,29.5,NASA_POWER_SARAH3_LiuJordan1960
2301,4,6,20,0.0,26.0,NASA_POWER_SARAH3_LiuJordan1960
2302,4,6,21,0.0,26.0,NASA_POWER_SARAH3_LiuJordan1960
2303,4,6,22,0.0,26.0,NASA_POWER_SARAH3_LiuJordan1960
2304,4,6,23,0.0,26.0,NASA_POWER_SARAH3_LiuJordan1960
2305,4,7,0,0.0,26.0,NASA_POWER_SARAH3_LiuJordan1960
2306,4,7,1,0.0,26.0,NASA_POWER_SARAH3_LiuJordan1960
2307,4,7,2,0.0,26.0,NASA_POWER_SARAH3_LiuJordan1960
2308,4,7,3,0.0,26.0,NASA_POWER_SARAH3_LiuJordan1960
2309,4,7,4,0.0,26.0,NASA_POWER_SARAH3_LiuJordan1960
2310,4,7,5,0.0,29.5,NASA_POWER_SARAH3_LiuJordan1960
2311,4,7,6,0.144376,31.058,NASA_POWER_SARAH3_LiuJordan1960
2312,4,7,7,0.350174,32.537,NASA_POWER_SARAH3_LiuJordan1960
2313,4,7,8,0.534688,33.864,NASA_POWER_SARAH3_LiuJordan1960
2314,4,7,9,0.685343,34.973,NASA_POWER_SARAH3_LiuJordan1960
2315,4,7,10,0.791873,35.807,NASA_POWER_SARAH3_LiuJordan1960
2316,4,7,11,0.847016,36.324,NASA_POWER_SARAH3_LiuJordan1960
2317,4,7,12,0.847016,36.5,NASA_POWER_SARAH3_LiuJordan1960
2318,4,7,13,0.791873,36.324,NASA_POWER_SARAH3_LiuJordan1960
2319,4,7,14,0.685343,35.807,NASA_POWER_SARAH3_LiuJordan1960
2320,4,7,15,0.534688,34.973,NASA_POWER_SARAH3_LiuJordan1960
2321,4,7,16,0.350174,33.864,NASA_POWER_SARAH3_LiuJordan1960
2322,4,7,17,0.144376,32.537,NASA_POWER_SARAH3_LiuJordan1960
2323,4,7,18,0.0,31.058,NASA_POWER_SARAH3_LiuJordan1960
2324,4,7,19,0.0,29.5,NASA_POWER_SARAH3_LiuJordan1960
2325,4,7,20,0.0,26.0,NASA_POWER_SARAH3_LiuJordan1960
2326,4,7,21,0.0,26.0,NASA_POWER_SARAH3_LiuJordan1960
2327,4,7,22,0.0,26.0,NASA_POWER_SARAH3_LiuJordan1960
2328,4,7,23,0.0,26.0,NASA_POWER_SARAH3_LiuJordan1960
2329,4,8,0,0.0,26.0,NASA_POWER_SARAH3_LiuJordan1960
2330,4,8,1,0.0,26.0,NASA_POWER_SARAH3_LiuJordan1960
2331,4,8,2,0.0,26.0,NASA_POWER_SARAH3_LiuJordan1960
2332,4,8,3,0.0,26.0,NASA_POWER_SARAH3_LiuJordan1960
2333,4,8,4,0.0,26.0,NASA_POWER_SARAH3_LiuJordan1960
2334,4,8,5,0.0,29.5,NASA_POWER_SARAH3_LiuJordan1960
2335,4,8,6,0.11723,31.058,NASA_POWER_SARAH3_LiuJordan1960
2336,4,8,7,0.28169,32.537,NASA_POWER_SARAH3_LiuJordan1960
2337,4,8,8,0.429141,33.864,NASA_POWER_SARAH3_LiuJordan1960
2338,4,8,9,0.549535,34.973,NASA_POWER_SARAH3_LiuJordan1960
2339,4,8,10,0.634666,35.807,NASA_POWER_SARAH3_LiuJordan1960
2340,4,8,11,0.678733,36.324,NASA_POWER_SARAH3_LiuJordan1960
2341,4,8,12,0.678733,36.5,NASA_POWER_SARAH3_LiuJordan1960
2342,4,8,13,0.634666,36.324,NASA_POWER_SARAH3_LiuJordan1960
2343,4,8,14,0.549535,35.807,NASA_POWER_SARAH3_LiuJordan1960
2344,4,8,15,0.429141,34.973,NASA_POWER_SARAH3_LiuJordan1960
2345,4,8,16,0.28169,33.864,NASA_POWER_SARAH3_LiuJordan1960
2346,4,8,17,0.11723,32.537,NASA_POWER_SARAH3_LiuJordan1960
2347,4,8,18,0.0,31.058,NASA_POWER_SARAH3_LiuJordan1960
2348,4,8,19,0.0,29.5,NASA_POWER_SARAH3_LiuJordan1960
2349,4,8,20,0.0,26.0,NASA_POWER_SARAH3_LiuJordan1960
2350,4,8,21,0.0,26.0,NASA_POWER_SARAH3_LiuJordan1960
2351,4,8,22,0.0,26.0,NASA_POWER_SARAH3_LiuJordan1960
2352,4,8,23,0.0,26.0,NASA_POWER_SARAH3_LiuJordan1960
2353,4,9,0,0.0,26.0,NASA_POWER_SARAH3_LiuJordan1960
2354,4,9,1,0.0,26.0,NASA_POWER_SARAH3_LiuJordan1960
2355,4,9,2,0.0,26.0,NASA_POWER_SARAH3_LiuJordan1960
2356,4,9,3,0.0,26.0,NASA_POWER_SARAH3_LiuJordan1960
2357,4,9,4,0.0,26.0,NASA_POWER_SARAH3_LiuJordan1960
2358,4,9,5,0.0,29.5,NASA_POWER_SARAH3_LiuJordan1960
2359,4,9,6,0.129632,31.058,NASA_POWER_SARAH3_LiuJordan1960
2360,4,9,7,0.30867,32.537,NASA_POWER_SARAH3_LiuJordan1960
2361,4,9,8,0.469191,33.864,NASA_POWER_SARAH3_LiuJordan1960
2362,4,9,9,0.600256,34.973,NASA_POWER_SARAH3_LiuJordan1960
2363,4,9,10,0.692933,35.807,NASA_POWER_SARAH3_LiuJordan1960
2364,4,9,11,0.740907,36.324,NASA_POWER_SARAH3_LiuJordan1960
2365,4,9,12,0.740907,36.5,NASA_POWER_SARAH3_LiuJordan1960
2366,4,9,13,0.692933,36.324,NASA_POWER_SARAH3_LiuJordan1960
2367,4,9,14,0.600256,35.807,NASA_POWER_SARAH3_LiuJordan1960
2368,4,9,15,0.469191,34.973,NASA_POWER_SARAH3_LiuJordan1960
2369,4,9,16,0.30867,33.864,NASA_POWER_SARAH3_LiuJordan1960
2370,4,9,17,0.129632,32.537,NASA_POWER_SARAH3_LiuJordan1960
2371,4,9,18,0.0,31.058,NASA_POWER_SARAH3_LiuJordan1960
2372,4,9,19,0.0,29.5,NASA_POWER_SARAH3_LiuJordan1960
2373,4,9,20,0.0,26.0,NASA_POWER_SARAH3_LiuJordan1960
2374,4,9,21,0.0,26.0,NASA_POWER_SARAH3_LiuJordan1960
2375,4,9,22,0.0,26.0,NASA_POWER_SARAH3_LiuJordan1960
2376,4,9,23,0.0,26.0,NASA_POWER_SARAH3_LiuJordan1960
2377,4,10,0,0.0,26.0,NASA_POWER_SARAH3_LiuJordan1960
2378,4,10,1,0.0,26.0,NASA_POWER_SARAH3_LiuJordan1960
2379,4,10,2,0.0,26.0,NASA_POWER_SARAH3_LiuJordan1960
2380,4,10,3,0.0,26.0,NASA_POWER_SARAH3_LiuJordan1960
2381,4,10,4,0.0,26.0,NASA_POWER_SARAH3_LiuJordan1960
2382,4,10,5,0.0,29.5,NASA_POWER_SARAH3_LiuJordan1960
2383,4,10,6,0.15005,31.058,NASA_POWER_SARAH3_LiuJordan1960
2384,4,10,7,0.354134,32.537,NASA_POWER_SARAH3_LiuJordan1960
2385,4,10,8,0.53711,33.864,NASA_POWER_SARAH3_LiuJordan1960
2386,4,10,9,0.68651,34.973,NASA_POWER_SARAH3_LiuJordan1960
2387,4,10,10,0.792151,35.807,NASA_POWER_SARAH3_LiuJordan1960
2388,4,10,11,0.846835,36.324,NASA_POWER_SARAH3_LiuJordan1960
2389,4,10,12,0.846835,36.5,NASA_POWER_SARAH3_LiuJordan1960
2390,4,10,13,0.792151,36.324,NASA_POWER_SARAH3_LiuJordan1960
2391,4,10,14,0.68651,35.807,NASA_POWER_SARAH3_LiuJordan1960
2392,4,10,15,0.53711,34.973,NASA_POWER_SARAH3_LiuJordan1960
2393,4,10,16,0.354134,33.864,NASA_POWER_SARAH3_LiuJordan1960
2394,4,10,17,0.15005,32.537,NASA_POWER_SARAH3_LiuJordan1960
2395,4,10,18,0.0,31.058,NASA_POWER_SARAH3_LiuJordan1960
2396,4,10,19,0.0,29.5,NASA_POWER_SARAH3_LiuJordan1960
2397,4,10,20,0.0,26.0,NASA_POWER_SARAH3_LiuJordan1960
2398,4,10,21,0.0,26.0,NASA_POWER_SARAH3_LiuJordan1960
2399,4,10,22,0.0,26.0,NASA_POWER_SARAH3_LiuJordan1960
2400,4,10,23,0.0,26.0,NASA_POWER_SARAH3_LiuJordan1960
2401,4,11,0,0.0,26.0,NASA_POWER_SARAH3_LiuJordan1960
2402,4,11,1,0.0,26.0,NASA_POWER_SARAH3_LiuJordan1960
2403,4,11,2,0.0,26.0,NASA_POWER_SARAH3_LiuJordan1960
2404,4,11,3,0.0,26.0,NASA_POWER_SARAH3_LiuJordan1960
2405,4,11,4,0.0,26.0,NASA_POWER_SARAH3_LiuJordan1960
2406,4,11,5,0.0,29.5,NASA_POWER_SARAH3_LiuJordan1960
2407,4,11,6,0.12246,31.058,NASA_POWER_SARAH3_LiuJordan1960
2408,4,11,7,0.28653,32.537,NASA_POWER_SARAH3_LiuJordan1960
2409,4,11,8,0.433632,33.864,NASA_POWER_SARAH3_LiuJordan1960
2410,4,11,9,0.55374,34.973,NASA_POWER_SARAH3_LiuJordan1960
2411,4,11,10,0.638669,35.807,NASA_POWER_SARAH3_LiuJordan1960
2412,4,11,11,0.682631,36.324,NASA_POWER_SARAH3_LiuJordan1960
2413,4,11,12,0.682631,36.5,NASA_POWER_SARAH3_LiuJordan1960
2414,4,11,13,0.638669,36.324,NASA_POWER_SARAH3_LiuJordan1960
2415,4,11,14,0.55374,35.807,NASA_POWER_SARAH3_LiuJordan1960
2416,4,11,15,0.433632,34.973,NASA_POWER_SARAH3_LiuJordan1960
2417,4,11,16,0.28653,33.864,NASA_POWER_SARAH3_LiuJordan1960
2418,4,11,17,0.12246,32.537,NASA_POWER_SARAH3_LiuJordan1960
2419,4,11,18,0.0,31.058,NASA_POWER_SARAH3_LiuJordan1960
2420,4,11,19,0.0,29.5,NASA_POWER_SARAH3_LiuJordan1960
2421,4,11,20,0.0,26.0,NASA_POWER_SARAH3_LiuJordan1960
2422,4,11,21,0.0,26.0,NASA_POWER_SARAH3_LiuJordan1960
2423,4,11,22,0.0,26.0,NASA_POWER_SARAH3_LiuJordan1960
2424,4,11,23,0.0,26.0,NASA_POWER_SARAH3_LiuJordan1960
2425,4,12,0,0.0,26.0,NASA_POWER_SARAH3_LiuJordan1960
2426,4,12,1,0.0,26.0,NASA_POWER_SARAH3_LiuJordan1960
2427,4,12,2,0.0,26.0,NASA_POWER_SARAH3_LiuJordan1960
2428,4,12,3,0.0,26.0,NASA_POWER_SARAH3_LiuJordan1960
2429,4,12,4,0.0,26.0,NASA_POWER_SARAH3_LiuJordan1960
2430,4,12,5,0.0,29.5,NASA_POWER_SARAH3_LiuJordan1960
2431,4,12,6,0.146669,31.058,NASA_POWER_SARAH3_LiuJordan1960
2432,4,12,7,0.340295,32.537,NASA_POWER_SARAH3_LiuJordan1960
2433,4,12,8,0.513895,33.864,NASA_POWER_SARAH3_LiuJordan1960
2434,4,12,9,0.655639,34.973,NASA_POWER_SARAH3_LiuJordan1960
2435,4,12,10,0.755867,35.807,NASA_POWER_SARAH3_LiuJordan1960
2436,4,12,11,0.807749,36.324,NASA_POWER_SARAH3_LiuJordan1960
2437,4,12,12,0.807749,36.5,NASA_POWER_SARAH3_LiuJordan1960
2438,4,12,13,0.755867,36.324,NASA_POWER_SARAH3_LiuJordan1960
2439,4,12,14,0.655639,35.807,NASA_POWER_SARAH3_LiuJordan1960
2440,4,12,15,0.513895,34.973,NASA_POWER_SARAH3_LiuJordan1960
2441,4,12,16,0.340295,33.864,NASA_POWER_SARAH3_LiuJordan1960
2442,4,12,17,0.146669,32.537,NASA_POWER_SARAH3_LiuJordan1960
2443,4,12,18,0.0,31.058,NASA_POWER_SARAH3_LiuJordan1960
2444,4,12,19,0.0,29.5,NASA_POWER_SARAH3_LiuJordan1960
2445,4,12,20,0.0,26.0,NASA_POWER_SARAH3_LiuJordan1960
2446,4,12,21,0.0,26.0,NASA_POWER_SARAH3_LiuJordan1960
2447,4,12,22,0.0,26.0,NASA_POWER_SARAH3_LiuJordan1960
2448,4,12,23,0.0,26.0,NASA_POWER_SARAH3_LiuJordan1960
2449,4,13,0,0.0,26.0,NASA_POWER_SARAH3_LiuJordan1960
2450,4,13,1,0.0,26.0,NASA_POWER_SARAH3_LiuJordan1960
2451,4,13,2,0.0,26.0,NASA_POWER_SARAH3_LiuJordan1960
2452,4,13,3,0.0,26.0,NASA_POWER_SARAH3_LiuJordan1960
2453,4,13,4,0.0,26.0,NASA_POWER_SARAH3_LiuJordan1960
2454,4,13,5,0.0,29.5,NASA_POWER_SARAH3_LiuJordan1960
2455,4,13,6,0.120466,31.058,NASA_POWER_SARAH3_LiuJordan1960
2456,4,13,7,0.277214,32.537,NASA_POWER_SARAH3_LiuJordan1960
2457,4,13,8,0.41775,33.864,NASA_POWER_SARAH3_LiuJordan1960
2458,4,13,9,0.532497,34.973,NASA_POWER_SARAH3_LiuJordan1960
2459,4,13,10,0.613636,35.807,NASA_POWER_SARAH3_LiuJordan1960
2460,4,13,11,0.655636,36.324,NASA_POWER_SARAH3_LiuJordan1960
2461,4,13,12,0.655636,36.5,NASA_POWER_SARAH3_LiuJordan1960
2462,4,13,13,0.613636,36.324,NASA_POWER_SARAH3_LiuJordan1960
2463,4,13,14,0.532497,35.807,NASA_POWER_SARAH3_LiuJordan1960
2464,4,13,15,0.41775,34.973,NASA_POWER_SARAH3_LiuJordan1960
2465,4,13,16,0.277214,33.864,NASA_POWER_SARAH3_LiuJordan1960
2466,4,13,17,0.120466,32.537,NASA_POWER_SARAH3_LiuJordan1960
2467,4,13,18,0.0,31.058,NASA_POWER_SARAH3_LiuJordan1960
2468,4,13,19,0.0,29.5,NASA_POWER_SARAH3_LiuJordan1960
2469,4,13,20,0.0,26.0,NASA_POWER_SARAH3_LiuJordan1960
2470,4,13,21,0.0,26.0,NASA_POWER_SARAH3_LiuJordan1960
2471,4,13,22,0.0,26.0,NASA_POWER_SARAH3_LiuJordan1960
2472,4,13,23,0.0,26.0,NASA_POWER_SARAH3_LiuJordan1960
2473,4,14,0,0.0,26.0,NASA_POWER_SARAH3_LiuJordan1960
2474,4,14,1,0.0,26.0,NASA_POWER_SARAH3_LiuJordan1960
2475,4,14,2,0.0,26.0,NASA_POWER_SARAH3_LiuJordan1960
2476,4,14,3,0.0,26.0,NASA_POWER_SARAH3_LiuJordan1960
2477,4,14,4,0.0,26.0,NASA_POWER_SARAH3_LiuJordan1960
2478,4,14,5,0.0,29.5,NASA_POWER_SARAH3_LiuJordan1960
2479,4,14,6,0.151168,31.058,NASA_POWER_SARAH3_LiuJordan1960
2480,4,14,7,0.345092,32.537,NASA_POWER_SARAH3_LiuJordan1960
2481,4,14,8,0.518959,33.864,NASA_POWER_SARAH3_LiuJordan1960
2482,4,14,9,0.66092,34.973,NASA_POWER_SARAH3_LiuJordan1960
2483,4,14,10,0.761302,35.807,NASA_POWER_SARAH3_LiuJordan1960
2484,4,14,11,0.813264,36.324,NASA_POWER_SARAH3_LiuJordan1960
2485,4,14,12,0.813264,36.5,NASA_POWER_SARAH3_LiuJordan1960
2486,4,14,13,0.761302,36.324,NASA_POWER_SARAH3_LiuJordan1960
2487,4,14,14,0.66092,35.807,NASA_POWER_SARAH3_LiuJordan1960
2488,4,14,15,0.518959,34.973,NASA_POWER_SARAH3_LiuJordan1960
2489,4,14,16,0.345092,33.864,NASA_POWER_SARAH3_LiuJordan1960
2490,4,14,17,0.151168,32.537,NASA_POWER_SARAH3_LiuJordan1960
2491,4,14,18,0.0,31.058,NASA_POWER_SARAH3_LiuJordan1960
2492,4,14,19,0.0,29.5,NASA_POWER_SARAH3_LiuJordan1960
2493,4,14,20,0.0,26.0,NASA_POWER_SARAH3_LiuJordan1960
2494,4,14,21,0.0,26.0,NASA_POWER_SARAH3_LiuJordan1960
2495,4,14,22,0.0,26.0,NASA_POWER_SARAH3_LiuJordan1960
2496,4,14,23,0.0,26.0,NASA_POWER_SARAH3_LiuJordan1960
2497,4,15,0,0.0,26.0,NASA_POWER_SARAH3_LiuJordan1960
2498,4,15,1,0.0,26.0,NASA_POWER_SARAH3_LiuJordan1960
2499,4,15,2,0.0,26.0,NASA_POWER_SARAH3_LiuJordan1960
2500,4,15,3,0.0,26.0,NASA_POWER_SARAH3_LiuJordan1960
2501,4,15,4,0.0,26.0,NASA_POWER_SARAH3_LiuJordan1960
2502,4,15,5,0.0,29.5,NASA_POWER_SARAH3_LiuJordan1960
2503,4,15,6,0.148574,31.058,NASA_POWER_SARAH3_LiuJordan1960
2504,4,15,7,0.336531,32.537,NASA_POWER_SARAH3_LiuJordan1960
2505,4,15,8,0.505049,33.864,NASA_POWER_SARAH3_LiuJordan1960
2506,4,15,9,0.642644,34.973,NASA_POWER_SARAH3_LiuJordan1960
2507,4,15,10,0.739938,35.807,NASA_POWER_SARAH3_LiuJordan1960
2508,4,15,11,0.790301,36.324,NASA_POWER_SARAH3_LiuJordan1960
2509,4,15,12,0.790301,36.5,NASA_POWER_SARAH3_LiuJordan1960
2510,4,15,13,0.739938,36.324,NASA_POWER_SARAH3_LiuJordan1960
2511,4,15,14,0.642644,35.807,NASA_POWER_SARAH3_LiuJordan1960
2512,4,15,15,0.505049,34.973,NASA_POWER_SARAH3_LiuJordan1960
2513,4,15,16,0.336531,33.864,NASA_POWER_SARAH3_LiuJordan1960
2514,4,15,17,0.148574,32.537,NASA_POWER_SARAH3_LiuJordan1960
2515,4,15,18,0.0,31.058,NASA_POWER_SARAH3_LiuJordan1960
2516,4,15,19,0.0,29.5,NASA_POWER_SARAH3_LiuJordan1960
2517,4,15,20,0.0,26.0,NASA_POWER_SARAH3_LiuJordan1960
2518,4,15,21,0.0,26.0,NASA_POWER_SARAH3_LiuJordan1960
2519,4,15,22,0.0,26.0,NASA_POWER_SARAH3_LiuJordan1960
2520,4,15,23,0.0,26.0,NASA_POWER_SARAH3_LiuJordan1960
2521,4,16,0,0.0,26.0,NASA_POWER_SARAH3_LiuJordan1960
2522,4,16,1,0.0,26.0,NASA_POWER_SARAH3_LiuJordan1960
2523,4,16,2,0.0,26.0,NASA_POWER_SARAH3_LiuJordan1960
2524,4,16,3,0.0,26.0,NASA_POWER_SARAH3_LiuJordan1960
2525,4,16,4,0.0,26.0,NASA_POWER_SARAH3_LiuJordan1960
2526,4,16,5,0.0,29.5,NASA_POWER_SARAH3_LiuJordan1960
2527,4,16,6,0.15055,31.058,NASA_POWER_SARAH3_LiuJordan1960
2528,4,16,7,0.338423,32.537,NASA_POWER_SARAH3_LiuJordan1960
2529,4,16,8,0.506864,33.864,NASA_POWER_SARAH3_LiuJordan1960
2530,4,16,9,0.644397,34.973,NASA_POWER_SARAH3_LiuJordan1960
2531,4,16,10,0.741646,35.807,NASA_POWER_SARAH3_LiuJordan1960
2532,4,16,11,0.791987,36.324,NASA_POWER_SARAH3_LiuJordan1960
2533,4,16,12,0.791987,36.5,NASA_POWER_SARAH3_LiuJordan1960
2534,4,16,13,0.741646,36.324,NASA_POWER_SARAH3_LiuJordan1960
2535,4,16,14,0.644397,35.807,NASA_POWER_SARAH3_LiuJordan1960
2536,4,16,15,0.506864,34.973,NASA_POWER_SARAH3_LiuJordan1960
2537,4,16,16,0.338423,33.864,NASA_POWER_SARAH3_LiuJordan1960
2538,4,16,17,0.15055,32.537,NASA_POWER_SARAH3_LiuJordan1960
2539,4,16,18,0.0,31.058,NASA_POWER_SARAH3_LiuJordan1960
2540,4,16,19,0.0,29.5,NASA_POWER_SARAH3_LiuJordan1960
2541,4,16,20,0.0,26.0,NASA_POWER_SARAH3_LiuJordan1960
2542,4,16,21,0.0,26.0,NASA_POWER_SARAH3_LiuJordan1960
2543,4,16,22,0.0,26.0,NASA_POWER_SARAH3_LiuJordan1960
2544,4,16,23,0.0,26.0,NASA_POWER_SARAH3_LiuJordan1960
2545,4,17,0,0.0,26.0,NASA_POWER_SARAH3_LiuJordan1960
2546,4,17,1,0.0,26.0,NASA_POWER_SARAH3_LiuJordan1960
2547,4,17,2,0.0,26.0,NASA_POWER_SARAH3_LiuJordan1960
2548,4,17,3,0.0,26.0,NASA_POWER_SARAH3_LiuJordan1960
2549,4,17,4,0.0,26.0,NASA_POWER_SARAH3_LiuJordan1960
2550,4,17,5,0.0,29.5,NASA_POWER_SARAH3_LiuJordan1960
2551,4,17,6,0.139507,31.058,NASA_POWER_SARAH3_LiuJordan1960
2552,4,17,7,0.311281,32.537,NASA_POWER_SARAH3_LiuJordan1960
2553,4,17,8,0.465289,33.864,NASA_POWER_SARAH3_LiuJordan1960
2554,4,17,9,0.591035,34.973,NASA_POWER_SARAH3_LiuJordan1960
2555,4,17,10,0.679952,35.807,NASA_POWER_SARAH3_LiuJordan1960
2556,4,17,11,0.725978,36.324,NASA_POWER_SARAH3_LiuJordan1960
2557,4,17,12,0.725978,36.5,NASA_POWER_SARAH3_LiuJordan1960
2558,4,17,13,0.679952,36.324,NASA_POWER_SARAH3_LiuJordan1960
2559,4,17,14,0.591035,35.807,NASA_POWER_SARAH3_LiuJordan1960
2560,4,17,15,0.465289,34.973,NASA_POWER_SARAH3_LiuJordan1960
2561,4,17,16,0.311281,33.864,NASA_POWER_SARAH3_LiuJordan1960
2562,4,17,17,0.139507,32.537,NASA_POWER_SARAH3_LiuJordan1960
2563,4,17,18,0.0,31.058,NASA_POWER_SARAH3_LiuJordan1960
2564,4,17,19,0.0,29.5,NASA_POWER_SARAH3_LiuJordan1960
2565,4,17,20,0.0,26.0,NASA_POWER_SARAH3_LiuJordan1960
2566,4,17,21,0.0,26.0,NASA_POWER_SARAH3_LiuJordan1960
2567,4,17,22,0.0,26.0,NASA_POWER_SARAH3_LiuJordan1960
2568,4,17,23,0.0,26.0,NASA_POWER_SARAH3_LiuJordan1960
2569,4,18,0,0.0,26.0,NASA_POWER_SARAH3_LiuJordan1960
2570,4,18,1,0.0,26.0,NASA_POWER_SARAH3_LiuJordan1960
2571,4,18,2,0.0,26.0,NASA_POWER_SARAH3_LiuJordan1960
2572,4,18,3,0.0,26.0,NASA_POWER_SARAH3_LiuJordan1960
2573,4,18,4,0.0,26.0,NASA_POWER_SARAH3_LiuJordan1960
2574,4,18,5,0.0,29.5,NASA_POWER_SARAH3_LiuJordan1960
2575,4,18,6,0.145307,31.058,NASA_POWER_SARAH3_LiuJordan1960
2576,4,18,7,0.321884,32.537,NASA_POWER_SARAH3_LiuJordan1960
2577,4,18,8,0.480199,33.864,NASA_POWER_SARAH3_LiuJordan1960
2578,4,18,9,0.609462,34.973,NASA_POWER_SARAH3_LiuJordan1960
2579,4,18,10,0.700865,35.807,NASA_POWER_SARAH3_LiuJordan1960
2580,4,18,11,0.748179,36.324,NASA_POWER_SARAH3_LiuJordan1960
2581,4,18,12,0.748179,36.5,NASA_POWER_SARAH3_LiuJordan1960
2582,4,18,13,0.700865,36.324,NASA_POWER_SARAH3_LiuJordan1960
2583,4,18,14,0.609462,35.807,NASA_POWER_SARAH3_LiuJordan1960
2584,4,18,15,0.480199,34.973,NASA_POWER_SARAH3_LiuJordan1960
2585,4,18,16,0.321884,33.864,NASA_POWER_SARAH3_LiuJordan1960
2586,4,18,17,0.145307,32.537,NASA_POWER_SARAH3_LiuJordan1960
2587,4,18,18,0.0,31.058,NASA_POWER_SARAH3_LiuJordan1960
2588,4,18,19,0.0,29.5,NASA_POWER_SARAH3_LiuJordan1960
2589,4,18,20,0.0,26.0,NASA_POWER_SARAH3_LiuJordan1960
2590,4,18,21,0.0,26.0,NASA_POWER_SARAH3_LiuJordan1960
2591,4,18,22,0.0,26.0,NASA_POWER_SARAH3_LiuJordan1960
2592,4,18,23,0.0,26.0,NASA_POWER_SARAH3_LiuJordan1960
2593,4,19,0,0.0,26.0,NASA_POWER_SARAH3_LiuJordan1960
2594,4,19,1,0.0,26.0,NASA_POWER_SARAH3_LiuJordan1960
2595,4,19,2,0.0,26.0,NASA_POWER_SARAH3_LiuJordan1960
2596,4,19,3,0.0,26.0,NASA_POWER_SARAH3_LiuJordan1960
2597,4,19,4,0.0,26.0,NASA_POWER_SARAH3_LiuJordan1960
2598,4,19,5,0.0,29.5,NASA_POWER_SARAH3_LiuJordan1960
2599,4,19,6,0.133832,31.058,NASA_POWER_SARAH3_LiuJordan1960
2600,4,19,7,0.294381,32.537,NASA_POWER_SARAH3_LiuJordan1960
2601,4,19,8,0.438324,33.864,NASA_POWER_SARAH3_LiuJordan1960
2602,4,19,9,0.555853,34.973,NASA_POWER_SARAH3_LiuJordan1960
2603,4,19,10,0.638959,35.807,NASA_POWER_SARAH3_LiuJordan1960
2604,4,19,11,0.681978,36.324,NASA_POWER_SARAH3_LiuJordan1960
2605,4,19,12,0.681978,36.5,NASA_POWER_SARAH3_LiuJordan1960
2606,4,19,13,0.638959,36.324,NASA_POWER_SARAH3_LiuJordan1960
2607,4,19,14,0.555853,35.807,NASA_POWER_SARAH3_LiuJordan1960
2608,4,19,15,0.438324,34.973,NASA_POWER_SARAH3_LiuJordan1960
2609,4,19,16,0.294381,33.864,NASA_POWER_SARAH3_LiuJordan1960
2610,4,19,17,0.133832,32.537,NASA_POWER_SARAH3_LiuJordan1960
2611,4,19,18,0.0,31.058,NASA_POWER_SARAH3_LiuJordan1960
2612,4,19,19,0.0,29.5,NASA_POWER_SARAH3_LiuJordan1960
2613,4,19,20,0.0,26.0,NASA_POWER_SARAH3_LiuJordan1960
2614,4,19,21,0.0,26.0,NASA_POWER_SARAH3_LiuJordan1960
2615,4,19,22,0.0,26.0,NASA_POWER_SARAH3_LiuJordan1960
2616,4,19,23,0.0,26.0,NASA_POWER_SARAH3_LiuJordan1960
2617,4,20,0,0.0,26.0,NASA_POWER_SARAH3_LiuJordan1960
2618,4,20,1,0.0,26.0,NASA_POWER_SARAH3_LiuJordan1960
2619,4,20,2,0.0,26.0,NASA_POWER_SARAH3_LiuJordan1960
2620,4,20,3,0.0,26.0,NASA_POWER_SARAH3_LiuJordan1960
2621,4,20,4,0.0,26.0,NASA_POWER_SARAH3_LiuJordan1960
2622,4,20,5,0.0,29.5,NASA_POWER_SARAH3_LiuJordan1960
2623,4,20,6,0.165438,31.058,NASA_POWER_SARAH3_LiuJordan1960
2624,4,20,7,0.361405,32.537,NASA_POWER_SARAH3_LiuJordan1960
2625,4,20,8,0.537104,33.864,NASA_POWER_SARAH3_LiuJordan1960
2626,4,20,9,0.680562,34.973,NASA_POWER_SARAH3_LiuJordan1960
2627,4,20,10,0.782002,35.807,NASA_POWER_SARAH3_LiuJordan1960
2628,4,20,11,0.834511,36.324,NASA_POWER_SARAH3_LiuJordan1960
2629,4,20,12,0.834511,36.5,NASA_POWER_SARAH3_LiuJordan1960
2630,4,20,13,0.782002,36.324,NASA_POWER_SARAH3_LiuJordan1960
2631,4,20,14,0.680562,35.807,NASA_POWER_SARAH3_LiuJordan1960
2632,4,20,15,0.537104,34.973,NASA_POWER_SARAH3_LiuJordan1960
2633,4,20,16,0.361405,33.864,NASA_POWER_SARAH3_LiuJordan1960
2634,4,20,17,0.165438,32.537,NASA_POWER_SARAH3_LiuJordan1960
2635,4,20,18,0.0,31.058,NASA_POWER_SARAH3_LiuJordan1960
2636,4,20,19,0.0,29.5,NASA_POWER_SARAH3_LiuJordan1960
2637,4,20,20,0.0,26.0,NASA_POWER_SARAH3_LiuJordan1960
2638,4,20,21,0.0,26.0,NASA_POWER_SARAH3_LiuJordan1960
2639,4,20,22,0.0,26.0,NASA_POWER_SARAH3_LiuJordan1960
2640,4,20,23,0.0,26.0,NASA_POWER_SARAH3_LiuJordan1960
2641,4,21,0,0.0,26.0,NASA_POWER_SARAH3_LiuJordan1960
2642,4,21,1,0.0,26.0,NASA_POWER_SARAH3_LiuJordan1960
2643,4,21,2,0.0,26.0,NASA_POWER_SARAH3_LiuJordan1960
2644,4,21,3,0.0,26.0,NASA_POWER_SARAH3_LiuJordan1960
2645,4,21,4,0.0,26.0,NASA_POWER_SARAH3_LiuJordan1960
2646,4,21,5,0.0,29.5,NASA_POWER_SARAH3_LiuJordan1960
2647,4,21,6,0.156672,31.058,NASA_POWER_SARAH3_LiuJordan1960
2648,4,21,7,0.339966,32.537,NASA_POWER_SARAH3_LiuJordan1960
2649,4,21,8,0.504303,33.864,NASA_POWER_SARAH3_LiuJordan1960
2650,4,21,9,0.638484,34.973,NASA_POWER_SARAH3_LiuJordan1960
2651,4,21,10,0.733364,35.807,NASA_POWER_SARAH3_LiuJordan1960
2652,4,21,11,0.782477,36.324,NASA_POWER_SARAH3_LiuJordan1960
2653,4,21,12,0.782477,36.5,NASA_POWER_SARAH3_LiuJordan1960
2654,4,21,13,0.733364,36.324,NASA_POWER_SARAH3_LiuJordan1960
2655,4,21,14,0.638484,35.807,NASA_POWER_SARAH3_LiuJordan1960
2656,4,21,15,0.504303,34.973,NASA_POWER_SARAH3_LiuJordan1960
2657,4,21,16,0.339966,33.864,NASA_POWER_SARAH3_LiuJordan1960
2658,4,21,17,0.156672,32.537,NASA_POWER_SARAH3_LiuJordan1960
2659,4,21,18,0.0,31.058,NASA_POWER_SARAH3_LiuJordan1960
2660,4,21,19,0.0,29.5,NASA_POWER_SARAH3_LiuJordan1960
2661,4,21,20,0.0,26.0,NASA_POWER_SARAH3_LiuJordan1960
2662,4,21,21,0.0,26.0,NASA_POWER_SARAH3_LiuJordan1960
2663,4,21,22,0.0,26.0,NASA_POWER_SARAH3_LiuJordan1960
2664,4,21,23,0.0,26.0,NASA_POWER_SARAH3_LiuJordan1960
2665,4,22,0,0.0,26.0,NASA_POWER_SARAH3_LiuJordan1960
2666,4,22,1,0.0,26.0,NASA_POWER_SARAH3_LiuJordan1960
2667,4,22,2,0.0,26.0,NASA_POWER_SARAH3_LiuJordan1960
2668,4,22,3,0.0,26.0,NASA_POWER_SARAH3_LiuJordan1960
2669,4,22,4,0.0,26.0,NASA_POWER_SARAH3_LiuJordan1960
2670,4,22,5,0.0,29.5,NASA_POWER_SARAH3_LiuJordan1960
2671,4,22,6,0.157402,31.058,NASA_POWER_SARAH3_LiuJordan1960
2672,4,22,7,0.339324,32.537,NASA_POWER_SARAH3_LiuJordan1960
2673,4,22,8,0.502431,33.864,NASA_POWER_SARAH3_LiuJordan1960
2674,4,22,9,0.635607,34.973,NASA_POWER_SARAH3_LiuJordan1960
2675,4,22,10,0.729777,35.807,NASA_POWER_SARAH3_LiuJordan1960
2676,4,22,11,0.778523,36.324,NASA_POWER_SARAH3_LiuJordan1960
2677,4,22,12,0.778523,36.5,NASA_POWER_SARAH3_LiuJordan1960
2678,4,22,13,0.729777,36.324,NASA_POWER_SARAH3_LiuJordan1960
2679,4,22,14,0.635607,35.807,NASA_POWER_SARAH3_LiuJordan1960
2680,4,22,15,0.502431,34.973,NASA_POWER_SARAH3_LiuJordan1960
2681,4,22,16,0.339324,33.864,NASA_POWER_SARAH3_LiuJordan1960
2682,4,22,17,0.157402,32.537,NASA_POWER_SARAH3_LiuJordan1960
2683,4,22,18,0.0,31.058,NASA_POWER_SARAH3_LiuJordan1960
2684,4,22,19,0.0,29.5,NASA_POWER_SARAH3_LiuJordan1960
2685,4,22,20,0.0,26.0,NASA_POWER_SARAH3_LiuJordan1960
2686,4,22,21,0.0,26.0,NASA_POWER_SARAH3_LiuJordan1960
2687,4,22,22,0.0,26.0,NASA_POWER_SARAH3_LiuJordan1960
2688,4,22,23,0.0,26.0,NASA_POWER_SARAH3_LiuJordan1960
2689,4,23,0,0.0,26.0,NASA_POWER_SARAH3_LiuJordan1960
2690,4,23,1,0.0,26.0,NASA_POWER_SARAH3_LiuJordan1960
2691,4,23,2,0.0,26.0,NASA_POWER_SARAH3_LiuJordan1960
2692,4,23,3,0.0,26.0,NASA_POWER_SARAH3_LiuJordan1960
2693,4,23,4,0.0,26.0,NASA_POWER_SARAH3_LiuJordan1960
2694,4,23,5,0.0,29.5,NASA_POWER_SARAH3_LiuJordan1960
2695,4,23,6,0.165564,31.058,NASA_POWER_SARAH3_LiuJordan1960
2696,4,23,7,0.354648,32.537,NASA_POWER_SARAH3_LiuJordan1960
2697,4,23,8,0.524177,33.864,NASA_POWER_SARAH3_LiuJordan1960
2698,4,23,9,0.662597,34.973,NASA_POWER_SARAH3_LiuJordan1960
2699,4,23,10,0.760475,35.807,NASA_POWER_SARAH3_LiuJordan1960
2700,4,23,11,0.81114,36.324,NASA_POWER_SARAH3_LiuJordan1960
2701,4,23,12,0.81114,36.5,NASA_POWER_SARAH3_LiuJordan1960
2702,4,23,13,0.760475,36.324,NASA_POWER_SARAH3_LiuJordan1960
2703,4,23,14,0.662597,35.807,NASA_POWER_SARAH3_LiuJordan1960
2704,4,23,15,0.524177,34.973,NASA_POWER_SARAH3_LiuJordan1960
2705,4,23,16,0.354648,33.864,NASA_POWER_SARAH3_LiuJordan1960
2706,4,23,17,0.165564,32.537,NASA_POWER_SARAH3_LiuJordan1960
2707,4,23,18,0.0,31.058,NASA_POWER_SARAH3_LiuJordan1960
2708,4,23,19,0.0,29.5,NASA_POWER_SARAH3_LiuJordan1960
2709,4,23,20,0.0,26.0,NASA_POWER_SARAH3_LiuJordan1960
2710,4,23,21,0.0,26.0,NASA_POWER_SARAH3_LiuJordan1960
2711,4,23,22,0.0,26.0,NASA_POWER_SARAH3_LiuJordan1960
2712,4,23,23,0.0,26.0,NASA_POWER_SARAH3_LiuJordan1960
2713,4,24,0,0.0,26.0,NASA_POWER_SARAH3_LiuJordan1960
2714,4,24,1,0.0,26.0,NASA_POWER_SARAH3_LiuJordan1960
2715,4,24,2,0.0,26.0,NASA_POWER_SARAH3_LiuJordan1960
2716,4,24,3,0.0,26.0,NASA_POWER_SARAH3_LiuJordan1960
2717,4,24,4,0.0,26.0,NASA_POWER_SARAH3_LiuJordan1960
2718,4,24,5,0.0,29.5,NASA_POWER_SARAH3_LiuJordan1960
2719,4,24,6,0.155883,31.058,NASA_POWER_SARAH3_LiuJordan1960
2720,4,24,7,0.331841,32.537,NASA_POWER_SARAH3_LiuJordan1960
2721,4,24,8,0.489601,33.864,NASA_POWER_SARAH3_LiuJordan1960
2722,4,24,9,0.618411,34.973,NASA_POWER_SARAH3_LiuJordan1960
2723,4,24,10,0.709494,35.807,NASA_POWER_SARAH3_LiuJordan1960
2724,4,24,11,0.756642,36.324,NASA_POWER_SARAH3_LiuJordan1960
2725,4,24,12,0.756642,36.5,NASA_POWER_SARAH3_LiuJordan1960
2726,4,24,13,0.709494,36.324,NASA_POWER_SARAH3_LiuJordan1960
2727,4,24,14,0.618411,35.807,NASA_POWER_SARAH3_LiuJordan1960
2728,4,24,15,0.489601,34.973,NASA_POWER_SARAH3_LiuJordan1960
2729,4,24,16,0.331841,33.864,NASA_POWER_SARAH3_LiuJordan1960
2730,4,24,17,0.155883,32.537,NASA_POWER_SARAH3_LiuJordan1960
2731,4,24,18,0.0,31.058,NASA_POWER_SARAH3_LiuJordan1960
2732,4,24,19,0.0,29.5,NASA_POWER_SARAH3_LiuJordan1960
2733,4,24,20,0.0,26.0,NASA_POWER_SARAH3_LiuJordan1960
2734,4,24,21,0.0,26.0,NASA_POWER_SARAH3_LiuJordan1960
2735,4,24,22,0.0,26.0,NASA_POWER_SARAH3_LiuJordan1960
2736,4,24,23,0.0,26.0,NASA_POWER_SARAH3_LiuJordan1960
2737,4,25,0,0.0,26.0,NASA_POWER_SARAH3_LiuJordan1960
2738,4,25,1,0.0,26.0,NASA_POWER_SARAH3_LiuJordan1960
2739,4,25,2,0.0,26.0,NASA_POWER_SARAH3_LiuJordan1960
2740,4,25,3,0.0,26.0,NASA_POWER_SARAH3_LiuJordan1960
2741,4,25,4,0.0,26.0,NASA_POWER_SARAH3_LiuJordan1960
2742,4,25,5,0.0,29.5,NASA_POWER_SARAH3_LiuJordan1960
2743,4,25,6,0.172306,31.058,NASA_POWER_SARAH3_LiuJordan1960
2744,4,25,7,0.364585,32.537,NASA_POWER_SARAH3_LiuJordan1960
2745,4,25,8,0.536978,33.864,NASA_POWER_SARAH3_LiuJordan1960
2746,4,25,9,0.677736,34.973,NASA_POWER_SARAH3_LiuJordan1960
2747,4,25,10,0.777267,35.807,NASA_POWER_SARAH3_LiuJordan1960
2748,4,25,11,0.828788,36.324,NASA_POWER_SARAH3_LiuJordan1960
2749,4,25,12,0.828788,36.5,NASA_POWER_SARAH3_LiuJordan1960
2750,4,25,13,0.777267,36.324,NASA_POWER_SARAH3_LiuJordan1960
2751,4,25,14,0.677736,35.807,NASA_POWER_SARAH3_LiuJordan1960
2752,4,25,15,0.536978,34.973,NASA_POWER_SARAH3_LiuJordan1960
2753,4,25,16,0.364585,33.864,NASA_POWER_SARAH3_LiuJordan1960
2754,4,25,17,0.172306,32.537,NASA_POWER_SARAH3_LiuJordan1960
2755,4,25,18,0.0,31.058,NASA_POWER_SARAH3_LiuJordan1960
2756,4,25,19,0.0,29.5,NASA_POWER_SARAH3_LiuJordan1960
2757,4,25,20,0.0,26.0,NASA_POWER_SARAH3_LiuJordan1960
2758,4,25,21,0.0,26.0,NASA_POWER_SARAH3_LiuJordan1960
2759,4,25,22,0.0,26.0,NASA_POWER_SARAH3_LiuJordan1960
2760,4,25,23,0.0,26.0,NASA_POWER_SARAH3_LiuJordan1960
2761,4,26,0,0.0,26.0,NASA_POWER_SARAH3_LiuJordan1960
2762,4,26,1,0.0,26.0,NASA_POWER_SARAH3_LiuJordan1960
2763,4,26,2,0.0,26.0,NASA_POWER_SARAH3_LiuJordan1960
2764,4,26,3,0.0,26.0,NASA_POWER_SARAH3_LiuJordan1960
2765,4,26,4,0.0,26.0,NASA_POWER_SARAH3_LiuJordan1960
2766,4,26,5,0.0,29.5,NASA_POWER_SARAH3_LiuJordan1960
2767,4,26,6,0.170747,31.058,NASA_POWER_SARAH3_LiuJordan1960
2768,4,26,7,0.359156,32.537,NASA_POWER_SARAH3_LiuJordan1960
2769,4,26,8,0.528079,33.864,NASA_POWER_SARAH3_LiuJordan1960
2770,4,26,9,0.666004,34.973,NASA_POWER_SARAH3_LiuJordan1960
2771,4,26,10,0.763531,35.807,NASA_POWER_SARAH3_LiuJordan1960
2772,4,26,11,0.814015,36.324,NASA_POWER_SARAH3_LiuJordan1960
2773,4,26,12,0.814015,36.5,NASA_POWER_SARAH3_LiuJordan1960
2774,4,26,13,0.763531,36.324,NASA_POWER_SARAH3_LiuJordan1960
2775,4,26,14,0.666004,35.807,NASA_POWER_SARAH3_LiuJordan1960
2776,4,26,15,0.528079,34.973,NASA_POWER_SARAH3_LiuJordan1960
2777,4,26,16,0.359156,33.864,NASA_POWER_SARAH3_LiuJordan1960
2778,4,26,17,0.170747,32.537,NASA_POWER_SARAH3_LiuJordan1960
2779,4,26,18,0.0,31.058,NASA_POWER_SARAH3_LiuJordan1960
2780,4,26,19,0.0,29.5,NASA_POWER_SARAH3_LiuJordan1960
2781,4,26,20,0.0,26.0,NASA_POWER_SARAH3_LiuJordan1960
2782,4,26,21,0.0,26.0,NASA_POWER_SARAH3_LiuJordan1960
2783,4,26,22,0.0,26.0,NASA_POWER_SARAH3_LiuJordan1960
2784,4,26,23,0.0,26.0,NASA_POWER_SARAH3_LiuJordan1960
2785,4,27,0,0.0,26.0,NASA_POWER_SARAH3_LiuJordan1960
2786,4,27,1,0.0,26.0,NASA_POWER_SARAH3_LiuJordan1960
2787,4,27,2,0.0,26.0,NASA_POWER_SARAH3_LiuJordan1960
2788,4,27,3,0.0,26.0,NASA_POWER_SARAH3_LiuJordan1960
2789,4,27,4,0.0,26.0,NASA_POWER_SARAH3_LiuJordan1960
2790,4,27,5,0.0,29.5,NASA_POWER_SARAH3_LiuJordan1960
2791,4,27,6,0.154881,31.058,NASA_POWER_SARAH3_LiuJordan1960
2792,4,27,7,0.323911,32.537,NASA_POWER_SARAH3_LiuJordan1960
2793,4,27,8,0.475459,33.864,NASA_POWER_SARAH3_LiuJordan1960
2794,4,27,9,0.599198,34.973,NASA_POWER_SARAH3_LiuJordan1960
2795,4,27,10,0.686694,35.807,NASA_POWER_SARAH3_LiuJordan1960
2796,4,27,11,0.731986,36.324,NASA_POWER_SARAH3_LiuJordan1960
2797,4,27,12,0.731986,36.5,NASA_POWER_SARAH3_LiuJordan1960
2798,4,27,13,0.686694,36.324,NASA_POWER_SARAH3_LiuJordan1960
2799,4,27,14,0.599198,35.807,NASA_POWER_SARAH3_LiuJordan1960
2800,4,27,15,0.475459,34.973,NASA_POWER_SARAH3_LiuJordan1960
2801,4,27,16,0.323911,33.864,NASA_POWER_SARAH3_LiuJordan1960
2802,4,27,17,0.154881,32.537,NASA_POWER_SARAH3_LiuJordan1960
2803,4,27,18,0.0,31.058,NASA_POWER_SARAH3_LiuJordan1960
2804,4,27,19,0.0,29.5,NASA_POWER_SARAH3_LiuJordan1960
2805,4,27,20,0.0,26.0,NASA_POWER_SARAH3_LiuJordan1960
2806,4,27,21,0.0,26.0,NASA_POWER_SARAH3_LiuJordan1960
2807,4,27,22,0.0,26.0,NASA_POWER_SARAH3_LiuJordan1960
2808,4,27,23,0.0,26.0,NASA_POWER_SARAH3_LiuJordan1960
2809,4,28,0,0.0,26.0,NASA_POWER_SARAH3_LiuJordan1960
2810,4,28,1,0.0,26.0,NASA_POWER_SARAH3_LiuJordan1960
2811,4,28,2,0.0,26.0,NASA_POWER_SARAH3_LiuJordan1960
2812,4,28,3,0.0,26.0,NASA_POWER_SARAH3_LiuJordan1960
2813,4,28,4,0.0,26.0,NASA_POWER_SARAH3_LiuJordan1960
2814,4,28,5,0.0,29.5,NASA_POWER_SARAH3_LiuJordan1960
2815,4,28,6,0.153323,31.058,NASA_POWER_SARAH3_LiuJordan1960
2816,4,28,7,0.318857,32.537,NASA_POWER_SARAH3_LiuJordan1960
2817,4,28,8,0.467271,33.864,NASA_POWER_SARAH3_LiuJordan1960
2818,4,28,9,0.58845,34.973,NASA_POWER_SARAH3_LiuJordan1960
2819,4,28,10,0.674137,35.807,NASA_POWER_SARAH3_LiuJordan1960
2820,4,28,11,0.718492,36.324,NASA_POWER_SARAH3_LiuJordan1960
2821,4,28,12,0.718492,36.5,NASA_POWER_SARAH3_LiuJordan1960
2822,4,28,13,0.674137,36.324,NASA_POWER_SARAH3_LiuJordan1960
2823,4,28,14,0.58845,35.807,NASA_POWER_SARAH3_LiuJordan1960
2824,4,28,15,0.467271,34.973,NASA_POWER_SARAH3_LiuJordan1960
2825,4,28,16,0.318857,33.864,NASA_POWER_SARAH3_LiuJordan1960
2826,4,28,17,0.153323,32.537,NASA_POWER_SARAH3_LiuJordan1960
2827,4,28,18,0.0,31.058,NASA_POWER_SARAH3_LiuJordan1960
2828,4,28,19,0.0,29.5,NASA_POWER_SARAH3_LiuJordan1960
2829,4,28,20,0.0,26.0,NASA_POWER_SARAH3_LiuJordan1960
2830,4,28,21,0.0,26.0,NASA_POWER_SARAH3_LiuJordan1960
2831,4,28,22,0.0,26.0,NASA_POWER_SARAH3_LiuJordan1960
2832,4,28,23,0.0,26.0,NASA_POWER_SARAH3_LiuJordan1960
2833,4,29,0,0.0,26.0,NASA_POWER_SARAH3_LiuJordan1960
2834,4,29,1,0.0,26.0,NASA_POWER_SARAH3_LiuJordan1960
2835,4,29,2,0.0,26.0,NASA_POWER_SARAH3_LiuJordan1960
2836,4,29,3,0.0,26.0,NASA_POWER_SARAH3_LiuJordan1960
2837,4,29,4,0.0,26.0,NASA_POWER_SARAH3_LiuJordan1960
2838,4,29,5,0.0,29.5,NASA_POWER_SARAH3_LiuJordan1960
2839,4,29,6,0.131079,31.058,NASA_POWER_SARAH3_LiuJordan1960
2840,4,29,7,0.271109,32.537,NASA_POWER_SARAH3_LiuJordan1960
2841,4,29,8,0.396656,33.864,NASA_POWER_SARAH3_LiuJordan1960
2842,4,29,9,0.499164,34.973,NASA_POWER_SARAH3_LiuJordan1960
2843,4,29,10,0.571649,35.807,NASA_POWER_SARAH3_LiuJordan1960
2844,4,29,11,0.60917,36.324,NASA_POWER_SARAH3_LiuJordan1960
2845,4,29,12,0.60917,36.5,NASA_POWER_SARAH3_LiuJordan1960
2846,4,29,13,0.571649,36.324,NASA_POWER_SARAH3_LiuJordan1960
2847,4,29,14,0.499164,35.807,NASA_POWER_SARAH3_LiuJordan1960
2848,4,29,15,0.396656,34.973,NASA_POWER_SARAH3_LiuJordan1960
2849,4,29,16,0.271109,33.864,NASA_POWER_SARAH3_LiuJordan1960
2850,4,29,17,0.131079,32.537,NASA_POWER_SARAH3_LiuJordan1960
2851,4,29,18,0.0,31.058,NASA_POWER_SARAH3_LiuJordan1960
2852,4,29,19,0.0,29.5,NASA_POWER_SARAH3_LiuJordan1960
2853,4,29,20,0.0,26.0,NASA_POWER_SARAH3_LiuJordan1960
2854,4,29,21,0.0,26.0,NASA_POWER_SARAH3_LiuJordan1960
2855,4,29,22,0.0,26.0,NASA_POWER_SARAH3_LiuJordan1960
2856,4,29,23,0.0,26.0,NASA_POWER_SARAH3_LiuJordan1960
2857,4,30,0,0.0,26.0,NASA_POWER_SARAH3_LiuJordan1960
2858,4,30,1,0.0,26.0,NASA_POWER_SARAH3_LiuJordan1960
2859,4,30,2,0.0,26.0,NASA_POWER_SARAH3_LiuJordan1960
2860,4,30,3,0.0,26.0,NASA_POWER_SARAH3_LiuJordan1960
2861,4,30,4,0.0,26.0,NASA_POWER_SARAH3_LiuJordan1960
2862,4,30,5,0.0,29.5,NASA_POWER_SARAH3_LiuJordan1960
2863,4,30,6,0.13905,31.058,NASA_POWER_SARAH3_LiuJordan1960
2864,4,30,7,0.286066,32.537,NASA_POWER_SARAH3_LiuJordan1960
2865,4,30,8,0.417876,33.864,NASA_POWER_SARAH3_LiuJordan1960
2866,4,30,9,0.525499,34.973,NASA_POWER_SARAH3_LiuJordan1960
2867,4,30,10,0.601599,35.807,NASA_POWER_SARAH3_LiuJordan1960
2868,4,30,11,0.640992,36.324,NASA_POWER_SARAH3_LiuJordan1960
2869,4,30,12,0.640992,36.5,NASA_POWER_SARAH3_LiuJordan1960
2870,4,30,13,0.601599,36.324,NASA_POWER_SARAH3_LiuJordan1960
2871,4,30,14,0.525499,35.807,NASA_POWER_SARAH3_LiuJordan1960
2872,4,30,15,0.417876,34.973,NASA_POWER_SARAH3_LiuJordan1960
2873,4,30,16,0.286066,33.864,NASA_POWER_SARAH3_LiuJordan1960
2874,4,30,17,0.13905,32.537,NASA_POWER_SARAH3_LiuJordan1960
2875,4,30,18,0.0,31.058,NASA_POWER_SARAH3_LiuJordan1960
2876,4,30,19,0.0,29.5,NASA_POWER_SARAH3_LiuJordan1960
2877,4,30,20,0.0,26.0,NASA_POWER_SARAH3_LiuJordan1960
2878,4,30,21,0.0,26.0,NASA_POWER_SARAH3_LiuJordan1960
2879,4,30,22,0.0,26.0,NASA_POWER_SARAH3_LiuJordan1960
2880,4,30,23,0.0,26.0,NASA_POWER_SARAH3_LiuJordan1960
2881,5,1,0,0.0,27.75,NASA_POWER_SARAH3_LiuJordan1960
2882,5,1,1,0.0,27.75,NASA_POWER_SARAH3_LiuJordan1960
2883,5,1,2,0.0,27.75,NASA_POWER_SARAH3_LiuJordan1960
2884,5,1,3,0.0,27.75,NASA_POWER_SARAH3_LiuJordan1960
2885,5,1,4,0.0,27.75,NASA_POWER_SARAH3_LiuJordan1960
2886,5,1,5,0.0,30.5,NASA_POWER_SARAH3_LiuJordan1960
2887,5,1,6,0.158809,31.724,NASA_POWER_SARAH3_LiuJordan1960
2888,5,1,7,0.325022,32.886,NASA_POWER_SARAH3_LiuJordan1960
2889,5,1,8,0.474044,33.929,NASA_POWER_SARAH3_LiuJordan1960
2890,5,1,9,0.595719,34.8,NASA_POWER_SARAH3_LiuJordan1960
2891,5,1,10,0.681757,35.455,NASA_POWER_SARAH3_LiuJordan1960
2892,5,1,11,0.726294,35.862,NASA_POWER_SARAH3_LiuJordan1960
2893,5,1,12,0.726294,36.0,NASA_POWER_SARAH3_LiuJordan1960
2894,5,1,13,0.681757,35.862,NASA_POWER_SARAH3_LiuJordan1960
2895,5,1,14,0.595719,35.455,NASA_POWER_SARAH3_LiuJordan1960
2896,5,1,15,0.474044,34.8,NASA_POWER_SARAH3_LiuJordan1960
2897,5,1,16,0.325022,33.929,NASA_POWER_SARAH3_LiuJordan1960
2898,5,1,17,0.158809,32.886,NASA_POWER_SARAH3_LiuJordan1960
2899,5,1,18,0.0,31.724,NASA_POWER_SARAH3_LiuJordan1960
2900,5,1,19,0.0,30.5,NASA_POWER_SARAH3_LiuJordan1960
2901,5,1,20,0.0,27.75,NASA_POWER_SARAH3_LiuJordan1960
2902,5,1,21,0.0,27.75,NASA_POWER_SARAH3_LiuJordan1960
2903,5,1,22,0.0,27.75,NASA_POWER_SARAH3_LiuJordan1960
2904,5,1,23,0.0,27.75,NASA_POWER_SARAH3_LiuJordan1960
2905,5,2,0,0.0,27.75,NASA_POWER_SARAH3_LiuJordan1960
2906,5,2,1,0.0,27.75,NASA_POWER_SARAH3_LiuJordan1960
2907,5,2,2,0.0,27.75,NASA_POWER_SARAH3_LiuJordan1960
2908,5,2,3,0.0,27.75,NASA_POWER_SARAH3_LiuJordan1960
2909,5,2,4,0.0,27.75,NASA_POWER_SARAH3_LiuJordan1960
2910,5,2,5,0.0,30.5,NASA_POWER_SARAH3_LiuJordan1960
2911,5,2,6,0.159845,31.724,NASA_POWER_SARAH3_LiuJordan1960
2912,5,2,7,0.32549,32.886,NASA_POWER_SARAH3_LiuJordan1960
2913,5,2,8,0.474003,33.929,NASA_POWER_SARAH3_LiuJordan1960
2914,5,2,9,0.595263,34.8,NASA_POWER_SARAH3_LiuJordan1960
2915,5,2,10,0.681007,35.455,NASA_POWER_SARAH3_LiuJordan1960
2916,5,2,11,0.725391,35.862,NASA_POWER_SARAH3_LiuJordan1960
2917,5,2,12,0.725391,36.0,NASA_POWER_SARAH3_LiuJordan1960
2918,5,2,13,0.681007,35.862,NASA_POWER_SARAH3_LiuJordan1960
2919,5,2,14,0.595263,35.455,NASA_POWER_SARAH3_LiuJordan1960
2920,5,2,15,0.474003,34.8,NASA_POWER_SARAH3_LiuJordan1960
2921,5,2,16,0.32549,33.929,NASA_POWER_SARAH3_LiuJordan1960
2922,5,2,17,0.159845,32.886,NASA_POWER_SARAH3_LiuJordan1960
2923,5,2,18,0.0,31.724,NASA_POWER_SARAH3_LiuJordan1960
2924,5,2,19,0.0,30.5,NASA_POWER_SARAH3_LiuJordan1960
2925,5,2,20,0.0,27.75,NASA_POWER_SARAH3_LiuJordan1960
2926,5,2,21,0.0,27.75,NASA_POWER_SARAH3_LiuJordan1960
2927,5,2,22,0.0,27.75,NASA_POWER_SARAH3_LiuJordan1960
2928,5,2,23,0.0,27.75,NASA_POWER_SARAH3_LiuJordan1960
2929,5,3,0,0.0,27.75,NASA_POWER_SARAH3_LiuJordan1960
2930,5,3,1,0.0,27.75,NASA_POWER_SARAH3_LiuJordan1960
2931,5,3,2,0.0,27.75,NASA_POWER_SARAH3_LiuJordan1960
2932,5,3,3,0.0,27.75,NASA_POWER_SARAH3_LiuJordan1960
2933,5,3,4,0.0,27.75,NASA_POWER_SARAH3_LiuJordan1960
2934,5,3,5,0.0,30.5,NASA_POWER_SARAH3_LiuJordan1960
2935,5,3,6,0.159296,31.724,NASA_POWER_SARAH3_LiuJordan1960
2936,5,3,7,0.322776,32.886,NASA_POWER_SARAH3_LiuJordan1960
2937,5,3,8,0.469347,33.929,NASA_POWER_SARAH3_LiuJordan1960
2938,5,3,9,0.589023,34.8,NASA_POWER_SARAH3_LiuJordan1960
2939,5,3,10,0.673646,35.455,NASA_POWER_SARAH3_LiuJordan1960
2940,5,3,11,0.71745,35.862,NASA_POWER_SARAH3_LiuJordan1960
2941,5,3,12,0.71745,36.0,NASA_POWER_SARAH3_LiuJordan1960
2942,5,3,13,0.673646,35.862,NASA_POWER_SARAH3_LiuJordan1960
2943,5,3,14,0.589023,35.455,NASA_POWER_SARAH3_LiuJordan1960
2944,5,3,15,0.469347,34.8,NASA_POWER_SARAH3_LiuJordan1960
2945,5,3,16,0.322776,33.929,NASA_POWER_SARAH3_LiuJordan1960
2946,5,3,17,0.159296,32.886,NASA_POWER_SARAH3_LiuJordan1960
2947,5,3,18,0.0,31.724,NASA_POWER_SARAH3_LiuJordan1960
2948,5,3,19,0.0,30.5,NASA_POWER_SARAH3_LiuJordan1960
2949,5,3,20,0.0,27.75,NASA_POWER_SARAH3_LiuJordan1960
2950,5,3,21,0.0,27.75,NASA_POWER_SARAH3_LiuJordan1960
2951,5,3,22,0.0,27.75,NASA_POWER_SARAH3_LiuJordan1960
2952,5,3,23,0.0,27.75,NASA_POWER_SARAH3_LiuJordan1960
2953,5,4,0,0.0,27.75,NASA_POWER_SARAH3_LiuJordan1960
2954,5,4,1,0.0,27.75,NASA_POWER_SARAH3_LiuJordan1960
2955,5,4,2,0.0,27.75,NASA_POWER_SARAH3_LiuJordan1960
2956,5,4,3,0.0,27.75,NASA_POWER_SARAH3_LiuJordan1960
2957,5,4,4,0.0,27.75,NASA_POWER_SARAH3_LiuJordan1960
2958,5,4,5,0.0,30.5,NASA_POWER_SARAH3_LiuJordan1960
2959,5,4,6,0.161668,31.724,NASA_POWER_SARAH3_LiuJordan1960
2960,5,4,7,0.326013,32.886,NASA_POWER_SARAH3_LiuJordan1960
2961,5,4,8,0.47336,33.929,NASA_POWER_SARAH3_LiuJordan1960
2962,5,4,9,0.593669,34.8,NASA_POWER_SARAH3_LiuJordan1960
2963,5,4,10,0.67874,35.455,NASA_POWER_SARAH3_LiuJordan1960
2964,5,4,11,0.722776,35.862,NASA_POWER_SARAH3_LiuJordan1960
2965,5,4,12,0.722776,36.0,NASA_POWER_SARAH3_LiuJordan1960
2966,5,4,13,0.67874,35.862,NASA_POWER_SARAH3_LiuJordan1960
2967,5,4,14,0.593669,35.455,NASA_POWER_SARAH3_LiuJordan1960
2968,5,4,15,0.47336,34.8,NASA_POWER_SARAH3_LiuJordan1960
2969,5,4,16,0.326013,33.929,NASA_POWER_SARAH3_LiuJordan1960
2970,5,4,17,0.161668,32.886,NASA_POWER_SARAH3_LiuJordan1960
2971,5,4,18,0.0,31.724,NASA_POWER_SARAH3_LiuJordan1960
2972,5,4,19,0.0,30.5,NASA_POWER_SARAH3_LiuJordan1960
2973,5,4,20,0.0,27.75,NASA_POWER_SARAH3_LiuJordan1960
2974,5,4,21,0.0,27.75,NASA_POWER_SARAH3_LiuJordan1960
2975,5,4,22,0.0,27.75,NASA_POWER_SARAH3_LiuJordan1960
2976,5,4,23,0.0,27.75,NASA_POWER_SARAH3_LiuJordan1960
2977,5,5,0,0.0,27.75,NASA_POWER_SARAH3_LiuJordan1960
2978,5,5,1,0.0,27.75,NASA_POWER_SARAH3_LiuJordan1960
2979,5,5,2,0.0,27.75,NASA_POWER_SARAH3_LiuJordan1960
2980,5,5,3,0.0,27.75,NASA_POWER_SARAH3_LiuJordan1960
2981,5,5,4,0.0,27.75,NASA_POWER_SARAH3_LiuJordan1960
2982,5,5,5,0.0,30.5,NASA_POWER_SARAH3_LiuJordan1960
2983,5,5,6,0.162835,31.724,NASA_POWER_SARAH3_LiuJordan1960
2984,5,5,7,0.326834,32.886,NASA_POWER_SARAH3_LiuJordan1960
2985,5,5,8,0.473871,33.929,NASA_POWER_SARAH3_LiuJordan1960
2986,5,5,9,0.593927,34.8,NASA_POWER_SARAH3_LiuJordan1960
2987,5,5,10,0.678819,35.455,NASA_POWER_SARAH3_LiuJordan1960
2988,5,5,11,0.722762,35.862,NASA_POWER_SARAH3_LiuJordan1960
2989,5,5,12,0.722762,36.0,NASA_POWER_SARAH3_LiuJordan1960
2990,5,5,13,0.678819,35.862,NASA_POWER_SARAH3_LiuJordan1960
2991,5,5,14,0.593927,35.455,NASA_POWER_SARAH3_LiuJordan1960
2992,5,5,15,0.473871,34.8,NASA_POWER_SARAH3_LiuJordan1960
2993,5,5,16,0.326834,33.929,NASA_POWER_SARAH3_LiuJordan1960
2994,5,5,17,0.162835,32.886,NASA_POWER_SARAH3_LiuJordan1960
2995,5,5,18,0.0,31.724,NASA_POWER_SARAH3_LiuJordan1960
2996,5,5,19,0.0,30.5,NASA_POWER_SARAH3_LiuJordan1960
2997,5,5,20,0.0,27.75,NASA_POWER_SARAH3_LiuJordan1960
2998,5,5,21,0.0,27.75,NASA_POWER_SARAH3_LiuJordan1960
2999,5,5,22,0.0,27.75,NASA_POWER_SARAH3_LiuJordan1960
3000,5,5,23,0.0,27.75,NASA_POWER_SARAH3_LiuJordan1960
3001,5,6,0,0.0,27.75,NASA_POWER_SARAH3_LiuJordan1960
3002,5,6,1,0.0,27.75,NASA_POWER_SARAH3_LiuJordan1960
3003,5,6,2,0.0,27.75,NASA_POWER_SARAH3_LiuJordan1960
3004,5,6,3,0.0,27.75,NASA_POWER_SARAH3_LiuJordan1960
3005,5,6,4,0.0,27.75,NASA_POWER_SARAH3_LiuJordan1960
3006,5,6,5,0.0,30.5,NASA_POWER_SARAH3_LiuJordan1960
3007,5,6,6,0.154094,31.724,NASA_POWER_SARAH3_LiuJordan1960
3008,5,6,7,0.307886,32.886,NASA_POWER_SARAH3_LiuJordan1960
3009,5,6,8,0.445771,33.929,NASA_POWER_SARAH3_LiuJordan1960
3010,5,6,9,0.558355,34.8,NASA_POWER_SARAH3_LiuJordan1960
3011,5,6,10,0.637963,35.455,NASA_POWER_SARAH3_LiuJordan1960
3012,5,6,11,0.679172,35.862,NASA_POWER_SARAH3_LiuJordan1960
3013,5,6,12,0.679172,36.0,NASA_POWER_SARAH3_LiuJordan1960
3014,5,6,13,0.637963,35.862,NASA_POWER_SARAH3_LiuJordan1960
3015,5,6,14,0.558355,35.455,NASA_POWER_SARAH3_LiuJordan1960
3016,5,6,15,0.445771,34.8,NASA_POWER_SARAH3_LiuJordan1960
3017,5,6,16,0.307886,33.929,NASA_POWER_SARAH3_LiuJordan1960
3018,5,6,17,0.154094,32.886,NASA_POWER_SARAH3_LiuJordan1960
3019,5,6,18,0.0,31.724,NASA_POWER_SARAH3_LiuJordan1960
3020,5,6,19,0.0,30.5,NASA_POWER_SARAH3_LiuJordan1960
3021,5,6,20,0.0,27.75,NASA_POWER_SARAH3_LiuJordan1960
3022,5,6,21,0.0,27.75,NASA_POWER_SARAH3_LiuJordan1960
3023,5,6,22,0.0,27.75,NASA_POWER_SARAH3_LiuJordan1960
3024,5,6,23,0.0,27.75,NASA_POWER_SARAH3_LiuJordan1960
3025,5,7,0,0.0,27.75,NASA_POWER_SARAH3_LiuJordan1960
3026,5,7,1,0.0,27.75,NASA_POWER_SARAH3_LiuJordan1960
3027,5,7,2,0.0,27.75,NASA_POWER_SARAH3_LiuJordan1960
3028,5,7,3,0.0,27.75,NASA_POWER_SARAH3_LiuJordan1960
3029,5,7,4,0.0,27.75,NASA_POWER_SARAH3_LiuJordan1960
3030,5,7,5,0.0,30.5,NASA_POWER_SARAH3_LiuJordan1960
3031,5,7,6,0.150279,31.724,NASA_POWER_SARAH3_LiuJordan1960
3032,5,7,7,0.298937,32.886,NASA_POWER_SARAH3_LiuJordan1960
3033,5,7,8,0.43222,33.929,NASA_POWER_SARAH3_LiuJordan1960
3034,5,7,9,0.541045,34.8,NASA_POWER_SARAH3_LiuJordan1960
3035,5,7,10,0.617996,35.455,NASA_POWER_SARAH3_LiuJordan1960
3036,5,7,11,0.657829,35.862,NASA_POWER_SARAH3_LiuJordan1960
3037,5,7,12,0.657829,36.0,NASA_POWER_SARAH3_LiuJordan1960
3038,5,7,13,0.617996,35.862,NASA_POWER_SARAH3_LiuJordan1960
3039,5,7,14,0.541045,35.455,NASA_POWER_SARAH3_LiuJordan1960
3040,5,7,15,0.43222,34.8,NASA_POWER_SARAH3_LiuJordan1960
3041,5,7,16,0.298937,33.929,NASA_POWER_SARAH3_LiuJordan1960
3042,5,7,17,0.150279,32.886,NASA_POWER_SARAH3_LiuJordan1960
3043,5,7,18,0.0,31.724,NASA_POWER_SARAH3_LiuJordan1960
3044,5,7,19,0.0,30.5,NASA_POWER_SARAH3_LiuJordan1960
3045,5,7,20,0.0,27.75,NASA_POWER_SARAH3_LiuJordan1960
3046,5,7,21,0.0,27.75,NASA_POWER_SARAH3_LiuJordan1960
3047,5,7,22,0.0,27.75,NASA_POWER_SARAH3_LiuJordan1960
3048,5,7,23,0.0,27.75,NASA_POWER_SARAH3_LiuJordan1960
3049,5,8,0,0.0,27.75,NASA_POWER_SARAH3_LiuJordan1960
3050,5,8,1,0.0,27.75,NASA_POWER_SARAH3_LiuJordan1960
3051,5,8,2,0.0,27.75,NASA_POWER_SARAH3_LiuJordan1960
3052,5,8,3,0.0,27.75,NASA_POWER_SARAH3_LiuJordan1960
3053,5,8,4,0.0,27.75,NASA_POWER_SARAH3_LiuJordan1960
3054,5,8,5,0.0,30.5,NASA_POWER_SARAH3_LiuJordan1960
3055,5,8,6,0.138855,31.724,NASA_POWER_SARAH3_LiuJordan1960
3056,5,8,7,0.275026,32.886,NASA_POWER_SARAH3_LiuJordan1960
3057,5,8,8,0.397113,33.929,NASA_POWER_SARAH3_LiuJordan1960
3058,5,8,9,0.496797,34.8,NASA_POWER_SARAH3_LiuJordan1960
3059,5,8,10,0.567284,35.455,NASA_POWER_SARAH3_LiuJordan1960
3060,5,8,11,0.603771,35.862,NASA_POWER_SARAH3_LiuJordan1960
3061,5,8,12,0.603771,36.0,NASA_POWER_SARAH3_LiuJordan1960
3062,5,8,13,0.567284,35.862,NASA_POWER_SARAH3_LiuJordan1960
3063,5,8,14,0.496797,35.455,NASA_POWER_SARAH3_LiuJordan1960
3064,5,8,15,0.397113,34.8,NASA_POWER_SARAH3_LiuJordan1960
3065,5,8,16,0.275026,33.929,NASA_POWER_SARAH3_LiuJordan1960
3066,5,8,17,0.138855,32.886,NASA_POWER_SARAH3_LiuJordan1960
3067,5,8,18,0.0,31.724,NASA_POWER_SARAH3_LiuJordan1960
3068,5,8,19,0.0,30.5,NASA_POWER_SARAH3_LiuJordan1960
3069,5,8,20,0.0,27.75,NASA_POWER_SARAH3_LiuJordan1960
3070,5,8,21,0.0,27.75,NASA_POWER_SARAH3_LiuJordan1960
3071,5,8,22,0.0,27.75,NASA_POWER_SARAH3_LiuJordan1960
3072,5,8,23,0.0,27.75,NASA_POWER_SARAH3_LiuJordan1960
3073,5,9,0,0.0,27.75,NASA_POWER_SARAH3_LiuJordan1960
3074,5,9,1,0.0,27.75,NASA_POWER_SARAH3_LiuJordan1960
3075,5,9,2,0.0,27.75,NASA_POWER_SARAH3_LiuJordan1960
3076,5,9,3,0.0,27.75,NASA_POWER_SARAH3_LiuJordan1960
3077,5,9,4,0.0,27.75,NASA_POWER_SARAH3_LiuJordan1960
3078,5,9,5,0.0,30.5,NASA_POWER_SARAH3_LiuJordan1960
3079,5,9,6,0.141803,31.724,NASA_POWER_SARAH3_LiuJordan1960
3080,5,9,7,0.279691,32.886,NASA_POWER_SARAH3_LiuJordan1960
3081,5,9,8,0.403319,33.929,NASA_POWER_SARAH3_LiuJordan1960
3082,5,9,9,0.50426,34.8,NASA_POWER_SARAH3_LiuJordan1960
3083,5,9,10,0.575636,35.455,NASA_POWER_SARAH3_LiuJordan1960
3084,5,9,11,0.612583,35.862,NASA_POWER_SARAH3_LiuJordan1960
3085,5,9,12,0.612583,36.0,NASA_POWER_SARAH3_LiuJordan1960
3086,5,9,13,0.575636,35.862,NASA_POWER_SARAH3_LiuJordan1960
3087,5,9,14,0.50426,35.455,NASA_POWER_SARAH3_LiuJordan1960
3088,5,9,15,0.403319,34.8,NASA_POWER_SARAH3_LiuJordan1960
3089,5,9,16,0.279691,33.929,NASA_POWER_SARAH3_LiuJordan1960
3090,5,9,17,0.141803,32.886,NASA_POWER_SARAH3_LiuJordan1960
3091,5,9,18,0.0,31.724,NASA_POWER_SARAH3_LiuJordan1960
3092,5,9,19,0.0,30.5,NASA_POWER_SARAH3_LiuJordan1960
3093,5,9,20,0.0,27.75,NASA_POWER_SARAH3_LiuJordan1960
3094,5,9,21,0.0,27.75,NASA_POWER_SARAH3_LiuJordan1960
3095,5,9,22,0.0,27.75,NASA_POWER_SARAH3_LiuJordan1960
3096,5,9,23,0.0,27.75,NASA_POWER_SARAH3_LiuJordan1960
3097,5,10,0,0.0,27.75,NASA_POWER_SARAH3_LiuJordan1960
3098,5,10,1,0.0,27.75,NASA_POWER_SARAH3_LiuJordan1960
3099,5,10,2,0.0,27.75,NASA_POWER_SARAH3_LiuJordan1960
3100,5,10,3,0.0,27.75,NASA_POWER_SARAH3_LiuJordan1960
3101,5,10,4,0.0,27.75,NASA_POWER_SARAH3_LiuJordan1960
3102,5,10,5,0.000237,30.5,NASA_POWER_SARAH3_LiuJordan1960
3103,5,10,6,0.147817,31.724,NASA_POWER_SARAH3_LiuJordan1960
3104,5,10,7,0.290368,32.886,NASA_POWER_SARAH3_LiuJordan1960
3105,5,10,8,0.418176,33.929,NASA_POWER_SARAH3_LiuJordan1960
3106,5,10,9,0.522531,34.8,NASA_POWER_SARAH3_LiuJordan1960
3107,5,10,10,0.596321,35.455,NASA_POWER_SARAH3_LiuJordan1960
3108,5,10,11,0.634518,35.862,NASA_POWER_SARAH3_LiuJordan1960
3109,5,10,12,0.634518,36.0,NASA_POWER_SARAH3_LiuJordan1960
3110,5,10,13,0.596321,35.862,NASA_POWER_SARAH3_LiuJordan1960
3111,5,10,14,0.522531,35.455,NASA_POWER_SARAH3_LiuJordan1960
3112,5,10,15,0.418176,34.8,NASA_POWER_SARAH3_LiuJordan1960
3113,5,10,16,0.290368,33.929,NASA_POWER_SARAH3_LiuJordan1960
3114,5,10,17,0.147817,32.886,NASA_POWER_SARAH3_LiuJordan1960
3115,5,10,18,0.000237,31.724,NASA_POWER_SARAH3_LiuJordan1960
3116,5,10,19,0.0,30.5,NASA_POWER_SARAH3_LiuJordan1960
3117,5,10,20,0.0,27.75,NASA_POWER_SARAH3_LiuJordan1960
3118,5,10,21,0.0,27.75,NASA_POWER_SARAH3_LiuJordan1960
3119,5,10,22,0.0,27.75,NASA_POWER_SARAH3_LiuJordan1960
3120,5,10,23,0.0,27.75,NASA_POWER_SARAH3_LiuJordan1960
3121,5,11,0,0.0,27.75,NASA_POWER_SARAH3_LiuJordan1960
3122,5,11,1,0.0,27.75,NASA_POWER_SARAH3_LiuJordan1960
3123,5,11,2,0.0,27.75,NASA_POWER_SARAH3_LiuJordan1960
3124,5,11,3,0.0,27.75,NASA_POWER_SARAH3_LiuJordan1960
3125,5,11,4,0.0,27.75,NASA_POWER_SARAH3_LiuJordan1960
3126,5,11,5,0.001607,30.5,NASA_POWER_SARAH3_LiuJordan1960
3127,5,11,6,0.166865,31.724,NASA_POWER_SARAH3_LiuJordan1960
3128,5,11,7,0.326491,32.886,NASA_POWER_SARAH3_LiuJordan1960
3129,5,11,8,0.469609,33.929,NASA_POWER_SARAH3_LiuJordan1960
3130,5,11,9,0.586464,34.8,NASA_POWER_SARAH3_LiuJordan1960
3131,5,11,10,0.669092,35.455,NASA_POWER_SARAH3_LiuJordan1960
3132,5,11,11,0.711864,35.862,NASA_POWER_SARAH3_LiuJordan1960
3133,5,11,12,0.711864,36.0,NASA_POWER_SARAH3_LiuJordan1960
3134,5,11,13,0.669092,35.862,NASA_POWER_SARAH3_LiuJordan1960
3135,5,11,14,0.586464,35.455,NASA_POWER_SARAH3_LiuJordan1960
3136,5,11,15,0.469609,34.8,NASA_POWER_SARAH3_LiuJordan1960
3137,5,11,16,0.326491,33.929,NASA_POWER_SARAH3_LiuJordan1960
3138,5,11,17,0.166865,32.886,NASA_POWER_SARAH3_LiuJordan1960
3139,5,11,18,0.001607,31.724,NASA_POWER_SARAH3_LiuJordan1960
3140,5,11,19,0.0,30.5,NASA_POWER_SARAH3_LiuJordan1960
3141,5,11,20,0.0,27.75,NASA_POWER_SARAH3_LiuJordan1960
3142,5,11,21,0.0,27.75,NASA_POWER_SARAH3_LiuJordan1960
3143,5,11,22,0.0,27.75,NASA_POWER_SARAH3_LiuJordan1960
3144,5,11,23,0.0,27.75,NASA_POWER_SARAH3_LiuJordan1960
3145,5,12,0,0.0,27.75,NASA_POWER_SARAH3_LiuJordan1960
3146,5,12,1,0.0,27.75,NASA_POWER_SARAH3_LiuJordan1960
3147,5,12,2,0.0,27.75,NASA_POWER_SARAH3_LiuJordan1960
3148,5,12,3,0.0,27.75,NASA_POWER_SARAH3_LiuJordan1960
3149,5,12,4,0.0,27.75,NASA_POWER_SARAH3_LiuJordan1960
3150,5,12,5,0.002942,30.5,NASA_POWER_SARAH3_LiuJordan1960
3151,5,12,6,0.169112,31.724,NASA_POWER_SARAH3_LiuJordan1960
3152,5,12,7,0.32962,32.886,NASA_POWER_SARAH3_LiuJordan1960
3153,5,12,8,0.473527,33.929,NASA_POWER_SARAH3_LiuJordan1960
3154,5,12,9,0.591027,34.8,NASA_POWER_SARAH3_LiuJordan1960
3155,5,12,10,0.674112,35.455,NASA_POWER_SARAH3_LiuJordan1960
3156,5,12,11,0.71712,35.862,NASA_POWER_SARAH3_LiuJordan1960
3157,5,12,12,0.71712,36.0,NASA_POWER_SARAH3_LiuJordan1960
3158,5,12,13,0.674112,35.862,NASA_POWER_SARAH3_LiuJordan1960
3159,5,12,14,0.591027,35.455,NASA_POWER_SARAH3_LiuJordan1960
3160,5,12,15,0.473527,34.8,NASA_POWER_SARAH3_LiuJordan1960
3161,5,12,16,0.32962,33.929,NASA_POWER_SARAH3_LiuJordan1960
3162,5,12,17,0.169112,32.886,NASA_POWER_SARAH3_LiuJordan1960
3163,5,12,18,0.002942,31.724,NASA_POWER_SARAH3_LiuJordan1960
3164,5,12,19,0.0,30.5,NASA_POWER_SARAH3_LiuJordan1960
3165,5,12,20,0.0,27.75,NASA_POWER_SARAH3_LiuJordan1960
3166,5,12,21,0.0,27.75,NASA_POWER_SARAH3_LiuJordan1960
3167,5,12,22,0.0,27.75,NASA_POWER_SARAH3_LiuJordan1960
3168,5,12,23,0.0,27.75,NASA_POWER_SARAH3_LiuJordan1960
3169,5,13,0,0.0,27.75,NASA_POWER_SARAH3_LiuJordan1960
3170,5,13,1,0.0,27.75,NASA_POWER_SARAH3_LiuJordan1960
3171,5,13,2,0.0,27.75,NASA_POWER_SARAH3_LiuJordan1960
3172,5,13,3,0.0,27.75,NASA_POWER_SARAH3_LiuJordan1960
3173,5,13,4,0.0,27.75,NASA_POWER_SARAH3_LiuJordan1960
3174,5,13,5,0.004,30.5,NASA_POWER_SARAH3_LiuJordan1960
3175,5,13,6,0.160604,31.724,NASA_POWER_SARAH3_LiuJordan1960
3176,5,13,7,0.311872,32.886,NASA_POWER_SARAH3_LiuJordan1960
3177,5,13,8,0.447495,33.929,NASA_POWER_SARAH3_LiuJordan1960
3178,5,13,9,0.55823,34.8,NASA_POWER_SARAH3_LiuJordan1960
3179,5,13,10,0.636532,35.455,NASA_POWER_SARAH3_LiuJordan1960
3180,5,13,11,0.677064,35.862,NASA_POWER_SARAH3_LiuJordan1960
3181,5,13,12,0.677064,36.0,NASA_POWER_SARAH3_LiuJordan1960
3182,5,13,13,0.636532,35.862,NASA_POWER_SARAH3_LiuJordan1960
3183,5,13,14,0.55823,35.455,NASA_POWER_SARAH3_LiuJordan1960
3184,5,13,15,0.447495,34.8,NASA_POWER_SARAH3_LiuJordan1960
3185,5,13,16,0.311872,33.929,NASA_POWER_SARAH3_LiuJordan1960
3186,5,13,17,0.160604,32.886,NASA_POWER_SARAH3_LiuJordan1960
3187,5,13,18,0.004,31.724,NASA_POWER_SARAH3_LiuJordan1960
3188,5,13,19,0.0,30.5,NASA_POWER_SARAH3_LiuJordan1960
3189,5,13,20,0.0,27.75,NASA_POWER_SARAH3_LiuJordan1960
3190,5,13,21,0.0,27.75,NASA_POWER_SARAH3_LiuJordan1960
3191,5,13,22,0.0,27.75,NASA_POWER_SARAH3_LiuJordan1960
3192,5,13,23,0.0,27.75,NASA_POWER_SARAH3_LiuJordan1960
3193,5,14,0,0.0,27.75,NASA_POWER_SARAH3_LiuJordan1960
3194,5,14,1,0.0,27.75,NASA_POWER_SARAH3_LiuJordan1960
3195,5,14,2,0.0,27.75,NASA_POWER_SARAH3_LiuJordan1960
3196,5,14,3,0.0,27.75,NASA_POWER_SARAH3_LiuJordan1960
3197,5,14,4,0.0,27.75,NASA_POWER_SARAH3_LiuJordan1960
3198,5,14,5,0.005172,30.5,NASA_POWER_SARAH3_LiuJordan1960
3199,5,14,6,0.160768,31.724,NASA_POWER_SARAH3_LiuJordan1960
3200,5,14,7,0.311063,32.886,NASA_POWER_SARAH3_LiuJordan1960
3201,5,14,8,0.445813,33.929,NASA_POWER_SARAH3_LiuJordan1960
3202,5,14,9,0.555836,34.8,NASA_POWER_SARAH3_LiuJordan1960
3203,5,14,10,0.633634,35.455,NASA_POWER_SARAH3_LiuJordan1960
3204,5,14,11,0.673905,35.862,NASA_POWER_SARAH3_LiuJordan1960
3205,5,14,12,0.673905,36.0,NASA_POWER_SARAH3_LiuJordan1960
3206,5,14,13,0.633634,35.862,NASA_POWER_SARAH3_LiuJordan1960
3207,5,14,14,0.555836,35.455,NASA_POWER_SARAH3_LiuJordan1960
3208,5,14,15,0.445813,34.8,NASA_POWER_SARAH3_LiuJordan1960
3209,5,14,16,0.311063,33.929,NASA_POWER_SARAH3_LiuJordan1960
3210,5,14,17,0.160768,32.886,NASA_POWER_SARAH3_LiuJordan1960
3211,5,14,18,0.005172,31.724,NASA_POWER_SARAH3_LiuJordan1960
3212,5,14,19,0.0,30.5,NASA_POWER_SARAH3_LiuJordan1960
3213,5,14,20,0.0,27.75,NASA_POWER_SARAH3_LiuJordan1960
3214,5,14,21,0.0,27.75,NASA_POWER_SARAH3_LiuJordan1960
3215,5,14,22,0.0,27.75,NASA_POWER_SARAH3_LiuJordan1960
3216,5,14,23,0.0,27.75,NASA_POWER_SARAH3_LiuJordan1960
3217,5,15,0,0.0,27.75,NASA_POWER_SARAH3_LiuJordan1960
3218,5,15,1,0.0,27.75,NASA_POWER_SARAH3_LiuJordan1960
3219,5,15,2,0.0,27.75,NASA_POWER_SARAH3_LiuJordan1960
3220,5,15,3,0.0,27.75,NASA_POWER_SARAH3_LiuJordan1960
3221,5,15,4,0.0,27.75,NASA_POWER_SARAH3_LiuJordan1960
3222,5,15,5,0.005856,30.5,NASA_POWER_SARAH3_LiuJordan1960
3223,5,15,6,0.14943,31.724,NASA_POWER_SARAH3_LiuJordan1960
3224,5,15,7,0.288112,32.886,NASA_POWER_SARAH3_LiuJordan1960
3225,5,15,8,0.412451,33.929,NASA_POWER_SARAH3_LiuJordan1960
3226,5,15,9,0.513973,34.8,NASA_POWER_SARAH3_LiuJordan1960
3227,5,15,10,0.58576,35.455,NASA_POWER_SARAH3_LiuJordan1960
3228,5,15,11,0.622919,35.862,NASA_POWER_SARAH3_LiuJordan1960
3229,5,15,12,0.622919,36.0,NASA_POWER_SARAH3_LiuJordan1960
3230,5,15,13,0.58576,35.862,NASA_POWER_SARAH3_LiuJordan1960
3231,5,15,14,0.513973,35.455,NASA_POWER_SARAH3_LiuJordan1960
3232,5,15,15,0.412451,34.8,NASA_POWER_SARAH3_LiuJordan1960
3233,5,15,16,0.288112,33.929,NASA_POWER_SARAH3_LiuJordan1960
3234,5,15,17,0.14943,32.886,NASA_POWER_SARAH3_LiuJordan1960
3235,5,15,18,0.005856,31.724,NASA_POWER_SARAH3_LiuJordan1960
3236,5,15,19,0.0,30.5,NASA_POWER_SARAH3_LiuJordan1960
3237,5,15,20,0.0,27.75,NASA_POWER_SARAH3_LiuJordan1960
3238,5,15,21,0.0,27.75,NASA_POWER_SARAH3_LiuJordan1960
3239,5,15,22,0.0,27.75,NASA_POWER_SARAH3_LiuJordan1960
3240,5,15,23,0.0,27.75,NASA_POWER_SARAH3_LiuJordan1960
3241,5,16,0,0.0,27.75,NASA_POWER_SARAH3_LiuJordan1960
3242,5,16,1,0.0,27.75,NASA_POWER_SARAH3_LiuJordan1960
3243,5,16,2,0.0,27.75,NASA_POWER_SARAH3_LiuJordan1960
3244,5,16,3,0.0,27.75,NASA_POWER_SARAH3_LiuJordan1960
3245,5,16,4,0.0,27.75,NASA_POWER_SARAH3_LiuJordan1960
3246,5,16,5,0.006502,30.5,NASA_POWER_SARAH3_LiuJordan1960
3247,5,16,6,0.141434,31.724,NASA_POWER_SARAH3_LiuJordan1960
3248,5,16,7,0.271768,32.886,NASA_POWER_SARAH3_LiuJordan1960
3249,5,16,8,0.388622,33.929,NASA_POWER_SARAH3_LiuJordan1960
3250,5,16,9,0.484034,34.8,NASA_POWER_SARAH3_LiuJordan1960
3251,5,16,10,0.5515,35.455,NASA_POWER_SARAH3_LiuJordan1960
3252,5,16,11,0.586423,35.862,NASA_POWER_SARAH3_LiuJordan1960
3253,5,16,12,0.586423,36.0,NASA_POWER_SARAH3_LiuJordan1960
3254,5,16,13,0.5515,35.862,NASA_POWER_SARAH3_LiuJordan1960
3255,5,16,14,0.484034,35.455,NASA_POWER_SARAH3_LiuJordan1960
3256,5,16,15,0.388622,34.8,NASA_POWER_SARAH3_LiuJordan1960
3257,5,16,16,0.271768,33.929,NASA_POWER_SARAH3_LiuJordan1960
3258,5,16,17,0.141434,32.886,NASA_POWER_SARAH3_LiuJordan1960
3259,5,16,18,0.006502,31.724,NASA_POWER_SARAH3_LiuJordan1960
3260,5,16,19,0.0,30.5,NASA_POWER_SARAH3_LiuJordan1960
3261,5,16,20,0.0,27.75,NASA_POWER_SARAH3_LiuJordan1960
3262,5,16,21,0.0,27.75,NASA_POWER_SARAH3_LiuJordan1960
3263,5,16,22,0.0,27.75,NASA_POWER_SARAH3_LiuJordan1960
3264,5,16,23,0.0,27.75,NASA_POWER_SARAH3_LiuJordan1960
3265,5,17,0,0.0,27.75,NASA_POWER_SARAH3_LiuJordan1960
3266,5,17,1,0.0,27.75,NASA_POWER_SARAH3_LiuJordan1960
3267,5,17,2,0.0,27.75,NASA_POWER_SARAH3_LiuJordan1960
3268,5,17,3,0.0,27.75,NASA_POWER_SARAH3_LiuJordan1960
3269,5,17,4,0.0,27.75,NASA_POWER_SARAH3_LiuJordan1960
3270,5,17,5,0.007747,30.5,NASA_POWER_SARAH3_LiuJordan1960
3271,5,17,6,0.147518,31.724,NASA_POWER_SARAH3_LiuJordan1960
3272,5,17,7,0.282526,32.886,NASA_POWER_SARAH3_LiuJordan1960
3273,5,17,8,0.40357,33.929,NASA_POWER_SARAH3_LiuJordan1960
3274,5,17,9,0.502403,34.8,NASA_POWER_SARAH3_LiuJordan1960
3275,5,17,10,0.572288,35.455,NASA_POWER_SARAH3_LiuJordan1960
3276,5,17,11,0.608463,35.862,NASA_POWER_SARAH3_LiuJordan1960
3277,5,17,12,0.608463,36.0,NASA_POWER_SARAH3_LiuJordan1960
3278,5,17,13,0.572288,35.862,NASA_POWER_SARAH3_LiuJordan1960
3279,5,17,14,0.502403,35.455,NASA_POWER_SARAH3_LiuJordan1960
3280,5,17,15,0.40357,34.8,NASA_POWER_SARAH3_LiuJordan1960
3281,5,17,16,0.282526,33.929,NASA_POWER_SARAH3_LiuJordan1960
3282,5,17,17,0.147518,32.886,NASA_POWER_SARAH3_LiuJordan1960
3283,5,17,18,0.007747,31.724,NASA_POWER_SARAH3_LiuJordan1960
3284,5,17,19,0.0,30.5,NASA_POWER_SARAH3_LiuJordan1960
3285,5,17,20,0.0,27.75,NASA_POWER_SARAH3_LiuJordan1960
3286,5,17,21,0.0,27.75,NASA_POWER_SARAH3_LiuJordan1960
3287,5,17,22,0.0,27.75,NASA_POWER_SARAH3_LiuJordan1960
3288,5,17,23,0.0,27.75,NASA_POWER_SARAH3_LiuJordan1960
3289,5,18,0,0.0,27.75,NASA_POWER_SARAH3_LiuJordan1960
3290,5,18,1,0.0,27.75,NASA_POWER_SARAH3_LiuJordan1960
3291,5,18,2,0.0,27.75,NASA_POWER_SARAH3_LiuJordan1960
3292,5,18,3,0.0,27.75,NASA_POWER_SARAH3_LiuJordan1960
3293,5,18,4,0.0,27.75,NASA_POWER_SARAH3_LiuJordan1960
3294,5,18,5,0.008198,30.5,NASA_POWER_SARAH3_LiuJordan1960
3295,5,18,6,0.139339,31.724,NASA_POWER_SARAH3_LiuJordan1960
3296,5,18,7,0.266011,32.886,NASA_POWER_SARAH3_LiuJordan1960
3297,5,18,8,0.379582,33.929,NASA_POWER_SARAH3_LiuJordan1960
3298,5,18,9,0.472312,34.8,NASA_POWER_SARAH3_LiuJordan1960
3299,5,18,10,0.537883,35.455,NASA_POWER_SARAH3_LiuJordan1960
3300,5,18,11,0.571824,35.862,NASA_POWER_SARAH3_LiuJordan1960
3301,5,18,12,0.571824,36.0,NASA_POWER_SARAH3_LiuJordan1960
3302,5,18,13,0.537883,35.862,NASA_POWER_SARAH3_LiuJordan1960
3303,5,18,14,0.472312,35.455,NASA_POWER_SARAH3_LiuJordan1960
3304,5,18,15,0.379582,34.8,NASA_POWER_SARAH3_LiuJordan1960
3305,5,18,16,0.266011,33.929,NASA_POWER_SARAH3_LiuJordan1960
3306,5,18,17,0.139339,32.886,NASA_POWER_SARAH3_LiuJordan1960
3307,5,18,18,0.008198,31.724,NASA_POWER_SARAH3_LiuJordan1960
3308,5,18,19,0.0,30.5,NASA_POWER_SARAH3_LiuJordan1960
3309,5,18,20,0.0,27.75,NASA_POWER_SARAH3_LiuJordan1960
3310,5,18,21,0.0,27.75,NASA_POWER_SARAH3_LiuJordan1960
3311,5,18,22,0.0,27.75,NASA_POWER_SARAH3_LiuJordan1960
3312,5,18,23,0.0,27.75,NASA_POWER_SARAH3_LiuJordan1960
3313,5,19,0,0.0,27.75,NASA_POWER_SARAH3_LiuJordan1960
3314,5,19,1,0.0,27.75,NASA_POWER_SARAH3_LiuJordan1960
3315,5,19,2,0.0,27.75,NASA_POWER_SARAH3_LiuJordan1960
3316,5,19,3,0.0,27.75,NASA_POWER_SARAH3_LiuJordan1960
3317,5,19,4,0.0,27.75,NASA_POWER_SARAH3_LiuJordan1960
3318,5,19,5,0.010271,30.5,NASA_POWER_SARAH3_LiuJordan1960
3319,5,19,6,0.15819,31.724,NASA_POWER_SARAH3_LiuJordan1960
3320,5,19,7,0.301068,32.886,NASA_POWER_SARAH3_LiuJordan1960
3321,5,19,8,0.429169,33.929,NASA_POWER_SARAH3_LiuJordan1960
3322,5,19,9,0.533763,34.8,NASA_POWER_SARAH3_LiuJordan1960
3323,5,19,10,0.607723,35.455,NASA_POWER_SARAH3_LiuJordan1960
3324,5,19,11,0.646007,35.862,NASA_POWER_SARAH3_LiuJordan1960
3325,5,19,12,0.646007,36.0,NASA_POWER_SARAH3_LiuJordan1960
3326,5,19,13,0.607723,35.862,NASA_POWER_SARAH3_LiuJordan1960
3327,5,19,14,0.533763,35.455,NASA_POWER_SARAH3_LiuJordan1960
3328,5,19,15,0.429169,34.8,NASA_POWER_SARAH3_LiuJordan1960
3329,5,19,16,0.301068,33.929,NASA_POWER_SARAH3_LiuJordan1960
3330,5,19,17,0.15819,32.886,NASA_POWER_SARAH3_LiuJordan1960
3331,5,19,18,0.010271,31.724,NASA_POWER_SARAH3_LiuJordan1960
3332,5,19,19,0.0,30.5,NASA_POWER_SARAH3_LiuJordan1960
3333,5,19,20,0.0,27.75,NASA_POWER_SARAH3_LiuJordan1960
3334,5,19,21,0.0,27.75,NASA_POWER_SARAH3_LiuJordan1960
3335,5,19,22,0.0,27.75,NASA_POWER_SARAH3_LiuJordan1960
3336,5,19,23,0.0,27.75,NASA_POWER_SARAH3_LiuJordan1960
3337,5,20,0,0.0,27.75,NASA_POWER_SARAH3_LiuJordan1960
3338,5,20,1,0.0,27.75,NASA_POWER_SARAH3_LiuJordan1960
3339,5,20,2,0.0,27.75,NASA_POWER_SARAH3_LiuJordan1960
3340,5,20,3,0.0,27.75,NASA_POWER_SARAH3_LiuJordan1960
3341,5,20,4,0.0,27.75,NASA_POWER_SARAH3_LiuJordan1960
3342,5,20,5,0.012397,30.5,NASA_POWER_SARAH3_LiuJordan1960
3343,5,20,6,0.17508,31.724,NASA_POWER_SARAH3_LiuJordan1960
3344,5,20,7,0.332221,32.886,NASA_POWER_SARAH3_LiuJordan1960
3345,5,20,8,0.473109,33.929,NASA_POWER_SARAH3_LiuJordan1960
3346,5,20,9,0.588144,34.8,NASA_POWER_SARAH3_LiuJordan1960
3347,5,20,10,0.669486,35.455,NASA_POWER_SARAH3_LiuJordan1960
3348,5,20,11,0.711591,35.862,NASA_POWER_SARAH3_LiuJordan1960
3349,5,20,12,0.711591,36.0,NASA_POWER_SARAH3_LiuJordan1960
3350,5,20,13,0.669486,35.862,NASA_POWER_SARAH3_LiuJordan1960
3351,5,20,14,0.588144,35.455,NASA_POWER_SARAH3_LiuJordan1960
3352,5,20,15,0.473109,34.8,NASA_POWER_SARAH3_LiuJordan1960
3353,5,20,16,0.332221,33.929,NASA_POWER_SARAH3_LiuJordan1960
3354,5,20,17,0.17508,32.886,NASA_POWER_SARAH3_LiuJordan1960
3355,5,20,18,0.012397,31.724,NASA_POWER_SARAH3_LiuJordan1960
3356,5,20,19,0.0,30.5,NASA_POWER_SARAH3_LiuJordan1960
3357,5,20,20,0.0,27.75,NASA_POWER_SARAH3_LiuJordan1960
3358,5,20,21,0.0,27.75,NASA_POWER_SARAH3_LiuJordan1960
3359,5,20,22,0.0,27.75,NASA_POWER_SARAH3_LiuJordan1960
3360,5,20,23,0.0,27.75,NASA_POWER_SARAH3_LiuJordan1960
3361,5,21,0,0.0,27.75,NASA_POWER_SARAH3_LiuJordan1960
3362,5,21,1,0.0,27.75,NASA_POWER_SARAH3_LiuJordan1960
3363,5,21,2,0.0,27.75,NASA_POWER_SARAH3_LiuJordan1960
3364,5,21,3,0.0,27.75,NASA_POWER_SARAH3_LiuJordan1960
3365,5,21,4,0.0,27.75,NASA_POWER_SARAH3_LiuJordan1960
3366,5,21,5,0.010602,30.5,NASA_POWER_SARAH3_LiuJordan1960
3367,5,21,6,0.13866,31.724,NASA_POWER_SARAH3_LiuJordan1960
3368,5,21,7,0.262355,32.886,NASA_POWER_SARAH3_LiuJordan1960
3369,5,21,8,0.373256,33.929,NASA_POWER_SARAH3_LiuJordan1960
3370,5,21,9,0.463807,34.8,NASA_POWER_SARAH3_LiuJordan1960
3371,5,21,10,0.527836,35.455,NASA_POWER_SARAH3_LiuJordan1960
3372,5,21,11,0.56098,35.862,NASA_POWER_SARAH3_LiuJordan1960
3373,5,21,12,0.56098,36.0,NASA_POWER_SARAH3_LiuJordan1960
3374,5,21,13,0.527836,35.862,NASA_POWER_SARAH3_LiuJordan1960
3375,5,21,14,0.463807,35.455,NASA_POWER_SARAH3_LiuJordan1960
3376,5,21,15,0.373256,34.8,NASA_POWER_SARAH3_LiuJordan1960
3377,5,21,16,0.262355,33.929,NASA_POWER_SARAH3_LiuJordan1960
3378,5,21,17,0.13866,32.886,NASA_POWER_SARAH3_LiuJordan1960
3379,5,21,18,0.010602,31.724,NASA_POWER_SARAH3_LiuJordan1960
3380,5,21,19,0.0,30.5,NASA_POWER_SARAH3_LiuJordan1960
3381,5,21,20,0.0,27.75,NASA_POWER_SARAH3_LiuJordan1960
3382,5,21,21,0.0,27.75,NASA_POWER_SARAH3_LiuJordan1960
3383,5,21,22,0.0,27.75,NASA_POWER_SARAH3_LiuJordan1960
3384,5,21,23,0.0,27.75,NASA_POWER_SARAH3_LiuJordan1960
3385,5,22,0,0.0,27.75,NASA_POWER_SARAH3_LiuJordan1960
3386,5,22,1,0.0,27.75,NASA_POWER_SARAH3_LiuJordan1960
3387,5,22,2,0.0,27.75,NASA_POWER_SARAH3_LiuJordan1960
3388,5,22,3,0.0,27.75,NASA_POWER_SARAH3_LiuJordan1960
3389,5,22,4,0.0,27.75,NASA_POWER_SARAH3_LiuJordan1960
3390,5,22,5,0.014446,30.5,NASA_POWER_SARAH3_LiuJordan1960
3391,5,22,6,0.17637,31.724,NASA_POWER_SARAH3_LiuJordan1960
3392,5,22,7,0.332776,32.886,NASA_POWER_SARAH3_LiuJordan1960
3393,5,22,8,0.473006,33.929,NASA_POWER_SARAH3_LiuJordan1960
3394,5,22,9,0.587504,34.8,NASA_POWER_SARAH3_LiuJordan1960
3395,5,22,10,0.668465,35.455,NASA_POWER_SARAH3_LiuJordan1960
3396,5,22,11,0.710374,35.862,NASA_POWER_SARAH3_LiuJordan1960
3397,5,22,12,0.710374,36.0,NASA_POWER_SARAH3_LiuJordan1960
3398,5,22,13,0.668465,35.862,NASA_POWER_SARAH3_LiuJordan1960
3399,5,22,14,0.587504,35.455,NASA_POWER_SARAH3_LiuJordan1960
3400,5,22,15,0.473006,34.8,NASA_POWER_SARAH3_LiuJordan1960
3401,5,22,16,0.332776,33.929,NASA_POWER_SARAH3_LiuJordan1960
3402,5,22,17,0.17637,32.886,NASA_POWER_SARAH3_LiuJordan1960
3403,5,22,18,0.014446,31.724,NASA_POWER_SARAH3_LiuJordan1960
3404,5,22,19,0.0,30.5,NASA_POWER_SARAH3_LiuJordan1960
3405,5,22,20,0.0,27.75,NASA_POWER_SARAH3_LiuJordan1960
3406,5,22,21,0.0,27.75,NASA_POWER_SARAH3_LiuJordan1960
3407,5,22,22,0.0,27.75,NASA_POWER_SARAH3_LiuJordan1960
3408,5,22,23,0.0,27.75,NASA_POWER_SARAH3_LiuJordan1960
3409,5,23,0,0.0,27.75,NASA_POWER_SARAH3_LiuJordan1960
3410,5,23,1,0.0,27.75,NASA_POWER_SARAH3_LiuJordan1960
3411,5,23,2,0.0,27.75,NASA_POWER_SARAH3_LiuJordan1960
3412,5,23,3,0.0,27.75,NASA_POWER_SARAH3_LiuJordan1960
3413,5,23,4,0.0,27.75,NASA_POWER_SARAH3_LiuJordan1960
3414,5,23,5,0.013267,30.5,NASA_POWER_SARAH3_LiuJordan1960
3415,5,23,6,0.152236,31.724,NASA_POWER_SARAH3_LiuJordan1960
3416,5,23,7,0.286469,32.886,NASA_POWER_SARAH3_LiuJordan1960
3417,5,23,8,0.40682,33.929,NASA_POWER_SARAH3_LiuJordan1960
3418,5,23,9,0.505086,34.8,NASA_POWER_SARAH3_LiuJordan1960
3419,5,23,10,0.57457,35.455,NASA_POWER_SARAH3_LiuJordan1960
3420,5,23,11,0.610538,35.862,NASA_POWER_SARAH3_LiuJordan1960
3421,5,23,12,0.610538,36.0,NASA_POWER_SARAH3_LiuJordan1960
3422,5,23,13,0.57457,35.862,NASA_POWER_SARAH3_LiuJordan1960
3423,5,23,14,0.505086,35.455,NASA_POWER_SARAH3_LiuJordan1960
3424,5,23,15,0.40682,34.8,NASA_POWER_SARAH3_LiuJordan1960
3425,5,23,16,0.286469,33.929,NASA_POWER_SARAH3_LiuJordan1960
3426,5,23,17,0.152236,32.886,NASA_POWER_SARAH3_LiuJordan1960
3427,5,23,18,0.013267,31.724,NASA_POWER_SARAH3_LiuJordan1960
3428,5,23,19,0.0,30.5,NASA_POWER_SARAH3_LiuJordan1960
3429,5,23,20,0.0,27.75,NASA_POWER_SARAH3_LiuJordan1960
3430,5,23,21,0.0,27.75,NASA_POWER_SARAH3_LiuJordan1960
3431,5,23,22,0.0,27.75,NASA_POWER_SARAH3_LiuJordan1960
3432,5,23,23,0.0,27.75,NASA_POWER_SARAH3_LiuJordan1960
3433,5,24,0,0.0,27.75,NASA_POWER_SARAH3_LiuJordan1960
3434,5,24,1,0.0,27.75,NASA_POWER_SARAH3_LiuJordan1960
3435,5,24,2,0.0,27.75,NASA_POWER_SARAH3_LiuJordan1960
3436,5,24,3,0.0,27.75,NASA_POWER_SARAH3_LiuJordan1960
3437,5,24,4,0.0,27.75,NASA_POWER_SARAH3_LiuJordan1960
3438,5,24,5,0.012226,30.5,NASA_POWER_SARAH3_LiuJordan1960
3439,5,24,6,0.132637,31.724,NASA_POWER_SARAH3_LiuJordan1960
3440,5,24,7,0.248945,32.886,NASA_POWER_SARAH3_LiuJordan1960
3441,5,24,8,0.353224,33.929,NASA_POWER_SARAH3_LiuJordan1960
3442,5,24,9,0.438368,34.8,NASA_POWER_SARAH3_LiuJordan1960
3443,5,24,10,0.498573,35.455,NASA_POWER_SARAH3_LiuJordan1960
3444,5,24,11,0.529738,35.862,NASA_POWER_SARAH3_LiuJordan1960
3445,5,24,12,0.529738,36.0,NASA_POWER_SARAH3_LiuJordan1960
3446,5,24,13,0.498573,35.862,NASA_POWER_SARAH3_LiuJordan1960
3447,5,24,14,0.438368,35.455,NASA_POWER_SARAH3_LiuJordan1960
3448,5,24,15,0.353224,34.8,NASA_POWER_SARAH3_LiuJordan1960
3449,5,24,16,0.248945,33.929,NASA_POWER_SARAH3_LiuJordan1960
3450,5,24,17,0.132637,32.886,NASA_POWER_SARAH3_LiuJordan1960
3451,5,24,18,0.012226,31.724,NASA_POWER_SARAH3_LiuJordan1960
3452,5,24,19,0.0,30.5,NASA_POWER_SARAH3_LiuJordan1960
3453,5,24,20,0.0,27.75,NASA_POWER_SARAH3_LiuJordan1960
3454,5,24,21,0.0,27.75,NASA_POWER_SARAH3_LiuJordan1960
3455,5,24,22,0.0,27.75,NASA_POWER_SARAH3_LiuJordan1960
3456,5,24,23,0.0,27.75,NASA_POWER_SARAH3_LiuJordan1960
3457,5,25,0,0.0,27.75,NASA_POWER_SARAH3_LiuJordan1960
3458,5,25,1,0.0,27.75,NASA_POWER_SARAH3_LiuJordan1960
3459,5,25,2,0.0,27.75,NASA_POWER_SARAH3_LiuJordan1960
3460,5,25,3,0.0,27.75,NASA_POWER_SARAH3_LiuJordan1960
3461,5,25,4,0.0,27.75,NASA_POWER_SARAH3_LiuJordan1960
3462,5,25,5,0.017259,30.5,NASA_POWER_SARAH3_LiuJordan1960
3463,5,25,6,0.177909,31.724,NASA_POWER_SARAH3_LiuJordan1960
3464,5,25,7,0.333085,32.886,NASA_POWER_SARAH3_LiuJordan1960
3465,5,25,8,0.472212,33.929,NASA_POWER_SARAH3_LiuJordan1960
3466,5,25,9,0.585809,34.8,NASA_POWER_SARAH3_LiuJordan1960
3467,5,25,10,0.666134,35.455,NASA_POWER_SARAH3_LiuJordan1960
3468,5,25,11,0.707714,35.862,NASA_POWER_SARAH3_LiuJordan1960
3469,5,25,12,0.707714,36.0,NASA_POWER_SARAH3_LiuJordan1960
3470,5,25,13,0.666134,35.862,NASA_POWER_SARAH3_LiuJordan1960
3471,5,25,14,0.585809,35.455,NASA_POWER_SARAH3_LiuJordan1960
3472,5,25,15,0.472212,34.8,NASA_POWER_SARAH3_LiuJordan1960
3473,5,25,16,0.333085,33.929,NASA_POWER_SARAH3_LiuJordan1960
3474,5,25,17,0.177909,32.886,NASA_POWER_SARAH3_LiuJordan1960
3475,5,25,18,0.017259,31.724,NASA_POWER_SARAH3_LiuJordan1960
3476,5,25,19,0.0,30.5,NASA_POWER_SARAH3_LiuJordan1960
3477,5,25,20,0.0,27.75,NASA_POWER_SARAH3_LiuJordan1960
3478,5,25,21,0.0,27.75,NASA_POWER_SARAH3_LiuJordan1960
3479,5,25,22,0.0,27.75,NASA_POWER_SARAH3_LiuJordan1960
3480,5,25,23,0.0,27.75,NASA_POWER_SARAH3_LiuJordan1960
3481,5,26,0,0.0,27.75,NASA_POWER_SARAH3_LiuJordan1960
3482,5,26,1,0.0,27.75,NASA_POWER_SARAH3_LiuJordan1960
3483,5,26,2,0.0,27.75,NASA_POWER_SARAH3_LiuJordan1960
3484,5,26,3,0.0,27.75,NASA_POWER_SARAH3_LiuJordan1960
3485,5,26,4,0.0,27.75,NASA_POWER_SARAH3_LiuJordan1960
3486,5,26,5,0.015507,30.5,NASA_POWER_SARAH3_LiuJordan1960
3487,5,26,6,0.152568,31.724,NASA_POWER_SARAH3_LiuJordan1960
3488,5,26,7,0.284959,32.886,NASA_POWER_SARAH3_LiuJordan1960
3489,5,26,8,0.403657,33.929,NASA_POWER_SARAH3_LiuJordan1960
3490,5,26,9,0.500573,34.8,NASA_POWER_SARAH3_LiuJordan1960
3491,5,26,10,0.569104,35.455,NASA_POWER_SARAH3_LiuJordan1960
3492,5,26,11,0.604578,35.862,NASA_POWER_SARAH3_LiuJordan1960
3493,5,26,12,0.604578,36.0,NASA_POWER_SARAH3_LiuJordan1960
3494,5,26,13,0.569104,35.862,NASA_POWER_SARAH3_LiuJordan1960
3495,5,26,14,0.500573,35.455,NASA_POWER_SARAH3_LiuJordan1960
3496,5,26,15,0.403657,34.8,NASA_POWER_SARAH3_LiuJordan1960
3497,5,26,16,0.284959,33.929,NASA_POWER_SARAH3_LiuJordan1960
3498,5,26,17,0.152568,32.886,NASA_POWER_SARAH3_LiuJordan1960
3499,5,26,18,0.015507,31.724,NASA_POWER_SARAH3_LiuJordan1960
3500,5,26,19,0.0,30.5,NASA_POWER_SARAH3_LiuJordan1960
3501,5,26,20,0.0,27.75,NASA_POWER_SARAH3_LiuJordan1960
3502,5,26,21,0.0,27.75,NASA_POWER_SARAH3_LiuJordan1960
3503,5,26,22,0.0,27.75,NASA_POWER_SARAH3_LiuJordan1960
3504,5,26,23,0.0,27.75,NASA_POWER_SARAH3_LiuJordan1960
3505,5,27,0,0.0,27.75,NASA_POWER_SARAH3_LiuJordan1960
3506,5,27,1,0.0,27.75,NASA_POWER_SARAH3_LiuJordan1960
3507,5,27,2,0.0,27.75,NASA_POWER_SARAH3_LiuJordan1960
3508,5,27,3,0.0,27.75,NASA_POWER_SARAH3_LiuJordan1960
3509,5,27,4,0.0,27.75,NASA_POWER_SARAH3_LiuJordan1960
3510,5,27,5,0.01818,30.5,NASA_POWER_SARAH3_LiuJordan1960
3511,5,27,6,0.171386,31.724,NASA_POWER_SARAH3_LiuJordan1960
3512,5,27,7,0.319371,32.886,NASA_POWER_SARAH3_LiuJordan1960
3513,5,27,8,0.452051,33.929,NASA_POWER_SARAH3_LiuJordan1960
3514,5,27,9,0.560383,34.8,NASA_POWER_SARAH3_LiuJordan1960
3515,5,27,10,0.636986,35.455,NASA_POWER_SARAH3_LiuJordan1960
3516,5,27,11,0.676639,35.862,NASA_POWER_SARAH3_LiuJordan1960
3517,5,27,12,0.676639,36.0,NASA_POWER_SARAH3_LiuJordan1960
3518,5,27,13,0.636986,35.862,NASA_POWER_SARAH3_LiuJordan1960
3519,5,27,14,0.560383,35.455,NASA_POWER_SARAH3_LiuJordan1960
3520,5,27,15,0.452051,34.8,NASA_POWER_SARAH3_LiuJordan1960
3521,5,27,16,0.319371,33.929,NASA_POWER_SARAH3_LiuJordan1960
3522,5,27,17,0.171386,32.886,NASA_POWER_SARAH3_LiuJordan1960
3523,5,27,18,0.01818,31.724,NASA_POWER_SARAH3_LiuJordan1960
3524,5,27,19,0.0,30.5,NASA_POWER_SARAH3_LiuJordan1960
3525,5,27,20,0.0,27.75,NASA_POWER_SARAH3_LiuJordan1960
3526,5,27,21,0.0,27.75,NASA_POWER_SARAH3_LiuJordan1960
3527,5,27,22,0.0,27.75,NASA_POWER_SARAH3_LiuJordan1960
3528,5,27,23,0.0,27.75,NASA_POWER_SARAH3_LiuJordan1960
3529,5,28,0,0.0,27.75,NASA_POWER_SARAH3_LiuJordan1960
3530,5,28,1,0.0,27.75,NASA_POWER_SARAH3_LiuJordan1960
3531,5,28,2,0.0,27.75,NASA_POWER_SARAH3_LiuJordan1960
3532,5,28,3,0.0,27.75,NASA_POWER_SARAH3_LiuJordan1960
3533,5,28,4,0.0,27.75,NASA_POWER_SARAH3_LiuJordan1960
3534,5,28,5,0.01983,30.5,NASA_POWER_SARAH3_LiuJordan1960
3535,5,28,6,0.17975,31.724,NASA_POWER_SARAH3_LiuJordan1960
3536,5,28,7,0.33422,32.886,NASA_POWER_SARAH3_LiuJordan1960
3537,5,28,8,0.472715,33.929,NASA_POWER_SARAH3_LiuJordan1960
3538,5,28,9,0.585795,34.8,NASA_POWER_SARAH3_LiuJordan1960
3539,5,28,10,0.665755,35.455,NASA_POWER_SARAH3_LiuJordan1960
3540,5,28,11,0.707145,35.862,NASA_POWER_SARAH3_LiuJordan1960
3541,5,28,12,0.707145,36.0,NASA_POWER_SARAH3_LiuJordan1960
3542,5,28,13,0.665755,35.862,NASA_POWER_SARAH3_LiuJordan1960
3543,5,28,14,0.585795,35.455,NASA_POWER_SARAH3_LiuJordan1960
3544,5,28,15,0.472715,34.8,NASA_POWER_SARAH3_LiuJordan1960
3545,5,28,16,0.33422,33.929,NASA_POWER_SARAH3_LiuJordan1960
3546,5,28,17,0.17975,32.886,NASA_POWER_SARAH3_LiuJordan1960
3547,5,28,18,0.01983,31.724,NASA_POWER_SARAH3_LiuJordan1960
3548,5,28,19,0.0,30.5,NASA_POWER_SARAH3_LiuJordan1960
3549,5,28,20,0.0,27.75,NASA_POWER_SARAH3_LiuJordan1960
3550,5,28,21,0.0,27.75,NASA_POWER_SARAH3_LiuJordan1960
3551,5,28,22,0.0,27.75,NASA_POWER_SARAH3_LiuJordan1960
3552,5,28,23,0.0,27.75,NASA_POWER_SARAH3_LiuJordan1960
3553,5,29,0,0.0,27.75,NASA_POWER_SARAH3_LiuJordan1960
3554,5,29,1,0.0,27.75,NASA_POWER_SARAH3_LiuJordan1960
3555,5,29,2,0.0,27.75,NASA_POWER_SARAH3_LiuJordan1960
3556,5,29,3,0.0,27.75,NASA_POWER_SARAH3_LiuJordan1960
3557,5,29,4,0.0,27.75,NASA_POWER_SARAH3_LiuJordan1960
3558,5,29,5,0.017128,30.5,NASA_POWER_SARAH3_LiuJordan1960
3559,5,29,6,0.149753,31.724,NASA_POWER_SARAH3_LiuJordan1960
3560,5,29,7,0.27786,32.886,NASA_POWER_SARAH3_LiuJordan1960
3561,5,29,8,0.392717,33.929,NASA_POWER_SARAH3_LiuJordan1960
3562,5,29,9,0.486498,34.8,NASA_POWER_SARAH3_LiuJordan1960
3563,5,29,10,0.552811,35.455,NASA_POWER_SARAH3_LiuJordan1960
3564,5,29,11,0.587137,35.862,NASA_POWER_SARAH3_LiuJordan1960
3565,5,29,12,0.587137,36.0,NASA_POWER_SARAH3_LiuJordan1960
3566,5,29,13,0.552811,35.862,NASA_POWER_SARAH3_LiuJordan1960
3567,5,29,14,0.486498,35.455,NASA_POWER_SARAH3_LiuJordan1960
3568,5,29,15,0.392717,34.8,NASA_POWER_SARAH3_LiuJordan1960
3569,5,29,16,0.27786,33.929,NASA_POWER_SARAH3_LiuJordan1960
3570,5,29,17,0.149753,32.886,NASA_POWER_SARAH3_LiuJordan1960
3571,5,29,18,0.017128,31.724,NASA_POWER_SARAH3_LiuJordan1960
3572,5,29,19,0.0,30.5,NASA_POWER_SARAH3_LiuJordan1960
3573,5,29,20,0.0,27.75,NASA_POWER_SARAH3_LiuJordan1960
3574,5,29,21,0.0,27.75,NASA_POWER_SARAH3_LiuJordan1960
3575,5,29,22,0.0,27.75,NASA_POWER_SARAH3_LiuJordan1960
3576,5,29,23,0.0,27.75,NASA_POWER_SARAH3_LiuJordan1960
3577,5,30,0,0.0,27.75,NASA_POWER_SARAH3_LiuJordan1960
3578,5,30,1,0.0,27.75,NASA_POWER_SARAH3_LiuJordan1960
3579,5,30,2,0.0,27.75,NASA_POWER_SARAH3_LiuJordan1960
3580,5,30,3,0.0,27.75,NASA_POWER_SARAH3_LiuJordan1960
3581,5,30,4,0.0,27.75,NASA_POWER_SARAH3_LiuJordan1960
3582,5,30,5,0.017014,30.5,NASA_POWER_SARAH3_LiuJordan1960
3583,5,30,6,0.143902,31.724,NASA_POWER_SARAH3_LiuJordan1960
3584,5,30,7,0.266467,32.886,NASA_POWER_SARAH3_LiuJordan1960
3585,5,30,8,0.376355,33.929,NASA_POWER_SARAH3_LiuJordan1960
3586,5,30,9,0.466078,34.8,NASA_POWER_SARAH3_LiuJordan1960
3587,5,30,10,0.529522,35.455,NASA_POWER_SARAH3_LiuJordan1960
3588,5,30,11,0.562363,35.862,NASA_POWER_SARAH3_LiuJordan1960
3589,5,30,12,0.562363,36.0,NASA_POWER_SARAH3_LiuJordan1960
3590,5,30,13,0.529522,35.862,NASA_POWER_SARAH3_LiuJordan1960
3591,5,30,14,0.466078,35.455,NASA_POWER_SARAH3_LiuJordan1960
3592,5,30,15,0.376355,34.8,NASA_POWER_SARAH3_LiuJordan1960
3593,5,30,16,0.266467,33.929,NASA_POWER_SARAH3_LiuJordan1960
3594,5,30,17,0.143902,32.886,NASA_POWER_SARAH3_LiuJordan1960
3595,5,30,18,0.017014,31.724,NASA_POWER_SARAH3_LiuJordan1960
3596,5,30,19,0.0,30.5,NASA_POWER_SARAH3_LiuJordan1960
3597,5,30,20,0.0,27.75,NASA_POWER_SARAH3_LiuJordan1960
3598,5,30,21,0.0,27.75,NASA_POWER_SARAH3_LiuJordan1960
3599,5,30,22,0.0,27.75,NASA_POWER_SARAH3_LiuJordan1960
3600,5,30,23,0.0,27.75,NASA_POWER_SARAH3_LiuJordan1960
3601,5,31,0,0.0,27.75,NASA_POWER_SARAH3_LiuJordan1960
3602,5,31,1,0.0,27.75,NASA_POWER_SARAH3_LiuJordan1960
3603,5,31,2,0.0,27.75,NASA_POWER_SARAH3_LiuJordan1960
3604,5,31,3,0.0,27.75,NASA_POWER_SARAH3_LiuJordan1960
3605,5,31,4,0.0,27.75,NASA_POWER_SARAH3_LiuJordan1960
3606,5,31,5,0.019619,30.5,NASA_POWER_SARAH3_LiuJordan1960
3607,5,31,6,0.160926,31.724,NASA_POWER_SARAH3_LiuJordan1960
3608,5,31,7,0.297418,32.886,NASA_POWER_SARAH3_LiuJordan1960
3609,5,31,8,0.419793,33.929,NASA_POWER_SARAH3_LiuJordan1960
3610,5,31,9,0.519712,34.8,NASA_POWER_SARAH3_LiuJordan1960
3611,5,31,10,0.590365,35.455,NASA_POWER_SARAH3_LiuJordan1960
3612,5,31,11,0.626938,35.862,NASA_POWER_SARAH3_LiuJordan1960
3613,5,31,12,0.626938,36.0,NASA_POWER_SARAH3_LiuJordan1960
3614,5,31,13,0.590365,35.862,NASA_POWER_SARAH3_LiuJordan1960
3615,5,31,14,0.519712,35.455,NASA_POWER_SARAH3_LiuJordan1960
3616,5,31,15,0.419793,34.8,NASA_POWER_SARAH3_LiuJordan1960
3617,5,31,16,0.297418,33.929,NASA_POWER_SARAH3_LiuJordan1960
3618,5,31,17,0.160926,32.886,NASA_POWER_SARAH3_LiuJordan1960
3619,5,31,18,0.019619,31.724,NASA_POWER_SARAH3_LiuJordan1960
3620,5,31,19,0.0,30.5,NASA_POWER_SARAH3_LiuJordan1960
3621,5,31,20,0.0,27.75,NASA_POWER_SARAH3_LiuJordan1960
3622,5,31,21,0.0,27.75,NASA_POWER_SARAH3_LiuJordan1960
3623,5,31,22,0.0,27.75,NASA_POWER_SARAH3_LiuJordan1960
3624,5,31,23,0.0,27.75,NASA_POWER_SARAH3_LiuJordan1960
3625,6,1,0,0.0,27.5,NASA_POWER_SARAH3_LiuJordan1960
3626,6,1,1,0.0,27.5,NASA_POWER_SARAH3_LiuJordan1960
3627,6,1,2,0.0,27.5,NASA_POWER_SARAH3_LiuJordan1960
3628,6,1,3,0.0,27.5,NASA_POWER_SARAH3_LiuJordan1960
3629,6,1,4,0.0,27.5,NASA_POWER_SARAH3_LiuJordan1960
3630,6,1,5,0.018066,29.5,NASA_POWER_SARAH3_LiuJordan1960
3631,6,1,6,0.144057,30.39,NASA_POWER_SARAH3_LiuJordan1960
3632,6,1,7,0.265754,31.236,NASA_POWER_SARAH3_LiuJordan1960
3633,6,1,8,0.374864,31.994,NASA_POWER_SARAH3_LiuJordan1960
3634,6,1,9,0.463953,32.627,NASA_POWER_SARAH3_LiuJordan1960
3635,6,1,10,0.526948,33.104,NASA_POWER_SARAH3_LiuJordan1960
3636,6,1,11,0.559557,33.4,NASA_POWER_SARAH3_LiuJordan1960
3637,6,1,12,0.559557,33.5,NASA_POWER_SARAH3_LiuJordan1960
3638,6,1,13,0.526948,33.4,NASA_POWER_SARAH3_LiuJordan1960
3639,6,1,14,0.463953,33.104,NASA_POWER_SARAH3_LiuJordan1960
3640,6,1,15,0.374864,32.627,NASA_POWER_SARAH3_LiuJordan1960
3641,6,1,16,0.265754,31.994,NASA_POWER_SARAH3_LiuJordan1960
3642,6,1,17,0.144057,31.236,NASA_POWER_SARAH3_LiuJordan1960
3643,6,1,18,0.018066,30.39,NASA_POWER_SARAH3_LiuJordan1960
3644,6,1,19,0.0,29.5,NASA_POWER_SARAH3_LiuJordan1960
3645,6,1,20,0.0,27.5,NASA_POWER_SARAH3_LiuJordan1960
3646,6,1,21,0.0,27.5,NASA_POWER_SARAH3_LiuJordan1960
3647,6,1,22,0.0,27.5,NASA_POWER_SARAH3_LiuJordan1960
3648,6,1,23,0.0,27.5,NASA_POWER_SARAH3_LiuJordan1960
3649,6,2,0,0.0,27.5,NASA_POWER_SARAH3_LiuJordan1960
3650,6,2,1,0.0,27.5,NASA_POWER_SARAH3_LiuJordan1960
3651,6,2,2,0.0,27.5,NASA_POWER_SARAH3_LiuJordan1960
3652,6,2,3,0.0,27.5,NASA_POWER_SARAH3_LiuJordan1960
3653,6,2,4,0.0,27.5,NASA_POWER_SARAH3_LiuJordan1960
3654,6,2,5,0.016493,29.5,NASA_POWER_SARAH3_LiuJordan1960
3655,6,2,6,0.128125,30.39,NASA_POWER_SARAH3_LiuJordan1960
3656,6,2,7,0.235954,31.236,NASA_POWER_SARAH3_LiuJordan1960
3657,6,2,8,0.332631,31.994,NASA_POWER_SARAH3_LiuJordan1960
3658,6,2,9,0.411567,32.627,NASA_POWER_SARAH3_LiuJordan1960
3659,6,2,10,0.467383,33.104,NASA_POWER_SARAH3_LiuJordan1960
3660,6,2,11,0.496275,33.4,NASA_POWER_SARAH3_LiuJordan1960
3661,6,2,12,0.496275,33.5,NASA_POWER_SARAH3_LiuJordan1960
3662,6,2,13,0.467383,33.4,NASA_POWER_SARAH3_LiuJordan1960
3663,6,2,14,0.411567,33.104,NASA_POWER_SARAH3_LiuJordan1960
3664,6,2,15,0.332631,32.627,NASA_POWER_SARAH3_LiuJordan1960
3665,6,2,16,0.235954,31.994,NASA_POWER_SARAH3_LiuJordan1960
3666,6,2,17,0.128125,31.236,NASA_POWER_SARAH3_LiuJordan1960
3667,6,2,18,0.016493,30.39,NASA_POWER_SARAH3_LiuJordan1960
3668,6,2,19,0.0,29.5,NASA_POWER_SARAH3_LiuJordan1960
3669,6,2,20,0.0,27.5,NASA_POWER_SARAH3_LiuJordan1960
3670,6,2,21,0.0,27.5,NASA_POWER_SARAH3_LiuJordan1960
3671,6,2,22,0.0,27.5,NASA_POWER_SARAH3_LiuJordan1960
3672,6,2,23,0.0,27.5,NASA_POWER_SARAH3_LiuJordan1960
3673,6,3,0,0.0,27.5,NASA_POWER_SARAH3_LiuJordan1960
3674,6,3,1,0.0,27.5,NASA_POWER_SARAH3_LiuJordan1960
3675,6,3,2,0.0,27.5,NASA_POWER_SARAH3_LiuJordan1960
3676,6,3,3,0.0,27.5,NASA_POWER_SARAH3_LiuJordan1960
3677,6,3,4,0.0,27.5,NASA_POWER_SARAH3_LiuJordan1960
3678,6,3,5,0.017708,29.5,NASA_POWER_SARAH3_LiuJordan1960
3679,6,3,6,0.134294,30.39,NASA_POWER_SARAH3_LiuJordan1960
3680,6,3,7,0.246907,31.236,NASA_POWER_SARAH3_LiuJordan1960
3681,6,3,8,0.347874,31.994,NASA_POWER_SARAH3_LiuJordan1960
3682,6,3,9,0.430312,32.627,NASA_POWER_SARAH3_LiuJordan1960
3683,6,3,10,0.488605,33.104,NASA_POWER_SARAH3_LiuJordan1960
3684,6,3,11,0.51878,33.4,NASA_POWER_SARAH3_LiuJordan1960
3685,6,3,12,0.51878,33.5,NASA_POWER_SARAH3_LiuJordan1960
3686,6,3,13,0.488605,33.4,NASA_POWER_SARAH3_LiuJordan1960
3687,6,3,14,0.430312,33.104,NASA_POWER_SARAH3_LiuJordan1960
3688,6,3,15,0.347874,32.627,NASA_POWER_SARAH3_LiuJordan1960
3689,6,3,16,0.246907,31.994,NASA_POWER_SARAH3_LiuJordan1960
3690,6,3,17,0.134294,31.236,NASA_POWER_SARAH3_LiuJordan1960
3691,6,3,18,0.017708,30.39,NASA_POWER_SARAH3_LiuJordan1960
3692,6,3,19,0.0,29.5,NASA_POWER_SARAH3_LiuJordan1960
3693,6,3,20,0.0,27.5,NASA_POWER_SARAH3_LiuJordan1960
3694,6,3,21,0.0,27.5,NASA_POWER_SARAH3_LiuJordan1960
3695,6,3,22,0.0,27.5,NASA_POWER_SARAH3_LiuJordan1960
3696,6,3,23,0.0,27.5,NASA_POWER_SARAH3_LiuJordan1960
3697,6,4,0,0.0,27.5,NASA_POWER_SARAH3_LiuJordan1960
3698,6,4,1,0.0,27.5,NASA_POWER_SARAH3_LiuJordan1960
3699,6,4,2,0.0,27.5,NASA_POWER_SARAH3_LiuJordan1960
3700,6,4,3,0.0,27.5,NASA_POWER_SARAH3_LiuJordan1960
3701,6,4,4,0.0,27.5,NASA_POWER_SARAH3_LiuJordan1960
3702,6,4,5,0.019089,29.5,NASA_POWER_SARAH3_LiuJordan1960
3703,6,4,6,0.141587,30.39,NASA_POWER_SARAH3_LiuJordan1960
3704,6,4,7,0.259912,31.236,NASA_POWER_SARAH3_LiuJordan1960
3705,6,4,8,0.365998,31.994,NASA_POWER_SARAH3_LiuJordan1960
3706,6,4,9,0.452618,32.627,NASA_POWER_SARAH3_LiuJordan1960
3707,6,4,10,0.513867,33.104,NASA_POWER_SARAH3_LiuJordan1960
3708,6,4,11,0.545572,33.4,NASA_POWER_SARAH3_LiuJordan1960
3709,6,4,12,0.545572,33.5,NASA_POWER_SARAH3_LiuJordan1960
3710,6,4,13,0.513867,33.4,NASA_POWER_SARAH3_LiuJordan1960
3711,6,4,14,0.452618,33.104,NASA_POWER_SARAH3_LiuJordan1960
3712,6,4,15,0.365998,32.627,NASA_POWER_SARAH3_LiuJordan1960
3713,6,4,16,0.259912,31.994,NASA_POWER_SARAH3_LiuJordan1960
3714,6,4,17,0.141587,31.236,NASA_POWER_SARAH3_LiuJordan1960
3715,6,4,18,0.019089,30.39,NASA_POWER_SARAH3_LiuJordan1960
3716,6,4,19,0.0,29.5,NASA_POWER_SARAH3_LiuJordan1960
3717,6,4,20,0.0,27.5,NASA_POWER_SARAH3_LiuJordan1960
3718,6,4,21,0.0,27.5,NASA_POWER_SARAH3_LiuJordan1960
3719,6,4,22,0.0,27.5,NASA_POWER_SARAH3_LiuJordan1960
3720,6,4,23,0.0,27.5,NASA_POWER_SARAH3_LiuJordan1960
3721,6,5,0,0.0,27.5,NASA_POWER_SARAH3_LiuJordan1960
3722,6,5,1,0.0,27.5,NASA_POWER_SARAH3_LiuJordan1960
3723,6,5,2,0.0,27.5,NASA_POWER_SARAH3_LiuJordan1960
3724,6,5,3,0.0,27.5,NASA_POWER_SARAH3_LiuJordan1960
3725,6,5,4,0.0,27.5,NASA_POWER_SARAH3_LiuJordan1960
3726,6,5,5,0.020172,29.5,NASA_POWER_SARAH3_LiuJordan1960
3727,6,5,6,0.146596,30.39,NASA_POWER_SARAH3_LiuJordan1960
3728,6,5,7,0.268712,31.236,NASA_POWER_SARAH3_LiuJordan1960
3729,6,5,8,0.378198,31.994,NASA_POWER_SARAH3_LiuJordan1960
3730,6,5,9,0.467594,32.627,NASA_POWER_SARAH3_LiuJordan1960
3731,6,5,10,0.530806,33.104,NASA_POWER_SARAH3_LiuJordan1960
3732,6,5,11,0.563526,33.4,NASA_POWER_SARAH3_LiuJordan1960
3733,6,5,12,0.563526,33.5,NASA_POWER_SARAH3_LiuJordan1960
3734,6,5,13,0.530806,33.4,NASA_POWER_SARAH3_LiuJordan1960
3735,6,5,14,0.467594,33.104,NASA_POWER_SARAH3_LiuJordan1960
3736,6,5,15,0.378198,32.627,NASA_POWER_SARAH3_LiuJordan1960
3737,6,5,16,0.268712,31.994,NASA_POWER_SARAH3_LiuJordan1960
3738,6,5,17,0.146596,31.236,NASA_POWER_SARAH3_LiuJordan1960
3739,6,5,18,0.020172,30.39,NASA_POWER_SARAH3_LiuJordan1960
3740,6,5,19,0.0,29.5,NASA_POWER_SARAH3_LiuJordan1960
3741,6,5,20,0.0,27.5,NASA_POWER_SARAH3_LiuJordan1960
3742,6,5,21,0.0,27.5,NASA_POWER_SARAH3_LiuJordan1960
3743,6,5,22,0.0,27.5,NASA_POWER_SARAH3_LiuJordan1960
3744,6,5,23,0.0,27.5,NASA_POWER_SARAH3_LiuJordan1960
3745,6,6,0,0.0,27.5,NASA_POWER_SARAH3_LiuJordan1960
3746,6,6,1,0.0,27.5,NASA_POWER_SARAH3_LiuJordan1960
3747,6,6,2,0.0,27.5,NASA_POWER_SARAH3_LiuJordan1960
3748,6,6,3,0.0,27.5,NASA_POWER_SARAH3_LiuJordan1960
3749,6,6,4,0.0,27.5,NASA_POWER_SARAH3_LiuJordan1960
3750,6,6,5,0.01746,29.5,NASA_POWER_SARAH3_LiuJordan1960
3751,6,6,6,0.124524,30.39,NASA_POWER_SARAH3_LiuJordan1960
3752,6,6,7,0.227941,31.236,NASA_POWER_SARAH3_LiuJordan1960
3753,6,6,8,0.320662,31.994,NASA_POWER_SARAH3_LiuJordan1960
3754,6,6,9,0.396368,32.627,NASA_POWER_SARAH3_LiuJordan1960
3755,6,6,10,0.4499,33.104,NASA_POWER_SARAH3_LiuJordan1960
3756,6,6,11,0.477611,33.4,NASA_POWER_SARAH3_LiuJordan1960
3757,6,6,12,0.477611,33.5,NASA_POWER_SARAH3_LiuJordan1960
3758,6,6,13,0.4499,33.4,NASA_POWER_SARAH3_LiuJordan1960
3759,6,6,14,0.396368,33.104,NASA_POWER_SARAH3_LiuJordan1960
3760,6,6,15,0.320662,32.627,NASA_POWER_SARAH3_LiuJordan1960
3761,6,6,16,0.227941,31.994,NASA_POWER_SARAH3_LiuJordan1960
3762,6,6,17,0.124524,31.236,NASA_POWER_SARAH3_LiuJordan1960
3763,6,6,18,0.01746,30.39,NASA_POWER_SARAH3_LiuJordan1960
3764,6,6,19,0.0,29.5,NASA_POWER_SARAH3_LiuJordan1960
3765,6,6,20,0.0,27.5,NASA_POWER_SARAH3_LiuJordan1960
3766,6,6,21,0.0,27.5,NASA_POWER_SARAH3_LiuJordan1960
3767,6,6,22,0.0,27.5,NASA_POWER_SARAH3_LiuJordan1960
3768,6,6,23,0.0,27.5,NASA_POWER_SARAH3_LiuJordan1960
3769,6,7,0,0.0,27.5,NASA_POWER_SARAH3_LiuJordan1960
3770,6,7,1,0.0,27.5,NASA_POWER_SARAH3_LiuJordan1960
3771,6,7,2,0.0,27.5,NASA_POWER_SARAH3_LiuJordan1960
3772,6,7,3,0.0,27.5,NASA_POWER_SARAH3_LiuJordan1960
3773,6,7,4,0.0,27.5,NASA_POWER_SARAH3_LiuJordan1960
3774,6,7,5,0.020984,29.5,NASA_POWER_SARAH3_LiuJordan1960
3775,6,7,6,0.147103,30.39,NASA_POWER_SARAH3_LiuJordan1960
3776,6,7,7,0.268924,31.236,NASA_POWER_SARAH3_LiuJordan1960
3777,6,7,8,0.378147,31.994,NASA_POWER_SARAH3_LiuJordan1960
3778,6,7,9,0.467326,32.627,NASA_POWER_SARAH3_LiuJordan1960
3779,6,7,10,0.530386,33.104,NASA_POWER_SARAH3_LiuJordan1960
3780,6,7,11,0.563028,33.4,NASA_POWER_SARAH3_LiuJordan1960
3781,6,7,12,0.563028,33.5,NASA_POWER_SARAH3_LiuJordan1960
3782,6,7,13,0.530386,33.4,NASA_POWER_SARAH3_LiuJordan1960
3783,6,7,14,0.467326,33.104,NASA_POWER_SARAH3_LiuJordan1960
3784,6,7,15,0.378147,32.627,NASA_POWER_SARAH3_LiuJordan1960
3785,6,7,16,0.268924,31.994,NASA_POWER_SARAH3_LiuJordan1960
3786,6,7,17,0.147103,31.236,NASA_POWER_SARAH3_LiuJordan1960
3787,6,7,18,0.020984,30.39,NASA_POWER_SARAH3_LiuJordan1960
3788,6,7,19,0.0,29.5,NASA_POWER_SARAH3_LiuJordan1960
3789,6,7,20,0.0,27.5,NASA_POWER_SARAH3_LiuJordan1960
3790,6,7,21,0.0,27.5,NASA_POWER_SARAH3_LiuJordan1960
3791,6,7,22,0.0,27.5,NASA_POWER_SARAH3_LiuJordan1960
3792,6,7,23,0.0,27.5,NASA_POWER_SARAH3_LiuJordan1960
3793,6,8,0,0.0,27.5,NASA_POWER_SARAH3_LiuJordan1960
3794,6,8,1,0.0,27.5,NASA_POWER_SARAH3_LiuJordan1960
3795,6,8,2,0.0,27.5,NASA_POWER_SARAH3_LiuJordan1960
3796,6,8,3,0.0,27.5,NASA_POWER_SARAH3_LiuJordan1960
3797,6,8,4,0.0,27.5,NASA_POWER_SARAH3_LiuJordan1960
3798,6,8,5,0.015948,29.5,NASA_POWER_SARAH3_LiuJordan1960
3799,6,8,6,0.110057,30.39,NASA_POWER_SARAH3_LiuJordan1960
3800,6,8,7,0.200958,31.236,NASA_POWER_SARAH3_LiuJordan1960
3801,6,8,8,0.282459,31.994,NASA_POWER_SARAH3_LiuJordan1960
3802,6,8,9,0.349003,32.627,NASA_POWER_SARAH3_LiuJordan1960
3803,6,8,10,0.396057,33.104,NASA_POWER_SARAH3_LiuJordan1960
3804,6,8,11,0.420414,33.4,NASA_POWER_SARAH3_LiuJordan1960
3805,6,8,12,0.420414,33.5,NASA_POWER_SARAH3_LiuJordan1960
3806,6,8,13,0.396057,33.4,NASA_POWER_SARAH3_LiuJordan1960
3807,6,8,14,0.349003,33.104,NASA_POWER_SARAH3_LiuJordan1960
3808,6,8,15,0.282459,32.627,NASA_POWER_SARAH3_LiuJordan1960
3809,6,8,16,0.200958,31.994,NASA_POWER_SARAH3_LiuJordan1960
3810,6,8,17,0.110057,31.236,NASA_POWER_SARAH3_LiuJordan1960
3811,6,8,18,0.015948,30.39,NASA_POWER_SARAH3_LiuJordan1960
3812,6,8,19,0.0,29.5,NASA_POWER_SARAH3_LiuJordan1960
3813,6,8,20,0.0,27.5,NASA_POWER_SARAH3_LiuJordan1960
3814,6,8,21,0.0,27.5,NASA_POWER_SARAH3_LiuJordan1960
3815,6,8,22,0.0,27.5,NASA_POWER_SARAH3_LiuJordan1960
3816,6,8,23,0.0,27.5,NASA_POWER_SARAH3_LiuJordan1960
3817,6,9,0,0.0,27.5,NASA_POWER_SARAH3_LiuJordan1960
3818,6,9,1,0.0,27.5,NASA_POWER_SARAH3_LiuJordan1960
3819,6,9,2,0.0,27.5,NASA_POWER_SARAH3_LiuJordan1960
3820,6,9,3,0.0,27.5,NASA_POWER_SARAH3_LiuJordan1960
3821,6,9,4,0.0,27.5,NASA_POWER_SARAH3_LiuJordan1960
3822,6,9,5,0.018771,29.5,NASA_POWER_SARAH3_LiuJordan1960
3823,6,9,6,0.127687,30.39,NASA_POWER_SARAH3_LiuJordan1960
3824,6,9,7,0.232892,31.236,NASA_POWER_SARAH3_LiuJordan1960
3825,6,9,8,0.327216,31.994,NASA_POWER_SARAH3_LiuJordan1960
3826,6,9,9,0.404231,32.627,NASA_POWER_SARAH3_LiuJordan1960
3827,6,9,10,0.458689,33.104,NASA_POWER_SARAH3_LiuJordan1960
3828,6,9,11,0.486878,33.4,NASA_POWER_SARAH3_LiuJordan1960
3829,6,9,12,0.486878,33.5,NASA_POWER_SARAH3_LiuJordan1960
3830,6,9,13,0.458689,33.4,NASA_POWER_SARAH3_LiuJordan1960
3831,6,9,14,0.404231,33.104,NASA_POWER_SARAH3_LiuJordan1960
3832,6,9,15,0.327216,32.627,NASA_POWER_SARAH3_LiuJordan1960
3833,6,9,16,0.232892,31.994,NASA_POWER_SARAH3_LiuJordan1960
3834,6,9,17,0.127687,31.236,NASA_POWER_SARAH3_LiuJordan1960
3835,6,9,18,0.018771,30.39,NASA_POWER_SARAH3_LiuJordan1960
3836,6,9,19,0.0,29.5,NASA_POWER_SARAH3_LiuJordan1960
3837,6,9,20,0.0,27.5,NASA_POWER_SARAH3_LiuJordan1960
3838,6,9,21,0.0,27.5,NASA_POWER_SARAH3_LiuJordan1960
3839,6,9,22,0.0,27.5,NASA_POWER_SARAH3_LiuJordan1960
3840,6,9,23,0.0,27.5,NASA_POWER_SARAH3_LiuJordan1960
3841,6,10,0,0.0,27.5,NASA_POWER_SARAH3_LiuJordan1960
3842,6,10,1,0.0,27.5,NASA_POWER_SARAH3_LiuJordan1960
3843,6,10,2,0.0,27.5,NASA_POWER_SARAH3_LiuJordan1960
3844,6,10,3,0.0,27.5,NASA_POWER_SARAH3_LiuJordan1960
3845,6,10,4,0.0,27.5,NASA_POWER_SARAH3_LiuJordan1960
3846,6,10,5,0.022003,29.5,NASA_POWER_SARAH3_LiuJordan1960
3847,6,10,6,0.147739,30.39,NASA_POWER_SARAH3_LiuJordan1960
3848,6,10,7,0.26919,31.236,NASA_POWER_SARAH3_LiuJordan1960
3849,6,10,8,0.37808,31.994,NASA_POWER_SARAH3_LiuJordan1960
3850,6,10,9,0.466989,32.627,NASA_POWER_SARAH3_LiuJordan1960
3851,6,10,10,0.529857,33.104,NASA_POWER_SARAH3_LiuJordan1960
3852,6,10,11,0.562399,33.4,NASA_POWER_SARAH3_LiuJordan1960
3853,6,10,12,0.562399,33.5,NASA_POWER_SARAH3_LiuJordan1960
3854,6,10,13,0.529857,33.4,NASA_POWER_SARAH3_LiuJordan1960
3855,6,10,14,0.466989,33.104,NASA_POWER_SARAH3_LiuJordan1960
3856,6,10,15,0.37808,32.627,NASA_POWER_SARAH3_LiuJordan1960
3857,6,10,16,0.26919,31.994,NASA_POWER_SARAH3_LiuJordan1960
3858,6,10,17,0.147739,31.236,NASA_POWER_SARAH3_LiuJordan1960
3859,6,10,18,0.022003,30.39,NASA_POWER_SARAH3_LiuJordan1960
3860,6,10,19,0.0,29.5,NASA_POWER_SARAH3_LiuJordan1960
3861,6,10,20,0.0,27.5,NASA_POWER_SARAH3_LiuJordan1960
3862,6,10,21,0.0,27.5,NASA_POWER_SARAH3_LiuJordan1960
3863,6,10,22,0.0,27.5,NASA_POWER_SARAH3_LiuJordan1960
3864,6,10,23,0.0,27.5,NASA_POWER_SARAH3_LiuJordan1960
3865,6,11,0,0.0,27.5,NASA_POWER_SARAH3_LiuJordan1960
3866,6,11,1,0.0,27.5,NASA_POWER_SARAH3_LiuJordan1960
3867,6,11,2,0.0,27.5,NASA_POWER_SARAH3_LiuJordan1960
3868,6,11,3,0.0,27.5,NASA_POWER_SARAH3_LiuJordan1960
3869,6,11,4,0.0,27.5,NASA_POWER_SARAH3_LiuJordan1960
3870,6,11,5,0.018083,29.5,NASA_POWER_SARAH3_LiuJordan1960
3871,6,11,6,0.12,30.39,NASA_POWER_SARAH3_LiuJordan1960
3872,6,11,7,0.218444,31.236,NASA_POWER_SARAH3_LiuJordan1960
3873,6,11,8,0.306706,31.994,NASA_POWER_SARAH3_LiuJordan1960
3874,6,11,9,0.378772,32.627,NASA_POWER_SARAH3_LiuJordan1960
3875,6,11,10,0.429731,33.104,NASA_POWER_SARAH3_LiuJordan1960
3876,6,11,11,0.456109,33.4,NASA_POWER_SARAH3_LiuJordan1960
3877,6,11,12,0.456109,33.5,NASA_POWER_SARAH3_LiuJordan1960
3878,6,11,13,0.429731,33.4,NASA_POWER_SARAH3_LiuJordan1960
3879,6,11,14,0.378772,33.104,NASA_POWER_SARAH3_LiuJordan1960
3880,6,11,15,0.306706,32.627,NASA_POWER_SARAH3_LiuJordan1960
3881,6,11,16,0.218444,31.994,NASA_POWER_SARAH3_LiuJordan1960
3882,6,11,17,0.12,31.236,NASA_POWER_SARAH3_LiuJordan1960
3883,6,11,18,0.018083,30.39,NASA_POWER_SARAH3_LiuJordan1960
3884,6,11,19,0.0,29.5,NASA_POWER_SARAH3_LiuJordan1960
3885,6,11,20,0.0,27.5,NASA_POWER_SARAH3_LiuJordan1960
3886,6,11,21,0.0,27.5,NASA_POWER_SARAH3_LiuJordan1960
3887,6,11,22,0.0,27.5,NASA_POWER_SARAH3_LiuJordan1960
3888,6,11,23,0.0,27.5,NASA_POWER_SARAH3_LiuJordan1960
3889,6,12,0,0.0,27.5,NASA_POWER_SARAH3_LiuJordan1960
3890,6,12,1,0.0,27.5,NASA_POWER_SARAH3_LiuJordan1960
3891,6,12,2,0.0,27.5,NASA_POWER_SARAH3_LiuJordan1960
3892,6,12,3,0.0,27.5,NASA_POWER_SARAH3_LiuJordan1960
3893,6,12,4,0.0,27.5,NASA_POWER_SARAH3_LiuJordan1960
3894,6,12,5,0.017932,29.5,NASA_POWER_SARAH3_LiuJordan1960
3895,6,12,6,0.117756,30.39,NASA_POWER_SARAH3_LiuJordan1960
3896,6,12,7,0.214177,31.236,NASA_POWER_SARAH3_LiuJordan1960
3897,6,12,8,0.300627,31.994,NASA_POWER_SARAH3_LiuJordan1960
3898,6,12,9,0.371213,32.627,NASA_POWER_SARAH3_LiuJordan1960
3899,6,12,10,0.421124,33.104,NASA_POWER_SARAH3_LiuJordan1960
3900,6,12,11,0.44696,33.4,NASA_POWER_SARAH3_LiuJordan1960
3901,6,12,12,0.44696,33.5,NASA_POWER_SARAH3_LiuJordan1960
3902,6,12,13,0.421124,33.4,NASA_POWER_SARAH3_LiuJordan1960
3903,6,12,14,0.371213,33.104,NASA_POWER_SARAH3_LiuJordan1960
3904,6,12,15,0.300627,32.627,NASA_POWER_SARAH3_LiuJordan1960
3905,6,12,16,0.214177,31.994,NASA_POWER_SARAH3_LiuJordan1960
3906,6,12,17,0.117756,31.236,NASA_POWER_SARAH3_LiuJordan1960
3907,6,12,18,0.017932,30.39,NASA_POWER_SARAH3_LiuJordan1960
3908,6,12,19,0.0,29.5,NASA_POWER_SARAH3_LiuJordan1960
3909,6,12,20,0.0,27.5,NASA_POWER_SARAH3_LiuJordan1960
3910,6,12,21,0.0,27.5,NASA_POWER_SARAH3_LiuJordan1960
3911,6,12,22,0.0,27.5,NASA_POWER_SARAH3_LiuJordan1960
3912,6,12,23,0.0,27.5,NASA_POWER_SARAH3_LiuJordan1960
3913,6,13,0,0.0,27.5,NASA_POWER_SARAH3_LiuJordan1960
3914,6,13,1,0.0,27.5,NASA_POWER_SARAH3_LiuJordan1960
3915,6,13,2,0.0,27.5,NASA_POWER_SARAH3_LiuJordan1960
3916,6,13,3,0.0,27.5,NASA_POWER_SARAH3_LiuJordan1960
3917,6,13,4,0.0,27.5,NASA_POWER_SARAH3_LiuJordan1960
3918,6,13,5,0.022778,29.5,NASA_POWER_SARAH3_LiuJordan1960
3919,6,13,6,0.148185,30.39,NASA_POWER_SARAH3_LiuJordan1960
3920,6,13,7,0.269319,31.236,NASA_POWER_SARAH3_LiuJordan1960
3921,6,13,8,0.377925,31.994,NASA_POWER_SARAH3_LiuJordan1960
3922,6,13,9,0.466601,32.627,NASA_POWER_SARAH3_LiuJordan1960
3923,6,13,10,0.529305,33.104,NASA_POWER_SARAH3_LiuJordan1960
3924,6,13,11,0.561763,33.4,NASA_POWER_SARAH3_LiuJordan1960
3925,6,13,12,0.561763,33.5,NASA_POWER_SARAH3_LiuJordan1960
3926,6,13,13,0.529305,33.4,NASA_POWER_SARAH3_LiuJordan1960
3927,6,13,14,0.466601,33.104,NASA_POWER_SARAH3_LiuJordan1960
3928,6,13,15,0.377925,32.627,NASA_POWER_SARAH3_LiuJordan1960
3929,6,13,16,0.269319,31.994,NASA_POWER_SARAH3_LiuJordan1960
3930,6,13,17,0.148185,31.236,NASA_POWER_SARAH3_LiuJordan1960
3931,6,13,18,0.022778,30.39,NASA_POWER_SARAH3_LiuJordan1960
3932,6,13,19,0.0,29.5,NASA_POWER_SARAH3_LiuJordan1960
3933,6,13,20,0.0,27.5,NASA_POWER_SARAH3_LiuJordan1960
3934,6,13,21,0.0,27.5,NASA_POWER_SARAH3_LiuJordan1960
3935,6,13,22,0.0,27.5,NASA_POWER_SARAH3_LiuJordan1960
3936,6,13,23,0.0,27.5,NASA_POWER_SARAH3_LiuJordan1960
3937,6,14,0,0.0,27.5,NASA_POWER_SARAH3_LiuJordan1960
3938,6,14,1,0.0,27.5,NASA_POWER_SARAH3_LiuJordan1960
3939,6,14,2,0.0,27.5,NASA_POWER_SARAH3_LiuJordan1960
3940,6,14,3,0.0,27.5,NASA_POWER_SARAH3_LiuJordan1960
3941,6,14,4,0.0,27.5,NASA_POWER_SARAH3_LiuJordan1960
3942,6,14,5,0.016405,29.5,NASA_POWER_SARAH3_LiuJordan1960
3943,6,14,6,0.105861,30.39,NASA_POWER_SARAH3_LiuJordan1960
3944,6,14,7,0.192268,31.236,NASA_POWER_SARAH3_LiuJordan1960
3945,6,14,8,0.269739,31.994,NASA_POWER_SARAH3_LiuJordan1960
3946,6,14,9,0.332994,32.627,NASA_POWER_SARAH3_LiuJordan1960
3947,6,14,10,0.377721,33.104,NASA_POWER_SARAH3_LiuJordan1960
3948,6,14,11,0.400874,33.4,NASA_POWER_SARAH3_LiuJordan1960
3949,6,14,12,0.400874,33.5,NASA_POWER_SARAH3_LiuJordan1960
3950,6,14,13,0.377721,33.4,NASA_POWER_SARAH3_LiuJordan1960
3951,6,14,14,0.332994,33.104,NASA_POWER_SARAH3_LiuJordan1960
3952,6,14,15,0.269739,32.627,NASA_POWER_SARAH3_LiuJordan1960
3953,6,14,16,0.192268,31.994,NASA_POWER_SARAH3_LiuJordan1960
3954,6,14,17,0.105861,31.236,NASA_POWER_SARAH3_LiuJordan1960
3955,6,14,18,0.016405,30.39,NASA_POWER_SARAH3_LiuJordan1960
3956,6,14,19,0.0,29.5,NASA_POWER_SARAH3_LiuJordan1960
3957,6,14,20,0.0,27.5,NASA_POWER_SARAH3_LiuJordan1960
3958,6,14,21,0.0,27.5,NASA_POWER_SARAH3_LiuJordan1960
3959,6,14,22,0.0,27.5,NASA_POWER_SARAH3_LiuJordan1960
3960,6,14,23,0.0,27.5,NASA_POWER_SARAH3_LiuJordan1960
3961,6,15,0,0.0,27.5,NASA_POWER_SARAH3_LiuJordan1960
3962,6,15,1,0.0,27.5,NASA_POWER_SARAH3_LiuJordan1960
3963,6,15,2,0.0,27.5,NASA_POWER_SARAH3_LiuJordan1960
3964,6,15,3,0.0,27.5,NASA_POWER_SARAH3_LiuJordan1960
3965,6,15,4,0.0,27.5,NASA_POWER_SARAH3_LiuJordan1960
3966,6,15,5,0.019484,29.5,NASA_POWER_SARAH3_LiuJordan1960
3967,6,15,6,0.124839,30.39,NASA_POWER_SARAH3_LiuJordan1960
3968,6,15,7,0.226605,31.236,NASA_POWER_SARAH3_LiuJordan1960
3969,6,15,8,0.317846,31.994,NASA_POWER_SARAH3_LiuJordan1960
3970,6,15,9,0.392344,32.627,NASA_POWER_SARAH3_LiuJordan1960
3971,6,15,10,0.445021,33.104,NASA_POWER_SARAH3_LiuJordan1960
3972,6,15,11,0.472289,33.4,NASA_POWER_SARAH3_LiuJordan1960
3973,6,15,12,0.472289,33.5,NASA_POWER_SARAH3_LiuJordan1960
3974,6,15,13,0.445021,33.4,NASA_POWER_SARAH3_LiuJordan1960
3975,6,15,14,0.392344,33.104,NASA_POWER_SARAH3_LiuJordan1960
3976,6,15,15,0.317846,32.627,NASA_POWER_SARAH3_LiuJordan1960
3977,6,15,16,0.226605,31.994,NASA_POWER_SARAH3_LiuJordan1960
3978,6,15,17,0.124839,31.236,NASA_POWER_SARAH3_LiuJordan1960
3979,6,15,18,0.019484,30.39,NASA_POWER_SARAH3_LiuJordan1960
3980,6,15,19,0.0,29.5,NASA_POWER_SARAH3_LiuJordan1960
3981,6,15,20,0.0,27.5,NASA_POWER_SARAH3_LiuJordan1960
3982,6,15,21,0.0,27.5,NASA_POWER_SARAH3_LiuJordan1960
3983,6,15,22,0.0,27.5,NASA_POWER_SARAH3_LiuJordan1960
3984,6,15,23,0.0,27.5,NASA_POWER_SARAH3_LiuJordan1960
3985,6,16,0,0.0,27.5,NASA_POWER_SARAH3_LiuJordan1960
3986,6,16,1,0.0,27.5,NASA_POWER_SARAH3_LiuJordan1960
3987,6,16,2,0.0,27.5,NASA_POWER_SARAH3_LiuJordan1960
3988,6,16,3,0.0,27.5,NASA_POWER_SARAH3_LiuJordan1960
3989,6,16,4,0.0,27.5,NASA_POWER_SARAH3_LiuJordan1960
3990,6,16,5,0.011689,29.5,NASA_POWER_SARAH3_LiuJordan1960
3991,6,16,6,0.074451,30.39,NASA_POWER_SARAH3_LiuJordan1960
3992,6,16,7,0.135074,31.236,NASA_POWER_SARAH3_LiuJordan1960
3993,6,16,8,0.189427,31.994,NASA_POWER_SARAH3_LiuJordan1960
3994,6,16,9,0.233806,32.627,NASA_POWER_SARAH3_LiuJordan1960
3995,6,16,10,0.265187,33.104,NASA_POWER_SARAH3_LiuJordan1960
3996,6,16,11,0.28143,33.4,NASA_POWER_SARAH3_LiuJordan1960
3997,6,16,12,0.28143,33.5,NASA_POWER_SARAH3_LiuJordan1960
3998,6,16,13,0.265187,33.4,NASA_POWER_SARAH3_LiuJordan1960
3999,6,16,14,0.233806,33.104,NASA_POWER_SARAH3_LiuJordan1960
4000,6,16,15,0.189427,32.627,NASA_POWER_SARAH3_LiuJordan1960
4001,6,16,16,0.135074,31.994,NASA_POWER_SARAH3_LiuJordan1960
4002,6,16,17,0.074451,31.236,NASA_POWER_SARAH3_LiuJordan1960
4003,6,16,18,0.011689,30.39,NASA_POWER_SARAH3_LiuJordan1960
4004,6,16,19,0.0,29.5,NASA_POWER_SARAH3_LiuJordan1960
4005,6,16,20,0.0,27.5,NASA_POWER_SARAH3_LiuJordan1960
4006,6,16,21,0.0,27.5,NASA_POWER_SARAH3_LiuJordan1960
4007,6,16,22,0.0,27.5,NASA_POWER_SARAH3_LiuJordan1960
4008,6,16,23,0.0,27.5,NASA_POWER_SARAH3_LiuJordan1960
4009,6,17,0,0.0,27.5,NASA_POWER_SARAH3_LiuJordan1960
4010,6,17,1,0.0,27.5,NASA_POWER_SARAH3_LiuJordan1960
4011,6,17,2,0.0,27.5,NASA_POWER_SARAH3_LiuJordan1960
4012,6,17,3,0.0,27.5,NASA_POWER_SARAH3_LiuJordan1960
4013,6,17,4,0.0,27.5,NASA_POWER_SARAH3_LiuJordan1960
4014,6,17,5,0.021326,29.5,NASA_POWER_SARAH3_LiuJordan1960
4015,6,17,6,0.135168,30.39,NASA_POWER_SARAH3_LiuJordan1960
4016,6,17,7,0.24513,31.236,NASA_POWER_SARAH3_LiuJordan1960
4017,6,17,8,0.34372,31.994,NASA_POWER_SARAH3_LiuJordan1960
4018,6,17,9,0.424218,32.627,NASA_POWER_SARAH3_LiuJordan1960
4019,6,17,10,0.481139,33.104,NASA_POWER_SARAH3_LiuJordan1960
4020,6,17,11,0.510604,33.4,NASA_POWER_SARAH3_LiuJordan1960
4021,6,17,12,0.510604,33.5,NASA_POWER_SARAH3_LiuJordan1960
4022,6,17,13,0.481139,33.4,NASA_POWER_SARAH3_LiuJordan1960
4023,6,17,14,0.424218,33.104,NASA_POWER_SARAH3_LiuJordan1960
4024,6,17,15,0.34372,32.627,NASA_POWER_SARAH3_LiuJordan1960
4025,6,17,16,0.24513,31.994,NASA_POWER_SARAH3_LiuJordan1960
4026,6,17,17,0.135168,31.236,NASA_POWER_SARAH3_LiuJordan1960
4027,6,17,18,0.021326,30.39,NASA_POWER_SARAH3_LiuJordan1960
4028,6,17,19,0.0,29.5,NASA_POWER_SARAH3_LiuJordan1960
4029,6,17,20,0.0,27.5,NASA_POWER_SARAH3_LiuJordan1960
4030,6,17,21,0.0,27.5,NASA_POWER_SARAH3_LiuJordan1960
4031,6,17,22,0.0,27.5,NASA_POWER_SARAH3_LiuJordan1960
4032,6,17,23,0.0,27.5,NASA_POWER_SARAH3_LiuJordan1960
4033,6,18,0,0.0,27.5,NASA_POWER_SARAH3_LiuJordan1960
4034,6,18,1,0.0,27.5,NASA_POWER_SARAH3_LiuJordan1960
4035,6,18,2,0.0,27.5,NASA_POWER_SARAH3_LiuJordan1960
4036,6,18,3,0.0,27.5,NASA_POWER_SARAH3_LiuJordan1960
4037,6,18,4,0.0,27.5,NASA_POWER_SARAH3_LiuJordan1960
4038,6,18,5,0.020224,29.5,NASA_POWER_SARAH3_LiuJordan1960
4039,6,18,6,0.127692,30.39,NASA_POWER_SARAH3_LiuJordan1960
4040,6,18,7,0.231498,31.236,NASA_POWER_SARAH3_LiuJordan1960
4041,6,18,8,0.324567,31.994,NASA_POWER_SARAH3_LiuJordan1960
4042,6,18,9,0.400559,32.627,NASA_POWER_SARAH3_LiuJordan1960
4043,6,18,10,0.454292,33.104,NASA_POWER_SARAH3_LiuJordan1960
4044,6,18,11,0.482107,33.4,NASA_POWER_SARAH3_LiuJordan1960
4045,6,18,12,0.482107,33.5,NASA_POWER_SARAH3_LiuJordan1960
4046,6,18,13,0.454292,33.4,NASA_POWER_SARAH3_LiuJordan1960
4047,6,18,14,0.400559,33.104,NASA_POWER_SARAH3_LiuJordan1960
4048,6,18,15,0.324567,32.627,NASA_POWER_SARAH3_LiuJordan1960
4049,6,18,16,0.231498,31.994,NASA_POWER_SARAH3_LiuJordan1960
4050,6,18,17,0.127692,31.236,NASA_POWER_SARAH3_LiuJordan1960
4051,6,18,18,0.020224,30.39,NASA_POWER_SARAH3_LiuJordan1960
4052,6,18,19,0.0,29.5,NASA_POWER_SARAH3_LiuJordan1960
4053,6,18,20,0.0,27.5,NASA_POWER_SARAH3_LiuJordan1960
4054,6,18,21,0.0,27.5,NASA_POWER_SARAH3_LiuJordan1960
4055,6,18,22,0.0,27.5,NASA_POWER_SARAH3_LiuJordan1960
4056,6,18,23,0.0,27.5,NASA_POWER_SARAH3_LiuJordan1960
4057,6,19,0,0.0,27.5,NASA_POWER_SARAH3_LiuJordan1960
4058,6,19,1,0.0,27.5,NASA_POWER_SARAH3_LiuJordan1960
4059,6,19,2,0.0,27.5,NASA_POWER_SARAH3_LiuJordan1960
4060,6,19,3,0.0,27.5,NASA_POWER_SARAH3_LiuJordan1960
4061,6,19,4,0.0,27.5,NASA_POWER_SARAH3_LiuJordan1960
4062,6,19,5,0.014326,29.5,NASA_POWER_SARAH3_LiuJordan1960
4063,6,19,6,0.090196,30.39,NASA_POWER_SARAH3_LiuJordan1960
4064,6,19,7,0.163482,31.236,NASA_POWER_SARAH3_LiuJordan1960
4065,6,19,8,0.229188,31.994,NASA_POWER_SARAH3_LiuJordan1960
4066,6,19,9,0.282836,32.627,NASA_POWER_SARAH3_LiuJordan1960
4067,6,19,10,0.320771,33.104,NASA_POWER_SARAH3_LiuJordan1960
4068,6,19,11,0.340408,33.4,NASA_POWER_SARAH3_LiuJordan1960
4069,6,19,12,0.340408,33.5,NASA_POWER_SARAH3_LiuJordan1960
4070,6,19,13,0.320771,33.4,NASA_POWER_SARAH3_LiuJordan1960
4071,6,19,14,0.282836,33.104,NASA_POWER_SARAH3_LiuJordan1960
4072,6,19,15,0.229188,32.627,NASA_POWER_SARAH3_LiuJordan1960
4073,6,19,16,0.163482,31.994,NASA_POWER_SARAH3_LiuJordan1960
4074,6,19,17,0.090196,31.236,NASA_POWER_SARAH3_LiuJordan1960
4075,6,19,18,0.014326,30.39,NASA_POWER_SARAH3_LiuJordan1960
4076,6,19,19,0.0,29.5,NASA_POWER_SARAH3_LiuJordan1960
4077,6,19,20,0.0,27.5,NASA_POWER_SARAH3_LiuJordan1960
4078,6,19,21,0.0,27.5,NASA_POWER_SARAH3_LiuJordan1960
4079,6,19,22,0.0,27.5,NASA_POWER_SARAH3_LiuJordan1960
4080,6,19,23,0.0,27.5,NASA_POWER_SARAH3_LiuJordan1960
4081,6,20,0,0.0,27.5,NASA_POWER_SARAH3_LiuJordan1960
4082,6,20,1,0.0,27.5,NASA_POWER_SARAH3_LiuJordan1960
4083,6,20,2,0.0,27.5,NASA_POWER_SARAH3_LiuJordan1960
4084,6,20,3,0.0,27.5,NASA_POWER_SARAH3_LiuJordan1960
4085,6,20,4,0.0,27.5,NASA_POWER_SARAH3_LiuJordan1960
4086,6,20,5,0.018661,29.5,NASA_POWER_SARAH3_LiuJordan1960
4087,6,20,6,0.117283,30.39,NASA_POWER_SARAH3_LiuJordan1960
4088,6,20,7,0.212545,31.236,NASA_POWER_SARAH3_LiuJordan1960
4089,6,20,8,0.297954,31.994,NASA_POWER_SARAH3_LiuJordan1960
4090,6,20,9,0.367691,32.627,NASA_POWER_SARAH3_LiuJordan1960
4091,6,20,10,0.417002,33.104,NASA_POWER_SARAH3_LiuJordan1960
4092,6,20,11,0.442527,33.4,NASA_POWER_SARAH3_LiuJordan1960
4093,6,20,12,0.442527,33.5,NASA_POWER_SARAH3_LiuJordan1960
4094,6,20,13,0.417002,33.4,NASA_POWER_SARAH3_LiuJordan1960
4095,6,20,14,0.367691,33.104,NASA_POWER_SARAH3_LiuJordan1960
4096,6,20,15,0.297954,32.627,NASA_POWER_SARAH3_LiuJordan1960
4097,6,20,16,0.212545,31.994,NASA_POWER_SARAH3_LiuJordan1960
4098,6,20,17,0.117283,31.236,NASA_POWER_SARAH3_LiuJordan1960
4099,6,20,18,0.018661,30.39,NASA_POWER_SARAH3_LiuJordan1960
4100,6,20,19,0.0,29.5,NASA_POWER_SARAH3_LiuJordan1960
4101,6,20,20,0.0,27.5,NASA_POWER_SARAH3_LiuJordan1960
4102,6,20,21,0.0,27.5,NASA_POWER_SARAH3_LiuJordan1960
4103,6,20,22,0.0,27.5,NASA_POWER_SARAH3_LiuJordan1960
4104,6,20,23,0.0,27.5,NASA_POWER_SARAH3_LiuJordan1960
4105,6,21,0,0.0,27.5,NASA_POWER_SARAH3_LiuJordan1960
4106,6,21,1,0.0,27.5,NASA_POWER_SARAH3_LiuJordan1960
4107,6,21,2,0.0,27.5,NASA_POWER_SARAH3_LiuJordan1960
4108,6,21,3,0.0,27.5,NASA_POWER_SARAH3_LiuJordan1960
4109,6,21,4,0.0,27.5,NASA_POWER_SARAH3_LiuJordan1960
4110,6,21,5,0.010873,29.5,NASA_POWER_SARAH3_LiuJordan1960
4111,6,21,6,0.068282,30.39,NASA_POWER_SARAH3_LiuJordan1960
4112,6,21,7,0.123735,31.236,NASA_POWER_SARAH3_LiuJordan1960
4113,6,21,8,0.173453,31.994,NASA_POWER_SARAH3_LiuJordan1960
4114,6,21,9,0.214048,32.627,NASA_POWER_SARAH3_LiuJordan1960
4115,6,21,10,0.242753,33.104,NASA_POWER_SARAH3_LiuJordan1960
4116,6,21,11,0.257611,33.4,NASA_POWER_SARAH3_LiuJordan1960
4117,6,21,12,0.257611,33.5,NASA_POWER_SARAH3_LiuJordan1960
4118,6,21,13,0.242753,33.4,NASA_POWER_SARAH3_LiuJordan1960
4119,6,21,14,0.214048,33.104,NASA_POWER_SARAH3_LiuJordan1960
4120,6,21,15,0.173453,32.627,NASA_POWER_SARAH3_LiuJordan1960
4121,6,21,16,0.123735,31.994,NASA_POWER_SARAH3_LiuJordan1960
4122,6,21,17,0.068282,31.236,NASA_POWER_SARAH3_LiuJordan1960
4123,6,21,18,0.010873,30.39,NASA_POWER_SARAH3_LiuJordan1960
4124,6,21,19,0.0,29.5,NASA_POWER_SARAH3_LiuJordan1960
4125,6,21,20,0.0,27.5,NASA_POWER_SARAH3_LiuJordan1960
4126,6,21,21,0.0,27.5,NASA_POWER_SARAH3_LiuJordan1960
4127,6,21,22,0.0,27.5,NASA_POWER_SARAH3_LiuJordan1960
4128,6,21,23,0.0,27.5,NASA_POWER_SARAH3_LiuJordan1960
4129,6,22,0,0.0,27.5,NASA_POWER_SARAH3_LiuJordan1960
4130,6,22,1,0.0,27.5,NASA_POWER_SARAH3_LiuJordan1960
4131,6,22,2,0.0,27.5,NASA_POWER_SARAH3_LiuJordan1960
4132,6,22,3,0.0,27.5,NASA_POWER_SARAH3_LiuJordan1960
4133,6,22,4,0.0,27.5,NASA_POWER_SARAH3_LiuJordan1960
4134,6,22,5,0.016953,29.5,NASA_POWER_SARAH3_LiuJordan1960
4135,6,22,6,0.106492,30.39,NASA_POWER_SARAH3_LiuJordan1960
4136,6,22,7,0.192981,31.236,NASA_POWER_SARAH3_LiuJordan1960
4137,6,22,8,0.270524,31.994,NASA_POWER_SARAH3_LiuJordan1960
4138,6,22,9,0.333838,32.627,NASA_POWER_SARAH3_LiuJordan1960
4139,6,22,10,0.378608,33.104,NASA_POWER_SARAH3_LiuJordan1960
4140,6,22,11,0.401782,33.4,NASA_POWER_SARAH3_LiuJordan1960
4141,6,22,12,0.401782,33.5,NASA_POWER_SARAH3_LiuJordan1960
4142,6,22,13,0.378608,33.4,NASA_POWER_SARAH3_LiuJordan1960
4143,6,22,14,0.333838,33.104,NASA_POWER_SARAH3_LiuJordan1960
4144,6,22,15,0.270524,32.627,NASA_POWER_SARAH3_LiuJordan1960
4145,6,22,16,0.192981,31.994,NASA_POWER_SARAH3_LiuJordan1960
4146,6,22,17,0.106492,31.236,NASA_POWER_SARAH3_LiuJordan1960
4147,6,22,18,0.016953,30.39,NASA_POWER_SARAH3_LiuJordan1960
4148,6,22,19,0.0,29.5,NASA_POWER_SARAH3_LiuJordan1960
4149,6,22,20,0.0,27.5,NASA_POWER_SARAH3_LiuJordan1960
4150,6,22,21,0.0,27.5,NASA_POWER_SARAH3_LiuJordan1960
4151,6,22,22,0.0,27.5,NASA_POWER_SARAH3_LiuJordan1960
4152,6,22,23,0.0,27.5,NASA_POWER_SARAH3_LiuJordan1960
4153,6,23,0,0.0,27.5,NASA_POWER_SARAH3_LiuJordan1960
4154,6,23,1,0.0,27.5,NASA_POWER_SARAH3_LiuJordan1960
4155,6,23,2,0.0,27.5,NASA_POWER_SARAH3_LiuJordan1960
4156,6,23,3,0.0,27.5,NASA_POWER_SARAH3_LiuJordan1960
4157,6,23,4,0.0,27.5,NASA_POWER_SARAH3_LiuJordan1960
4158,6,23,5,0.023652,29.5,NASA_POWER_SARAH3_LiuJordan1960
4159,6,23,6,0.148767,30.39,NASA_POWER_SARAH3_LiuJordan1960
4160,6,23,7,0.269618,31.236,NASA_POWER_SARAH3_LiuJordan1960
4161,6,23,8,0.37797,31.994,NASA_POWER_SARAH3_LiuJordan1960
4162,6,23,9,0.466439,32.627,NASA_POWER_SARAH3_LiuJordan1960
4163,6,23,10,0.528996,33.104,NASA_POWER_SARAH3_LiuJordan1960
4164,6,23,11,0.561378,33.4,NASA_POWER_SARAH3_LiuJordan1960
4165,6,23,12,0.561378,33.5,NASA_POWER_SARAH3_LiuJordan1960
4166,6,23,13,0.528996,33.4,NASA_POWER_SARAH3_LiuJordan1960
4167,6,23,14,0.466439,33.104,NASA_POWER_SARAH3_LiuJordan1960
4168,6,23,15,0.37797,32.627,NASA_POWER_SARAH3_LiuJordan1960
4169,6,23,16,0.269618,31.994,NASA_POWER_SARAH3_LiuJordan1960
4170,6,23,17,0.148767,31.236,NASA_POWER_SARAH3_LiuJordan1960
4171,6,23,18,0.023652,30.39,NASA_POWER_SARAH3_LiuJordan1960
4172,6,23,19,0.0,29.5,NASA_POWER_SARAH3_LiuJordan1960
4173,6,23,20,0.0,27.5,NASA_POWER_SARAH3_LiuJordan1960
4174,6,23,21,0.0,27.5,NASA_POWER_SARAH3_LiuJordan1960
4175,6,23,22,0.0,27.5,NASA_POWER_SARAH3_LiuJordan1960
4176,6,23,23,0.0,27.5,NASA_POWER_SARAH3_LiuJordan1960
4177,6,24,0,0.0,27.5,NASA_POWER_SARAH3_LiuJordan1960
4178,6,24,1,0.0,27.5,NASA_POWER_SARAH3_LiuJordan1960
4179,6,24,2,0.0,27.5,NASA_POWER_SARAH3_LiuJordan1960
4180,6,24,3,0.0,27.5,NASA_POWER_SARAH3_LiuJordan1960
4181,6,24,4,0.0,27.5,NASA_POWER_SARAH3_LiuJordan1960
4182,6,24,5,0.013375,29.5,NASA_POWER_SARAH3_LiuJordan1960
4183,6,24,6,0.084317,30.39,NASA_POWER_SARAH3_LiuJordan1960
4184,6,24,7,0.152842,31.236,NASA_POWER_SARAH3_LiuJordan1960
4185,6,24,8,0.21428,31.994,NASA_POWER_SARAH3_LiuJordan1960
4186,6,24,9,0.264444,32.627,NASA_POWER_SARAH3_LiuJordan1960
4187,6,24,10,0.299915,33.104,NASA_POWER_SARAH3_LiuJordan1960
4188,6,24,11,0.318277,33.4,NASA_POWER_SARAH3_LiuJordan1960
4189,6,24,12,0.318277,33.5,NASA_POWER_SARAH3_LiuJordan1960
4190,6,24,13,0.299915,33.4,NASA_POWER_SARAH3_LiuJordan1960
4191,6,24,14,0.264444,33.104,NASA_POWER_SARAH3_LiuJordan1960
4192,6,24,15,0.21428,32.627,NASA_POWER_SARAH3_LiuJordan1960
4193,6,24,16,0.152842,31.994,NASA_POWER_SARAH3_LiuJordan1960
4194,6,24,17,0.084317,31.236,NASA_POWER_SARAH3_LiuJordan1960
4195,6,24,18,0.013375,30.39,NASA_POWER_SARAH3_LiuJordan1960
4196,6,24,19,0.0,29.5,NASA_POWER_SARAH3_LiuJordan1960
4197,6,24,20,0.0,27.5,NASA_POWER_SARAH3_LiuJordan1960
4198,6,24,21,0.0,27.5,NASA_POWER_SARAH3_LiuJordan1960
4199,6,24,22,0.0,27.5,NASA_POWER_SARAH3_LiuJordan1960
4200,6,24,23,0.0,27.5,NASA_POWER_SARAH3_LiuJordan1960
4201,6,25,0,0.0,27.5,NASA_POWER_SARAH3_LiuJordan1960
4202,6,25,1,0.0,27.5,NASA_POWER_SARAH3_LiuJordan1960
4203,6,25,2,0.0,27.5,NASA_POWER_SARAH3_LiuJordan1960
4204,6,25,3,0.0,27.5,NASA_POWER_SARAH3_LiuJordan1960
4205,6,25,4,0.0,27.5,NASA_POWER_SARAH3_LiuJordan1960
4206,6,25,5,0.016974,29.5,NASA_POWER_SARAH3_LiuJordan1960
4207,6,25,6,0.107367,30.39,NASA_POWER_SARAH3_LiuJordan1960
4208,6,25,7,0.194679,31.236,NASA_POWER_SARAH3_LiuJordan1960
4209,6,25,8,0.272961,31.994,NASA_POWER_SARAH3_LiuJordan1960
4210,6,25,9,0.336878,32.627,NASA_POWER_SARAH3_LiuJordan1960
4211,6,25,10,0.382074,33.104,NASA_POWER_SARAH3_LiuJordan1960
4212,6,25,11,0.40547,33.4,NASA_POWER_SARAH3_LiuJordan1960
4213,6,25,12,0.40547,33.5,NASA_POWER_SARAH3_LiuJordan1960
4214,6,25,13,0.382074,33.4,NASA_POWER_SARAH3_LiuJordan1960
4215,6,25,14,0.336878,33.104,NASA_POWER_SARAH3_LiuJordan1960
4216,6,25,15,0.272961,32.627,NASA_POWER_SARAH3_LiuJordan1960
4217,6,25,16,0.194679,31.994,NASA_POWER_SARAH3_LiuJordan1960
4218,6,25,17,0.107367,31.236,NASA_POWER_SARAH3_LiuJordan1960
4219,6,25,18,0.016974,30.39,NASA_POWER_SARAH3_LiuJordan1960
4220,6,25,19,0.0,29.5,NASA_POWER_SARAH3_LiuJordan1960
4221,6,25,20,0.0,27.5,NASA_POWER_SARAH3_LiuJordan1960
4222,6,25,21,0.0,27.5,NASA_POWER_SARAH3_LiuJordan1960
4223,6,25,22,0.0,27.5,NASA_POWER_SARAH3_LiuJordan1960
4224,6,25,23,0.0,27.5,NASA_POWER_SARAH3_LiuJordan1960
4225,6,26,0,0.0,27.5,NASA_POWER_SARAH3_LiuJordan1960
4226,6,26,1,0.0,27.5,NASA_POWER_SARAH3_LiuJordan1960
4227,6,26,2,0.0,27.5,NASA_POWER_SARAH3_LiuJordan1960
4228,6,26,3,0.0,27.5,NASA_POWER_SARAH3_LiuJordan1960
4229,6,26,4,0.0,27.5,NASA_POWER_SARAH3_LiuJordan1960
4230,6,26,5,0.016715,29.5,NASA_POWER_SARAH3_LiuJordan1960
4231,6,26,6,0.106187,30.39,NASA_POWER_SARAH3_LiuJordan1960
4232,6,26,7,0.19261,31.236,NASA_POWER_SARAH3_LiuJordan1960
4233,6,26,8,0.270095,31.994,NASA_POWER_SARAH3_LiuJordan1960
4234,6,26,9,0.333361,32.627,NASA_POWER_SARAH3_LiuJordan1960
4235,6,26,10,0.378097,33.104,NASA_POWER_SARAH3_LiuJordan1960
4236,6,26,11,0.401254,33.4,NASA_POWER_SARAH3_LiuJordan1960
4237,6,26,12,0.401254,33.5,NASA_POWER_SARAH3_LiuJordan1960
4238,6,26,13,0.378097,33.4,NASA_POWER_SARAH3_LiuJordan1960
4239,6,26,14,0.333361,33.104,NASA_POWER_SARAH3_LiuJordan1960
4240,6,26,15,0.270095,32.627,NASA_POWER_SARAH3_LiuJordan1960
4241,6,26,16,0.19261,31.994,NASA_POWER_SARAH3_LiuJordan1960
4242,6,26,17,0.106187,31.236,NASA_POWER_SARAH3_LiuJordan1960
4243,6,26,18,0.016715,30.39,NASA_POWER_SARAH3_LiuJordan1960
4244,6,26,19,0.0,29.5,NASA_POWER_SARAH3_LiuJordan1960
4245,6,26,20,0.0,27.5,NASA_POWER_SARAH3_LiuJordan1960
4246,6,26,21,0.0,27.5,NASA_POWER_SARAH3_LiuJordan1960
4247,6,26,22,0.0,27.5,NASA_POWER_SARAH3_LiuJordan1960
4248,6,26,23,0.0,27.5,NASA_POWER_SARAH3_LiuJordan1960
4249,6,27,0,0.0,27.5,NASA_POWER_SARAH3_LiuJordan1960
4250,6,27,1,0.0,27.5,NASA_POWER_SARAH3_LiuJordan1960
4251,6,27,2,0.0,27.5,NASA_POWER_SARAH3_LiuJordan1960
4252,6,27,3,0.0,27.5,NASA_POWER_SARAH3_LiuJordan1960
4253,6,27,4,0.0,27.5,NASA_POWER_SARAH3_LiuJordan1960
4254,6,27,5,0.013587,29.5,NASA_POWER_SARAH3_LiuJordan1960
4255,6,27,6,0.086789,30.39,NASA_POWER_SARAH3_LiuJordan1960
4256,6,27,7,0.157497,31.236,NASA_POWER_SARAH3_LiuJordan1960
4257,6,27,8,0.220892,31.994,NASA_POWER_SARAH3_LiuJordan1960
4258,6,27,9,0.272654,32.627,NASA_POWER_SARAH3_LiuJordan1960
4259,6,27,10,0.309255,33.104,NASA_POWER_SARAH3_LiuJordan1960
4260,6,27,11,0.328201,33.4,NASA_POWER_SARAH3_LiuJordan1960
4261,6,27,12,0.328201,33.5,NASA_POWER_SARAH3_LiuJordan1960
4262,6,27,13,0.309255,33.4,NASA_POWER_SARAH3_LiuJordan1960
4263,6,27,14,0.272654,33.104,NASA_POWER_SARAH3_LiuJordan1960
4264,6,27,15,0.220892,32.627,NASA_POWER_SARAH3_LiuJordan1960
4265,6,27,16,0.157497,31.994,NASA_POWER_SARAH3_LiuJordan1960
4266,6,27,17,0.086789,31.236,NASA_POWER_SARAH3_LiuJordan1960
4267,6,27,18,0.013587,30.39,NASA_POWER_SARAH3_LiuJordan1960
4268,6,27,19,0.0,29.5,NASA_POWER_SARAH3_LiuJordan1960
4269,6,27,20,0.0,27.5,NASA_POWER_SARAH3_LiuJordan1960
4270,6,27,21,0.0,27.5,NASA_POWER_SARAH3_LiuJordan1960
4271,6,27,22,0.0,27.5,NASA_POWER_SARAH3_LiuJordan1960
4272,6,27,23,0.0,27.5,NASA_POWER_SARAH3_LiuJordan1960
4273,6,28,0,0.0,27.5,NASA_POWER_SARAH3_LiuJordan1960
4274,6,28,1,0.0,27.5,NASA_POWER_SARAH3_LiuJordan1960
4275,6,28,2,0.0,27.5,NASA_POWER_SARAH3_LiuJordan1960
4276,6,28,3,0.0,27.5,NASA_POWER_SARAH3_LiuJordan1960
4277,6,28,4,0.0,27.5,NASA_POWER_SARAH3_LiuJordan1960
4278,6,28,5,0.022346,29.5,NASA_POWER_SARAH3_LiuJordan1960
4279,6,28,6,0.143667,30.39,NASA_POWER_SARAH3_LiuJordan1960
4280,6,28,7,0.260854,31.236,NASA_POWER_SARAH3_LiuJordan1960
4281,6,28,8,0.365921,31.994,NASA_POWER_SARAH3_LiuJordan1960
4282,6,28,9,0.451708,32.627,NASA_POWER_SARAH3_LiuJordan1960
4283,6,28,10,0.512369,33.104,NASA_POWER_SARAH3_LiuJordan1960
4284,6,28,11,0.543769,33.4,NASA_POWER_SARAH3_LiuJordan1960
4285,6,28,12,0.543769,33.5,NASA_POWER_SARAH3_LiuJordan1960
4286,6,28,13,0.512369,33.4,NASA_POWER_SARAH3_LiuJordan1960
4287,6,28,14,0.451708,33.104,NASA_POWER_SARAH3_LiuJordan1960
4288,6,28,15,0.365921,32.627,NASA_POWER_SARAH3_LiuJordan1960
4289,6,28,16,0.260854,31.994,NASA_POWER_SARAH3_LiuJordan1960
4290,6,28,17,0.143667,31.236,NASA_POWER_SARAH3_LiuJordan1960
4291,6,28,18,0.022346,30.39,NASA_POWER_SARAH3_LiuJordan1960
4292,6,28,19,0.0,29.5,NASA_POWER_SARAH3_LiuJordan1960
4293,6,28,20,0.0,27.5,NASA_POWER_SARAH3_LiuJordan1960
4294,6,28,21,0.0,27.5,NASA_POWER_SARAH3_LiuJordan1960
4295,6,28,22,0.0,27.5,NASA_POWER_SARAH3_LiuJordan1960
4296,6,28,23,0.0,27.5,NASA_POWER_SARAH3_LiuJordan1960
4297,6,29,0,0.0,27.5,NASA_POWER_SARAH3_LiuJordan1960
4298,6,29,1,0.0,27.5,NASA_POWER_SARAH3_LiuJordan1960
4299,6,29,2,0.0,27.5,NASA_POWER_SARAH3_LiuJordan1960
4300,6,29,3,0.0,27.5,NASA_POWER_SARAH3_LiuJordan1960
4301,6,29,4,0.0,27.5,NASA_POWER_SARAH3_LiuJordan1960
4302,6,29,5,0.0123,29.5,NASA_POWER_SARAH3_LiuJordan1960
4303,6,29,6,0.079683,30.39,NASA_POWER_SARAH3_LiuJordan1960
4304,6,29,7,0.144769,31.236,NASA_POWER_SARAH3_LiuJordan1960
4305,6,29,8,0.203125,31.994,NASA_POWER_SARAH3_LiuJordan1960
4306,6,29,9,0.250771,32.627,NASA_POWER_SARAH3_LiuJordan1960
4307,6,29,10,0.284463,33.104,NASA_POWER_SARAH3_LiuJordan1960
4308,6,29,11,0.301903,33.4,NASA_POWER_SARAH3_LiuJordan1960
4309,6,29,12,0.301903,33.5,NASA_POWER_SARAH3_LiuJordan1960
4310,6,29,13,0.284463,33.4,NASA_POWER_SARAH3_LiuJordan1960
4311,6,29,14,0.250771,33.104,NASA_POWER_SARAH3_LiuJordan1960
4312,6,29,15,0.203125,32.627,NASA_POWER_SARAH3_LiuJordan1960
4313,6,29,16,0.144769,31.994,NASA_POWER_SARAH3_LiuJordan1960
4314,6,29,17,0.079683,31.236,NASA_POWER_SARAH3_LiuJordan1960
4315,6,29,18,0.0123,30.39,NASA_POWER_SARAH3_LiuJordan1960
4316,6,29,19,0.0,29.5,NASA_POWER_SARAH3_LiuJordan1960
4317,6,29,20,0.0,27.5,NASA_POWER_SARAH3_LiuJordan1960
4318,6,29,21,0.0,27.5,NASA_POWER_SARAH3_LiuJordan1960
4319,6,29,22,0.0,27.5,NASA_POWER_SARAH3_LiuJordan1960
4320,6,29,23,0.0,27.5,NASA_POWER_SARAH3_LiuJordan1960
4321,6,30,0,0.0,27.5,NASA_POWER_SARAH3_LiuJordan1960
4322,6,30,1,0.0,27.5,NASA_POWER_SARAH3_LiuJordan1960
4323,6,30,2,0.0,27.5,NASA_POWER_SARAH3_LiuJordan1960
4324,6,30,3,0.0,27.5,NASA_POWER_SARAH3_LiuJordan1960
4325,6,30,4,0.0,27.5,NASA_POWER_SARAH3_LiuJordan1960
4326,6,30,5,0.022497,29.5,NASA_POWER_SARAH3_LiuJordan1960
4327,6,30,6,0.147023,30.39,NASA_POWER_SARAH3_LiuJordan1960
4328,6,30,7,0.267306,31.236,NASA_POWER_SARAH3_LiuJordan1960
4329,6,30,8,0.375149,31.994,NASA_POWER_SARAH3_LiuJordan1960
4330,6,30,9,0.463202,32.627,NASA_POWER_SARAH3_LiuJordan1960
4331,6,30,10,0.525465,33.104,NASA_POWER_SARAH3_LiuJordan1960
4332,6,30,11,0.557695,33.4,NASA_POWER_SARAH3_LiuJordan1960
4333,6,30,12,0.557695,33.5,NASA_POWER_SARAH3_LiuJordan1960
4334,6,30,13,0.525465,33.4,NASA_POWER_SARAH3_LiuJordan1960
4335,6,30,14,0.463202,33.104,NASA_POWER_SARAH3_LiuJordan1960
4336,6,30,15,0.375149,32.627,NASA_POWER_SARAH3_LiuJordan1960
4337,6,30,16,0.267306,31.994,NASA_POWER_SARAH3_LiuJordan1960
4338,6,30,17,0.147023,31.236,NASA_POWER_SARAH3_LiuJordan1960
4339,6,30,18,0.022497,30.39,NASA_POWER_SARAH3_LiuJordan1960
4340,6,30,19,0.0,29.5,NASA_POWER_SARAH3_LiuJordan1960
4341,6,30,20,0.0,27.5,NASA_POWER_SARAH3_LiuJordan1960
4342,6,30,21,0.0,27.5,NASA_POWER_SARAH3_LiuJordan1960
4343,6,30,22,0.0,27.5,NASA_POWER_SARAH3_LiuJordan1960
4344,6,30,23,0.0,27.5,NASA_POWER_SARAH3_LiuJordan1960
4345,7,1,0,0.0,26.75,NASA_POWER_SARAH3_LiuJordan1960
4346,7,1,1,0.0,26.75,NASA_POWER_SARAH3_LiuJordan1960
4347,7,1,2,0.0,26.75,NASA_POWER_SARAH3_LiuJordan1960
4348,7,1,3,0.0,26.75,NASA_POWER_SARAH3_LiuJordan1960
4349,7,1,4,0.0,26.75,NASA_POWER_SARAH3_LiuJordan1960
4350,7,1,5,0.017909,28.5,NASA_POWER_SARAH3_LiuJordan1960
4351,7,1,6,0.118206,29.279,NASA_POWER_SARAH3_LiuJordan1960
4352,7,1,7,0.215086,30.019,NASA_POWER_SARAH3_LiuJordan1960
4353,7,1,8,0.301946,30.682,NASA_POWER_SARAH3_LiuJordan1960
4354,7,1,9,0.372867,31.236,NASA_POWER_SARAH3_LiuJordan1960
4355,7,1,10,0.423015,31.653,NASA_POWER_SARAH3_LiuJordan1960
4356,7,1,11,0.448974,31.912,NASA_POWER_SARAH3_LiuJordan1960
4357,7,1,12,0.448974,32.0,NASA_POWER_SARAH3_LiuJordan1960
4358,7,1,13,0.423015,31.912,NASA_POWER_SARAH3_LiuJordan1960
4359,7,1,14,0.372867,31.653,NASA_POWER_SARAH3_LiuJordan1960
4360,7,1,15,0.301946,31.236,NASA_POWER_SARAH3_LiuJordan1960
4361,7,1,16,0.215086,30.682,NASA_POWER_SARAH3_LiuJordan1960
4362,7,1,17,0.118206,30.019,NASA_POWER_SARAH3_LiuJordan1960
4363,7,1,18,0.017909,29.279,NASA_POWER_SARAH3_LiuJordan1960
4364,7,1,19,0.0,28.5,NASA_POWER_SARAH3_LiuJordan1960
4365,7,1,20,0.0,26.75,NASA_POWER_SARAH3_LiuJordan1960
4366,7,1,21,0.0,26.75,NASA_POWER_SARAH3_LiuJordan1960
4367,7,1,22,0.0,26.75,NASA_POWER_SARAH3_LiuJordan1960
4368,7,1,23,0.0,26.75,NASA_POWER_SARAH3_LiuJordan1960
4369,7,2,0,0.0,26.75,NASA_POWER_SARAH3_LiuJordan1960
4370,7,2,1,0.0,26.75,NASA_POWER_SARAH3_LiuJordan1960
4371,7,2,2,0.0,26.75,NASA_POWER_SARAH3_LiuJordan1960
4372,7,2,3,0.0,26.75,NASA_POWER_SARAH3_LiuJordan1960
4373,7,2,4,0.0,26.75,NASA_POWER_SARAH3_LiuJordan1960
4374,7,2,5,0.02158,28.5,NASA_POWER_SARAH3_LiuJordan1960
4375,7,2,6,0.144025,29.279,NASA_POWER_SARAH3_LiuJordan1960
4376,7,2,7,0.262297,30.019,NASA_POWER_SARAH3_LiuJordan1960
4377,7,2,8,0.368338,30.682,NASA_POWER_SARAH3_LiuJordan1960
4378,7,2,9,0.454919,31.236,NASA_POWER_SARAH3_LiuJordan1960
4379,7,2,10,0.516142,31.653,NASA_POWER_SARAH3_LiuJordan1960
4380,7,2,11,0.547833,31.912,NASA_POWER_SARAH3_LiuJordan1960
4381,7,2,12,0.547833,32.0,NASA_POWER_SARAH3_LiuJordan1960
4382,7,2,13,0.516142,31.912,NASA_POWER_SARAH3_LiuJordan1960
4383,7,2,14,0.454919,31.653,NASA_POWER_SARAH3_LiuJordan1960
4384,7,2,15,0.368338,31.236,NASA_POWER_SARAH3_LiuJordan1960
4385,7,2,16,0.262297,30.682,NASA_POWER_SARAH3_LiuJordan1960
4386,7,2,17,0.144025,30.019,NASA_POWER_SARAH3_LiuJordan1960
4387,7,2,18,0.02158,29.279,NASA_POWER_SARAH3_LiuJordan1960
4388,7,2,19,0.0,28.5,NASA_POWER_SARAH3_LiuJordan1960
4389,7,2,20,0.0,26.75,NASA_POWER_SARAH3_LiuJordan1960
4390,7,2,21,0.0,26.75,NASA_POWER_SARAH3_LiuJordan1960
4391,7,2,22,0.0,26.75,NASA_POWER_SARAH3_LiuJordan1960
4392,7,2,23,0.0,26.75,NASA_POWER_SARAH3_LiuJordan1960
4393,7,3,0,0.0,26.75,NASA_POWER_SARAH3_LiuJordan1960
4394,7,3,1,0.0,26.75,NASA_POWER_SARAH3_LiuJordan1960
4395,7,3,2,0.0,26.75,NASA_POWER_SARAH3_LiuJordan1960
4396,7,3,3,0.0,26.75,NASA_POWER_SARAH3_LiuJordan1960
4397,7,3,4,0.0,26.75,NASA_POWER_SARAH3_LiuJordan1960
4398,7,3,5,0.016726,28.5,NASA_POWER_SARAH3_LiuJordan1960
4399,7,3,6,0.113022,29.279,NASA_POWER_SARAH3_LiuJordan1960
4400,7,3,7,0.206036,30.019,NASA_POWER_SARAH3_LiuJordan1960
4401,7,3,8,0.289431,30.682,NASA_POWER_SARAH3_LiuJordan1960
4402,7,3,9,0.357522,31.236,NASA_POWER_SARAH3_LiuJordan1960
4403,7,3,10,0.40567,31.653,NASA_POWER_SARAH3_LiuJordan1960
4404,7,3,11,0.430593,31.912,NASA_POWER_SARAH3_LiuJordan1960
4405,7,3,12,0.430593,32.0,NASA_POWER_SARAH3_LiuJordan1960
4406,7,3,13,0.40567,31.912,NASA_POWER_SARAH3_LiuJordan1960
4407,7,3,14,0.357522,31.653,NASA_POWER_SARAH3_LiuJordan1960
4408,7,3,15,0.289431,31.236,NASA_POWER_SARAH3_LiuJordan1960
4409,7,3,16,0.206036,30.682,NASA_POWER_SARAH3_LiuJordan1960
4410,7,3,17,0.113022,30.019,NASA_POWER_SARAH3_LiuJordan1960
4411,7,3,18,0.016726,29.279,NASA_POWER_SARAH3_LiuJordan1960
4412,7,3,19,0.0,28.5,NASA_POWER_SARAH3_LiuJordan1960
4413,7,3,20,0.0,26.75,NASA_POWER_SARAH3_LiuJordan1960
4414,7,3,21,0.0,26.75,NASA_POWER_SARAH3_LiuJordan1960
4415,7,3,22,0.0,26.75,NASA_POWER_SARAH3_LiuJordan1960
4416,7,3,23,0.0,26.75,NASA_POWER_SARAH3_LiuJordan1960
4417,7,4,0,0.0,26.75,NASA_POWER_SARAH3_LiuJordan1960
4418,7,4,1,0.0,26.75,NASA_POWER_SARAH3_LiuJordan1960
4419,7,4,2,0.0,26.75,NASA_POWER_SARAH3_LiuJordan1960
4420,7,4,3,0.0,26.75,NASA_POWER_SARAH3_LiuJordan1960
4421,7,4,4,0.0,26.75,NASA_POWER_SARAH3_LiuJordan1960
4422,7,4,5,0.020557,28.5,NASA_POWER_SARAH3_LiuJordan1960
4423,7,4,6,0.140821,29.279,NASA_POWER_SARAH3_LiuJordan1960
4424,7,4,7,0.256987,30.019,NASA_POWER_SARAH3_LiuJordan1960
4425,7,4,8,0.361139,30.682,NASA_POWER_SARAH3_LiuJordan1960
4426,7,4,9,0.446179,31.236,NASA_POWER_SARAH3_LiuJordan1960
4427,7,4,10,0.506311,31.653,NASA_POWER_SARAH3_LiuJordan1960
4428,7,4,11,0.537437,31.912,NASA_POWER_SARAH3_LiuJordan1960
4429,7,4,12,0.537437,32.0,NASA_POWER_SARAH3_LiuJordan1960
4430,7,4,13,0.506311,31.912,NASA_POWER_SARAH3_LiuJordan1960
4431,7,4,14,0.446179,31.653,NASA_POWER_SARAH3_LiuJordan1960
4432,7,4,15,0.361139,31.236,NASA_POWER_SARAH3_LiuJordan1960
4433,7,4,16,0.256987,30.682,NASA_POWER_SARAH3_LiuJordan1960
4434,7,4,17,0.140821,30.019,NASA_POWER_SARAH3_LiuJordan1960
4435,7,4,18,0.020557,29.279,NASA_POWER_SARAH3_LiuJordan1960
4436,7,4,19,0.0,28.5,NASA_POWER_SARAH3_LiuJordan1960
4437,7,4,20,0.0,26.75,NASA_POWER_SARAH3_LiuJordan1960
4438,7,4,21,0.0,26.75,NASA_POWER_SARAH3_LiuJordan1960
4439,7,4,22,0.0,26.75,NASA_POWER_SARAH3_LiuJordan1960
4440,7,4,23,0.0,26.75,NASA_POWER_SARAH3_LiuJordan1960
4441,7,5,0,0.0,26.75,NASA_POWER_SARAH3_LiuJordan1960
4442,7,5,1,0.0,26.75,NASA_POWER_SARAH3_LiuJordan1960
4443,7,5,2,0.0,26.75,NASA_POWER_SARAH3_LiuJordan1960
4444,7,5,3,0.0,26.75,NASA_POWER_SARAH3_LiuJordan1960
4445,7,5,4,0.0,26.75,NASA_POWER_SARAH3_LiuJordan1960
4446,7,5,5,0.016853,28.5,NASA_POWER_SARAH3_LiuJordan1960
4447,7,5,6,0.117199,29.279,NASA_POWER_SARAH3_LiuJordan1960
4448,7,5,7,0.214126,30.019,NASA_POWER_SARAH3_LiuJordan1960
4449,7,5,8,0.301028,30.682,NASA_POWER_SARAH3_LiuJordan1960
4450,7,5,9,0.371984,31.236,NASA_POWER_SARAH3_LiuJordan1960
4451,7,5,10,0.422157,31.653,NASA_POWER_SARAH3_LiuJordan1960
4452,7,5,11,0.448128,31.912,NASA_POWER_SARAH3_LiuJordan1960
4453,7,5,12,0.448128,32.0,NASA_POWER_SARAH3_LiuJordan1960
4454,7,5,13,0.422157,31.912,NASA_POWER_SARAH3_LiuJordan1960
4455,7,5,14,0.371984,31.653,NASA_POWER_SARAH3_LiuJordan1960
4456,7,5,15,0.301028,31.236,NASA_POWER_SARAH3_LiuJordan1960
4457,7,5,16,0.214126,30.682,NASA_POWER_SARAH3_LiuJordan1960
4458,7,5,17,0.117199,30.019,NASA_POWER_SARAH3_LiuJordan1960
4459,7,5,18,0.016853,29.279,NASA_POWER_SARAH3_LiuJordan1960
4460,7,5,19,0.0,28.5,NASA_POWER_SARAH3_LiuJordan1960
4461,7,5,20,0.0,26.75,NASA_POWER_SARAH3_LiuJordan1960
4462,7,5,21,0.0,26.75,NASA_POWER_SARAH3_LiuJordan1960
4463,7,5,22,0.0,26.75,NASA_POWER_SARAH3_LiuJordan1960
4464,7,5,23,0.0,26.75,NASA_POWER_SARAH3_LiuJordan1960
4465,7,6,0,0.0,26.75,NASA_POWER_SARAH3_LiuJordan1960
4466,7,6,1,0.0,26.75,NASA_POWER_SARAH3_LiuJordan1960
4467,7,6,2,0.0,26.75,NASA_POWER_SARAH3_LiuJordan1960
4468,7,6,3,0.0,26.75,NASA_POWER_SARAH3_LiuJordan1960
4469,7,6,4,0.0,26.75,NASA_POWER_SARAH3_LiuJordan1960
4470,7,6,5,0.014955,28.5,NASA_POWER_SARAH3_LiuJordan1960
4471,7,6,6,0.105727,29.279,NASA_POWER_SARAH3_LiuJordan1960
4472,7,6,7,0.193406,30.019,NASA_POWER_SARAH3_LiuJordan1960
4473,7,6,8,0.272017,30.682,NASA_POWER_SARAH3_LiuJordan1960
4474,7,6,9,0.336203,31.236,NASA_POWER_SARAH3_LiuJordan1960
4475,7,6,10,0.381589,31.653,NASA_POWER_SARAH3_LiuJordan1960
4476,7,6,11,0.405082,31.912,NASA_POWER_SARAH3_LiuJordan1960
4477,7,6,12,0.405082,32.0,NASA_POWER_SARAH3_LiuJordan1960
4478,7,6,13,0.381589,31.912,NASA_POWER_SARAH3_LiuJordan1960
4479,7,6,14,0.336203,31.653,NASA_POWER_SARAH3_LiuJordan1960
4480,7,6,15,0.272017,31.236,NASA_POWER_SARAH3_LiuJordan1960
4481,7,6,16,0.193406,30.682,NASA_POWER_SARAH3_LiuJordan1960
4482,7,6,17,0.105727,30.019,NASA_POWER_SARAH3_LiuJordan1960
4483,7,6,18,0.014955,29.279,NASA_POWER_SARAH3_LiuJordan1960
4484,7,6,19,0.0,28.5,NASA_POWER_SARAH3_LiuJordan1960
4485,7,6,20,0.0,26.75,NASA_POWER_SARAH3_LiuJordan1960
4486,7,6,21,0.0,26.75,NASA_POWER_SARAH3_LiuJordan1960
4487,7,6,22,0.0,26.75,NASA_POWER_SARAH3_LiuJordan1960
4488,7,6,23,0.0,26.75,NASA_POWER_SARAH3_LiuJordan1960
4489,7,7,0,0.0,26.75,NASA_POWER_SARAH3_LiuJordan1960
4490,7,7,1,0.0,26.75,NASA_POWER_SARAH3_LiuJordan1960
4491,7,7,2,0.0,26.75,NASA_POWER_SARAH3_LiuJordan1960
4492,7,7,3,0.0,26.75,NASA_POWER_SARAH3_LiuJordan1960
4493,7,7,4,0.0,26.75,NASA_POWER_SARAH3_LiuJordan1960
4494,7,7,5,0.015974,28.5,NASA_POWER_SARAH3_LiuJordan1960
4495,7,7,6,0.114978,29.279,NASA_POWER_SARAH3_LiuJordan1960
4496,7,7,7,0.210609,30.019,NASA_POWER_SARAH3_LiuJordan1960
4497,7,7,8,0.296349,30.682,NASA_POWER_SARAH3_LiuJordan1960
4498,7,7,9,0.366356,31.236,NASA_POWER_SARAH3_LiuJordan1960
4499,7,7,10,0.415858,31.653,NASA_POWER_SARAH3_LiuJordan1960
4500,7,7,11,0.441482,31.912,NASA_POWER_SARAH3_LiuJordan1960
4501,7,7,12,0.441482,32.0,NASA_POWER_SARAH3_LiuJordan1960
4502,7,7,13,0.415858,31.912,NASA_POWER_SARAH3_LiuJordan1960
4503,7,7,14,0.366356,31.653,NASA_POWER_SARAH3_LiuJordan1960
4504,7,7,15,0.296349,31.236,NASA_POWER_SARAH3_LiuJordan1960
4505,7,7,16,0.210609,30.682,NASA_POWER_SARAH3_LiuJordan1960
4506,7,7,17,0.114978,30.019,NASA_POWER_SARAH3_LiuJordan1960
4507,7,7,18,0.015974,29.279,NASA_POWER_SARAH3_LiuJordan1960
4508,7,7,19,0.0,28.5,NASA_POWER_SARAH3_LiuJordan1960
4509,7,7,20,0.0,26.75,NASA_POWER_SARAH3_LiuJordan1960
4510,7,7,21,0.0,26.75,NASA_POWER_SARAH3_LiuJordan1960
4511,7,7,22,0.0,26.75,NASA_POWER_SARAH3_LiuJordan1960
4512,7,7,23,0.0,26.75,NASA_POWER_SARAH3_LiuJordan1960
4513,7,8,0,0.0,26.75,NASA_POWER_SARAH3_LiuJordan1960
4514,7,8,1,0.0,26.75,NASA_POWER_SARAH3_LiuJordan1960
4515,7,8,2,0.0,26.75,NASA_POWER_SARAH3_LiuJordan1960
4516,7,8,3,0.0,26.75,NASA_POWER_SARAH3_LiuJordan1960
4517,7,8,4,0.0,26.75,NASA_POWER_SARAH3_LiuJordan1960
4518,7,8,5,0.019202,28.5,NASA_POWER_SARAH3_LiuJordan1960
4519,7,8,6,0.14095,29.279,NASA_POWER_SARAH3_LiuJordan1960
4520,7,8,7,0.25855,30.019,NASA_POWER_SARAH3_LiuJordan1960
4521,7,8,8,0.363988,30.682,NASA_POWER_SARAH3_LiuJordan1960
4522,7,8,9,0.450077,31.236,NASA_POWER_SARAH3_LiuJordan1960
4523,7,8,10,0.510951,31.653,NASA_POWER_SARAH3_LiuJordan1960
4524,7,8,11,0.542462,31.912,NASA_POWER_SARAH3_LiuJordan1960
4525,7,8,12,0.542462,32.0,NASA_POWER_SARAH3_LiuJordan1960
4526,7,8,13,0.510951,31.912,NASA_POWER_SARAH3_LiuJordan1960
4527,7,8,14,0.450077,31.653,NASA_POWER_SARAH3_LiuJordan1960
4528,7,8,15,0.363988,31.236,NASA_POWER_SARAH3_LiuJordan1960
4529,7,8,16,0.25855,30.682,NASA_POWER_SARAH3_LiuJordan1960
4530,7,8,17,0.14095,30.019,NASA_POWER_SARAH3_LiuJordan1960
4531,7,8,18,0.019202,29.279,NASA_POWER_SARAH3_LiuJordan1960
4532,7,8,19,0.0,28.5,NASA_POWER_SARAH3_LiuJordan1960
4533,7,8,20,0.0,26.75,NASA_POWER_SARAH3_LiuJordan1960
4534,7,8,21,0.0,26.75,NASA_POWER_SARAH3_LiuJordan1960
4535,7,8,22,0.0,26.75,NASA_POWER_SARAH3_LiuJordan1960
4536,7,8,23,0.0,26.75,NASA_POWER_SARAH3_LiuJordan1960
4537,7,9,0,0.0,26.75,NASA_POWER_SARAH3_LiuJordan1960
4538,7,9,1,0.0,26.75,NASA_POWER_SARAH3_LiuJordan1960
4539,7,9,2,0.0,26.75,NASA_POWER_SARAH3_LiuJordan1960
4540,7,9,3,0.0,26.75,NASA_POWER_SARAH3_LiuJordan1960
4541,7,9,4,0.0,26.75,NASA_POWER_SARAH3_LiuJordan1960
4542,7,9,5,0.01209,28.5,NASA_POWER_SARAH3_LiuJordan1960
4543,7,9,6,0.090655,29.279,NASA_POWER_SARAH3_LiuJordan1960
4544,7,9,7,0.166543,30.019,NASA_POWER_SARAH3_LiuJordan1960
4545,7,9,8,0.234582,30.682,NASA_POWER_SARAH3_LiuJordan1960
4546,7,9,9,0.290136,31.236,NASA_POWER_SARAH3_LiuJordan1960
4547,7,9,10,0.329419,31.653,NASA_POWER_SARAH3_LiuJordan1960
4548,7,9,11,0.349753,31.912,NASA_POWER_SARAH3_LiuJordan1960
4549,7,9,12,0.349753,32.0,NASA_POWER_SARAH3_LiuJordan1960
4550,7,9,13,0.329419,31.912,NASA_POWER_SARAH3_LiuJordan1960
4551,7,9,14,0.290136,31.653,NASA_POWER_SARAH3_LiuJordan1960
4552,7,9,15,0.234582,31.236,NASA_POWER_SARAH3_LiuJordan1960
4553,7,9,16,0.166543,30.682,NASA_POWER_SARAH3_LiuJordan1960
4554,7,9,17,0.090655,30.019,NASA_POWER_SARAH3_LiuJordan1960
4555,7,9,18,0.01209,29.279,NASA_POWER_SARAH3_LiuJordan1960
4556,7,9,19,0.0,28.5,NASA_POWER_SARAH3_LiuJordan1960
4557,7,9,20,0.0,26.75,NASA_POWER_SARAH3_LiuJordan1960
4558,7,9,21,0.0,26.75,NASA_POWER_SARAH3_LiuJordan1960
4559,7,9,22,0.0,26.75,NASA_POWER_SARAH3_LiuJordan1960
4560,7,9,23,0.0,26.75,NASA_POWER_SARAH3_LiuJordan1960
4561,7,10,0,0.0,26.75,NASA_POWER_SARAH3_LiuJordan1960
4562,7,10,1,0.0,26.75,NASA_POWER_SARAH3_LiuJordan1960
4563,7,10,2,0.0,26.75,NASA_POWER_SARAH3_LiuJordan1960
4564,7,10,3,0.0,26.75,NASA_POWER_SARAH3_LiuJordan1960
4565,7,10,4,0.0,26.75,NASA_POWER_SARAH3_LiuJordan1960
4566,7,10,5,0.013141,28.5,NASA_POWER_SARAH3_LiuJordan1960
4567,7,10,6,0.100841,29.279,NASA_POWER_SARAH3_LiuJordan1960
4568,7,10,7,0.185553,30.019,NASA_POWER_SARAH3_LiuJordan1960
4569,7,10,8,0.261503,30.682,NASA_POWER_SARAH3_LiuJordan1960
4570,7,10,9,0.323516,31.236,NASA_POWER_SARAH3_LiuJordan1960
4571,7,10,10,0.367366,31.653,NASA_POWER_SARAH3_LiuJordan1960
4572,7,10,11,0.390065,31.912,NASA_POWER_SARAH3_LiuJordan1960
4573,7,10,12,0.390065,32.0,NASA_POWER_SARAH3_LiuJordan1960
4574,7,10,13,0.367366,31.912,NASA_POWER_SARAH3_LiuJordan1960
4575,7,10,14,0.323516,31.653,NASA_POWER_SARAH3_LiuJordan1960
4576,7,10,15,0.261503,31.236,NASA_POWER_SARAH3_LiuJordan1960
4577,7,10,16,0.185553,30.682,NASA_POWER_SARAH3_LiuJordan1960
4578,7,10,17,0.100841,30.019,NASA_POWER_SARAH3_LiuJordan1960
4579,7,10,18,0.013141,29.279,NASA_POWER_SARAH3_LiuJordan1960
4580,7,10,19,0.0,28.5,NASA_POWER_SARAH3_LiuJordan1960
4581,7,10,20,0.0,26.75,NASA_POWER_SARAH3_LiuJordan1960
4582,7,10,21,0.0,26.75,NASA_POWER_SARAH3_LiuJordan1960
4583,7,10,22,0.0,26.75,NASA_POWER_SARAH3_LiuJordan1960
4584,7,10,23,0.0,26.75,NASA_POWER_SARAH3_LiuJordan1960
4585,7,11,0,0.0,26.75,NASA_POWER_SARAH3_LiuJordan1960
4586,7,11,1,0.0,26.75,NASA_POWER_SARAH3_LiuJordan1960
4587,7,11,2,0.0,26.75,NASA_POWER_SARAH3_LiuJordan1960
4588,7,11,3,0.0,26.75,NASA_POWER_SARAH3_LiuJordan1960
4589,7,11,4,0.0,26.75,NASA_POWER_SARAH3_LiuJordan1960
4590,7,11,5,0.0104,28.5,NASA_POWER_SARAH3_LiuJordan1960
4591,7,11,6,0.081829,29.279,NASA_POWER_SARAH3_LiuJordan1960
4592,7,11,7,0.150824,30.019,NASA_POWER_SARAH3_LiuJordan1960
4593,7,11,8,0.212684,30.682,NASA_POWER_SARAH3_LiuJordan1960
4594,7,11,9,0.263192,31.236,NASA_POWER_SARAH3_LiuJordan1960
4595,7,11,10,0.298907,31.653,NASA_POWER_SARAH3_LiuJordan1960
4596,7,11,11,0.317394,31.912,NASA_POWER_SARAH3_LiuJordan1960
4597,7,11,12,0.317394,32.0,NASA_POWER_SARAH3_LiuJordan1960
4598,7,11,13,0.298907,31.912,NASA_POWER_SARAH3_LiuJordan1960
4599,7,11,14,0.263192,31.653,NASA_POWER_SARAH3_LiuJordan1960
4600,7,11,15,0.212684,31.236,NASA_POWER_SARAH3_LiuJordan1960
4601,7,11,16,0.150824,30.682,NASA_POWER_SARAH3_LiuJordan1960
4602,7,11,17,0.081829,30.019,NASA_POWER_SARAH3_LiuJordan1960
4603,7,11,18,0.0104,29.279,NASA_POWER_SARAH3_LiuJordan1960
4604,7,11,19,0.0,28.5,NASA_POWER_SARAH3_LiuJordan1960
4605,7,11,20,0.0,26.75,NASA_POWER_SARAH3_LiuJordan1960
4606,7,11,21,0.0,26.75,NASA_POWER_SARAH3_LiuJordan1960
4607,7,11,22,0.0,26.75,NASA_POWER_SARAH3_LiuJordan1960
4608,7,11,23,0.0,26.75,NASA_POWER_SARAH3_LiuJordan1960
4609,7,12,0,0.0,26.75,NASA_POWER_SARAH3_LiuJordan1960
4610,7,12,1,0.0,26.75,NASA_POWER_SARAH3_LiuJordan1960
4611,7,12,2,0.0,26.75,NASA_POWER_SARAH3_LiuJordan1960
4612,7,12,3,0.0,26.75,NASA_POWER_SARAH3_LiuJordan1960
4613,7,12,4,0.0,26.75,NASA_POWER_SARAH3_LiuJordan1960
4614,7,12,5,0.01135,28.5,NASA_POWER_SARAH3_LiuJordan1960
4615,7,12,6,0.091766,29.279,NASA_POWER_SARAH3_LiuJordan1960
4616,7,12,7,0.169442,30.019,NASA_POWER_SARAH3_LiuJordan1960
4617,7,12,8,0.239084,30.682,NASA_POWER_SARAH3_LiuJordan1960
4618,7,12,9,0.295947,31.236,NASA_POWER_SARAH3_LiuJordan1960
4619,7,12,10,0.336155,31.653,NASA_POWER_SARAH3_LiuJordan1960
4620,7,12,11,0.356968,31.912,NASA_POWER_SARAH3_LiuJordan1960
4621,7,12,12,0.356968,32.0,NASA_POWER_SARAH3_LiuJordan1960
4622,7,12,13,0.336155,31.912,NASA_POWER_SARAH3_LiuJordan1960
4623,7,12,14,0.295947,31.653,NASA_POWER_SARAH3_LiuJordan1960
4624,7,12,15,0.239084,31.236,NASA_POWER_SARAH3_LiuJordan1960
4625,7,12,16,0.169442,30.682,NASA_POWER_SARAH3_LiuJordan1960
4626,7,12,17,0.091766,30.019,NASA_POWER_SARAH3_LiuJordan1960
4627,7,12,18,0.01135,29.279,NASA_POWER_SARAH3_LiuJordan1960
4628,7,12,19,0.0,28.5,NASA_POWER_SARAH3_LiuJordan1960
4629,7,12,20,0.0,26.75,NASA_POWER_SARAH3_LiuJordan1960
4630,7,12,21,0.0,26.75,NASA_POWER_SARAH3_LiuJordan1960
4631,7,12,22,0.0,26.75,NASA_POWER_SARAH3_LiuJordan1960
4632,7,12,23,0.0,26.75,NASA_POWER_SARAH3_LiuJordan1960
4633,7,13,0,0.0,26.75,NASA_POWER_SARAH3_LiuJordan1960
4634,7,13,1,0.0,26.75,NASA_POWER_SARAH3_LiuJordan1960
4635,7,13,2,0.0,26.75,NASA_POWER_SARAH3_LiuJordan1960
4636,7,13,3,0.0,26.75,NASA_POWER_SARAH3_LiuJordan1960
4637,7,13,4,0.0,26.75,NASA_POWER_SARAH3_LiuJordan1960
4638,7,13,5,0.01292,28.5,NASA_POWER_SARAH3_LiuJordan1960
4639,7,13,6,0.107582,29.279,NASA_POWER_SARAH3_LiuJordan1960
4640,7,13,7,0.199018,30.019,NASA_POWER_SARAH3_LiuJordan1960
4641,7,13,8,0.280998,30.682,NASA_POWER_SARAH3_LiuJordan1960
4642,7,13,9,0.347933,31.236,NASA_POWER_SARAH3_LiuJordan1960
4643,7,13,10,0.395264,31.653,NASA_POWER_SARAH3_LiuJordan1960
4644,7,13,11,0.419765,31.912,NASA_POWER_SARAH3_LiuJordan1960
4645,7,13,12,0.419765,32.0,NASA_POWER_SARAH3_LiuJordan1960
4646,7,13,13,0.395264,31.912,NASA_POWER_SARAH3_LiuJordan1960
4647,7,13,14,0.347933,31.653,NASA_POWER_SARAH3_LiuJordan1960
4648,7,13,15,0.280998,31.236,NASA_POWER_SARAH3_LiuJordan1960
4649,7,13,16,0.199018,30.682,NASA_POWER_SARAH3_LiuJordan1960
4650,7,13,17,0.107582,30.019,NASA_POWER_SARAH3_LiuJordan1960
4651,7,13,18,0.01292,29.279,NASA_POWER_SARAH3_LiuJordan1960
4652,7,13,19,0.0,28.5,NASA_POWER_SARAH3_LiuJordan1960
4653,7,13,20,0.0,26.75,NASA_POWER_SARAH3_LiuJordan1960
4654,7,13,21,0.0,26.75,NASA_POWER_SARAH3_LiuJordan1960
4655,7,13,22,0.0,26.75,NASA_POWER_SARAH3_LiuJordan1960
4656,7,13,23,0.0,26.75,NASA_POWER_SARAH3_LiuJordan1960
4657,7,14,0,0.0,26.75,NASA_POWER_SARAH3_LiuJordan1960
4658,7,14,1,0.0,26.75,NASA_POWER_SARAH3_LiuJordan1960
4659,7,14,2,0.0,26.75,NASA_POWER_SARAH3_LiuJordan1960
4660,7,14,3,0.0,26.75,NASA_POWER_SARAH3_LiuJordan1960
4661,7,14,4,0.0,26.75,NASA_POWER_SARAH3_LiuJordan1960
4662,7,14,5,0.007283,28.5,NASA_POWER_SARAH3_LiuJordan1960
4663,7,14,6,0.06261,29.279,NASA_POWER_SARAH3_LiuJordan1960
4664,7,14,7,0.116052,30.019,NASA_POWER_SARAH3_LiuJordan1960
4665,7,14,8,0.163967,30.682,NASA_POWER_SARAH3_LiuJordan1960
4666,7,14,9,0.203089,31.236,NASA_POWER_SARAH3_LiuJordan1960
4667,7,14,10,0.230752,31.653,NASA_POWER_SARAH3_LiuJordan1960
4668,7,14,11,0.245072,31.912,NASA_POWER_SARAH3_LiuJordan1960
4669,7,14,12,0.245072,32.0,NASA_POWER_SARAH3_LiuJordan1960
4670,7,14,13,0.230752,31.912,NASA_POWER_SARAH3_LiuJordan1960
4671,7,14,14,0.203089,31.653,NASA_POWER_SARAH3_LiuJordan1960
4672,7,14,15,0.163967,31.236,NASA_POWER_SARAH3_LiuJordan1960
4673,7,14,16,0.116052,30.682,NASA_POWER_SARAH3_LiuJordan1960
4674,7,14,17,0.06261,30.019,NASA_POWER_SARAH3_LiuJordan1960
4675,7,14,18,0.007283,29.279,NASA_POWER_SARAH3_LiuJordan1960
4676,7,14,19,0.0,28.5,NASA_POWER_SARAH3_LiuJordan1960
4677,7,14,20,0.0,26.75,NASA_POWER_SARAH3_LiuJordan1960
4678,7,14,21,0.0,26.75,NASA_POWER_SARAH3_LiuJordan1960
4679,7,14,22,0.0,26.75,NASA_POWER_SARAH3_LiuJordan1960
4680,7,14,23,0.0,26.75,NASA_POWER_SARAH3_LiuJordan1960
4681,7,15,0,0.0,26.75,NASA_POWER_SARAH3_LiuJordan1960
4682,7,15,1,0.0,26.75,NASA_POWER_SARAH3_LiuJordan1960
4683,7,15,2,0.0,26.75,NASA_POWER_SARAH3_LiuJordan1960
4684,7,15,3,0.0,26.75,NASA_POWER_SARAH3_LiuJordan1960
4685,7,15,4,0.0,26.75,NASA_POWER_SARAH3_LiuJordan1960
4686,7,15,5,0.012018,28.5,NASA_POWER_SARAH3_LiuJordan1960
4687,7,15,6,0.106952,29.279,NASA_POWER_SARAH3_LiuJordan1960
4688,7,15,7,0.198651,30.019,NASA_POWER_SARAH3_LiuJordan1960
4689,7,15,8,0.280866,30.682,NASA_POWER_SARAH3_LiuJordan1960
4690,7,15,9,0.347995,31.236,NASA_POWER_SARAH3_LiuJordan1960
4691,7,15,10,0.395462,31.653,NASA_POWER_SARAH3_LiuJordan1960
4692,7,15,11,0.420033,31.912,NASA_POWER_SARAH3_LiuJordan1960
4693,7,15,12,0.420033,32.0,NASA_POWER_SARAH3_LiuJordan1960
4694,7,15,13,0.395462,31.912,NASA_POWER_SARAH3_LiuJordan1960
4695,7,15,14,0.347995,31.653,NASA_POWER_SARAH3_LiuJordan1960
4696,7,15,15,0.280866,31.236,NASA_POWER_SARAH3_LiuJordan1960
4697,7,15,16,0.198651,30.682,NASA_POWER_SARAH3_LiuJordan1960
4698,7,15,17,0.106952,30.019,NASA_POWER_SARAH3_LiuJordan1960
4699,7,15,18,0.012018,29.279,NASA_POWER_SARAH3_LiuJordan1960
4700,7,15,19,0.0,28.5,NASA_POWER_SARAH3_LiuJordan1960
4701,7,15,20,0.0,26.75,NASA_POWER_SARAH3_LiuJordan1960
4702,7,15,21,0.0,26.75,NASA_POWER_SARAH3_LiuJordan1960
4703,7,15,22,0.0,26.75,NASA_POWER_SARAH3_LiuJordan1960
4704,7,15,23,0.0,26.75,NASA_POWER_SARAH3_LiuJordan1960
4705,7,16,0,0.0,26.75,NASA_POWER_SARAH3_LiuJordan1960
4706,7,16,1,0.0,26.75,NASA_POWER_SARAH3_LiuJordan1960
4707,7,16,2,0.0,26.75,NASA_POWER_SARAH3_LiuJordan1960
4708,7,16,3,0.0,26.75,NASA_POWER_SARAH3_LiuJordan1960
4709,7,16,4,0.0,26.75,NASA_POWER_SARAH3_LiuJordan1960
4710,7,16,5,0.010715,28.5,NASA_POWER_SARAH3_LiuJordan1960
4711,7,16,6,0.099006,29.279,NASA_POWER_SARAH3_LiuJordan1960
4712,7,16,7,0.18429,30.019,NASA_POWER_SARAH3_LiuJordan1960
4713,7,16,8,0.260752,30.682,NASA_POWER_SARAH3_LiuJordan1960
4714,7,16,9,0.323184,31.236,NASA_POWER_SARAH3_LiuJordan1960
4715,7,16,10,0.36733,31.653,NASA_POWER_SARAH3_LiuJordan1960
4716,7,16,11,0.390181,31.912,NASA_POWER_SARAH3_LiuJordan1960
4717,7,16,12,0.390181,32.0,NASA_POWER_SARAH3_LiuJordan1960
4718,7,16,13,0.36733,31.912,NASA_POWER_SARAH3_LiuJordan1960
4719,7,16,14,0.323184,31.653,NASA_POWER_SARAH3_LiuJordan1960
4720,7,16,15,0.260752,31.236,NASA_POWER_SARAH3_LiuJordan1960
4721,7,16,16,0.18429,30.682,NASA_POWER_SARAH3_LiuJordan1960
4722,7,16,17,0.099006,30.019,NASA_POWER_SARAH3_LiuJordan1960
4723,7,16,18,0.010715,29.279,NASA_POWER_SARAH3_LiuJordan1960
4724,7,16,19,0.0,28.5,NASA_POWER_SARAH3_LiuJordan1960
4725,7,16,20,0.0,26.75,NASA_POWER_SARAH3_LiuJordan1960
4726,7,16,21,0.0,26.75,NASA_POWER_SARAH3_LiuJordan1960
4727,7,16,22,0.0,26.75,NASA_POWER_SARAH3_LiuJordan1960
4728,7,16,23,0.0,26.75,NASA_POWER_SARAH3_LiuJordan1960
4729,7,17,0,0.0,26.75,NASA_POWER_SARAH3_LiuJordan1960
4730,7,17,1,0.0,26.75,NASA_POWER_SARAH3_LiuJordan1960
4731,7,17,2,0.0,26.75,NASA_POWER_SARAH3_LiuJordan1960
4732,7,17,3,0.0,26.75,NASA_POWER_SARAH3_LiuJordan1960
4733,7,17,4,0.0,26.75,NASA_POWER_SARAH3_LiuJordan1960
4734,7,17,5,0.012643,28.5,NASA_POWER_SARAH3_LiuJordan1960
4735,7,17,6,0.121709,29.279,NASA_POWER_SARAH3_LiuJordan1960
4736,7,17,7,0.227057,30.019,NASA_POWER_SARAH3_LiuJordan1960
4737,7,17,8,0.321511,30.682,NASA_POWER_SARAH3_LiuJordan1960
4738,7,17,9,0.398631,31.236,NASA_POWER_SARAH3_LiuJordan1960
4739,7,17,10,0.453164,31.653,NASA_POWER_SARAH3_LiuJordan1960
4740,7,17,11,0.481392,31.912,NASA_POWER_SARAH3_LiuJordan1960
4741,7,17,12,0.481392,32.0,NASA_POWER_SARAH3_LiuJordan1960
4742,7,17,13,0.453164,31.912,NASA_POWER_SARAH3_LiuJordan1960
4743,7,17,14,0.398631,31.653,NASA_POWER_SARAH3_LiuJordan1960
4744,7,17,15,0.321511,31.236,NASA_POWER_SARAH3_LiuJordan1960
4745,7,17,16,0.227057,30.682,NASA_POWER_SARAH3_LiuJordan1960
4746,7,17,17,0.121709,30.019,NASA_POWER_SARAH3_LiuJordan1960
4747,7,17,18,0.012643,29.279,NASA_POWER_SARAH3_LiuJordan1960
4748,7,17,19,0.0,28.5,NASA_POWER_SARAH3_LiuJordan1960
4749,7,17,20,0.0,26.75,NASA_POWER_SARAH3_LiuJordan1960
4750,7,17,21,0.0,26.75,NASA_POWER_SARAH3_LiuJordan1960
4751,7,17,22,0.0,26.75,NASA_POWER_SARAH3_LiuJordan1960
4752,7,17,23,0.0,26.75,NASA_POWER_SARAH3_LiuJordan1960
4753,7,18,0,0.0,26.75,NASA_POWER_SARAH3_LiuJordan1960
4754,7,18,1,0.0,26.75,NASA_POWER_SARAH3_LiuJordan1960
4755,7,18,2,0.0,26.75,NASA_POWER_SARAH3_LiuJordan1960
4756,7,18,3,0.0,26.75,NASA_POWER_SARAH3_LiuJordan1960
4757,7,18,4,0.0,26.75,NASA_POWER_SARAH3_LiuJordan1960
4758,7,18,5,0.013419,28.5,NASA_POWER_SARAH3_LiuJordan1960
4759,7,18,6,0.135073,29.279,NASA_POWER_SARAH3_LiuJordan1960
4760,7,18,7,0.252581,30.019,NASA_POWER_SARAH3_LiuJordan1960
4761,7,18,8,0.357936,30.682,NASA_POWER_SARAH3_LiuJordan1960
4762,7,18,9,0.443958,31.236,NASA_POWER_SARAH3_LiuJordan1960
4763,7,18,10,0.504785,31.653,NASA_POWER_SARAH3_LiuJordan1960
4764,7,18,11,0.536271,31.912,NASA_POWER_SARAH3_LiuJordan1960
4765,7,18,12,0.536271,32.0,NASA_POWER_SARAH3_LiuJordan1960
4766,7,18,13,0.504785,31.912,NASA_POWER_SARAH3_LiuJordan1960
4767,7,18,14,0.443958,31.653,NASA_POWER_SARAH3_LiuJordan1960
4768,7,18,15,0.357936,31.236,NASA_POWER_SARAH3_LiuJordan1960
4769,7,18,16,0.252581,30.682,NASA_POWER_SARAH3_LiuJordan1960
4770,7,18,17,0.135073,30.019,NASA_POWER_SARAH3_LiuJordan1960
4771,7,18,18,0.013419,29.279,NASA_POWER_SARAH3_LiuJordan1960
4772,7,18,19,0.0,28.5,NASA_POWER_SARAH3_LiuJordan1960
4773,7,18,20,0.0,26.75,NASA_POWER_SARAH3_LiuJordan1960
4774,7,18,21,0.0,26.75,NASA_POWER_SARAH3_LiuJordan1960
4775,7,18,22,0.0,26.75,NASA_POWER_SARAH3_LiuJordan1960
4776,7,18,23,0.0,26.75,NASA_POWER_SARAH3_LiuJordan1960
4777,7,19,0,0.0,26.75,NASA_POWER_SARAH3_LiuJordan1960
4778,7,19,1,0.0,26.75,NASA_POWER_SARAH3_LiuJordan1960
4779,7,19,2,0.0,26.75,NASA_POWER_SARAH3_LiuJordan1960
4780,7,19,3,0.0,26.75,NASA_POWER_SARAH3_LiuJordan1960
4781,7,19,4,0.0,26.75,NASA_POWER_SARAH3_LiuJordan1960
4782,7,19,5,0.006606,28.5,NASA_POWER_SARAH3_LiuJordan1960
4783,7,19,6,0.069813,29.279,NASA_POWER_SARAH3_LiuJordan1960
4784,7,19,7,0.130866,30.019,NASA_POWER_SARAH3_LiuJordan1960
4785,7,19,8,0.185605,30.682,NASA_POWER_SARAH3_LiuJordan1960
4786,7,19,9,0.230299,31.236,NASA_POWER_SARAH3_LiuJordan1960
4787,7,19,10,0.261902,31.653,NASA_POWER_SARAH3_LiuJordan1960
4788,7,19,11,0.278261,31.912,NASA_POWER_SARAH3_LiuJordan1960
4789,7,19,12,0.278261,32.0,NASA_POWER_SARAH3_LiuJordan1960
4790,7,19,13,0.261902,31.912,NASA_POWER_SARAH3_LiuJordan1960
4791,7,19,14,0.230299,31.653,NASA_POWER_SARAH3_LiuJordan1960
4792,7,19,15,0.185605,31.236,NASA_POWER_SARAH3_LiuJordan1960
4793,7,19,16,0.130866,30.682,NASA_POWER_SARAH3_LiuJordan1960
4794,7,19,17,0.069813,30.019,NASA_POWER_SARAH3_LiuJordan1960
4795,7,19,18,0.006606,29.279,NASA_POWER_SARAH3_LiuJordan1960
4796,7,19,19,0.0,28.5,NASA_POWER_SARAH3_LiuJordan1960
4797,7,19,20,0.0,26.75,NASA_POWER_SARAH3_LiuJordan1960
4798,7,19,21,0.0,26.75,NASA_POWER_SARAH3_LiuJordan1960
4799,7,19,22,0.0,26.75,NASA_POWER_SARAH3_LiuJordan1960
4800,7,19,23,0.0,26.75,NASA_POWER_SARAH3_LiuJordan1960
4801,7,20,0,0.0,26.75,NASA_POWER_SARAH3_LiuJordan1960
4802,7,20,1,0.0,26.75,NASA_POWER_SARAH3_LiuJordan1960
4803,7,20,2,0.0,26.75,NASA_POWER_SARAH3_LiuJordan1960
4804,7,20,3,0.0,26.75,NASA_POWER_SARAH3_LiuJordan1960
4805,7,20,4,0.0,26.75,NASA_POWER_SARAH3_LiuJordan1960
4806,7,20,5,0.008401,28.5,NASA_POWER_SARAH3_LiuJordan1960
4807,7,20,6,0.093668,29.279,NASA_POWER_SARAH3_LiuJordan1960
4808,7,20,7,0.17603,30.019,NASA_POWER_SARAH3_LiuJordan1960
4809,7,20,8,0.249874,30.682,NASA_POWER_SARAH3_LiuJordan1960
4810,7,20,9,0.310167,31.236,NASA_POWER_SARAH3_LiuJordan1960
4811,7,20,10,0.352801,31.653,NASA_POWER_SARAH3_LiuJordan1960
4812,7,20,11,0.37487,31.912,NASA_POWER_SARAH3_LiuJordan1960
4813,7,20,12,0.37487,32.0,NASA_POWER_SARAH3_LiuJordan1960
4814,7,20,13,0.352801,31.912,NASA_POWER_SARAH3_LiuJordan1960
4815,7,20,14,0.310167,31.653,NASA_POWER_SARAH3_LiuJordan1960
4816,7,20,15,0.249874,31.236,NASA_POWER_SARAH3_LiuJordan1960
4817,7,20,16,0.17603,30.682,NASA_POWER_SARAH3_LiuJordan1960
4818,7,20,17,0.093668,30.019,NASA_POWER_SARAH3_LiuJordan1960
4819,7,20,18,0.008401,29.279,NASA_POWER_SARAH3_LiuJordan1960
4820,7,20,19,0.0,28.5,NASA_POWER_SARAH3_LiuJordan1960
4821,7,20,20,0.0,26.75,NASA_POWER_SARAH3_LiuJordan1960
4822,7,20,21,0.0,26.75,NASA_POWER_SARAH3_LiuJordan1960
4823,7,20,22,0.0,26.75,NASA_POWER_SARAH3_LiuJordan1960
4824,7,20,23,0.0,26.75,NASA_POWER_SARAH3_LiuJordan1960
4825,7,21,0,0.0,26.75,NASA_POWER_SARAH3_LiuJordan1960
4826,7,21,1,0.0,26.75,NASA_POWER_SARAH3_LiuJordan1960
4827,7,21,2,0.0,26.75,NASA_POWER_SARAH3_LiuJordan1960
4828,7,21,3,0.0,26.75,NASA_POWER_SARAH3_LiuJordan1960
4829,7,21,4,0.0,26.75,NASA_POWER_SARAH3_LiuJordan1960
4830,7,21,5,0.0076,28.5,NASA_POWER_SARAH3_LiuJordan1960
4831,7,21,6,0.089882,29.279,NASA_POWER_SARAH3_LiuJordan1960
4832,7,21,7,0.169361,30.019,NASA_POWER_SARAH3_LiuJordan1960
4833,7,21,8,0.24062,30.682,NASA_POWER_SARAH3_LiuJordan1960
4834,7,21,9,0.298802,31.236,NASA_POWER_SARAH3_LiuJordan1960
4835,7,21,10,0.339944,31.653,NASA_POWER_SARAH3_LiuJordan1960
4836,7,21,11,0.36124,31.912,NASA_POWER_SARAH3_LiuJordan1960
4837,7,21,12,0.36124,32.0,NASA_POWER_SARAH3_LiuJordan1960
4838,7,21,13,0.339944,31.912,NASA_POWER_SARAH3_LiuJordan1960
4839,7,21,14,0.298802,31.653,NASA_POWER_SARAH3_LiuJordan1960
4840,7,21,15,0.24062,31.236,NASA_POWER_SARAH3_LiuJordan1960
4841,7,21,16,0.169361,30.682,NASA_POWER_SARAH3_LiuJordan1960
4842,7,21,17,0.089882,30.019,NASA_POWER_SARAH3_LiuJordan1960
4843,7,21,18,0.0076,29.279,NASA_POWER_SARAH3_LiuJordan1960
4844,7,21,19,0.0,28.5,NASA_POWER_SARAH3_LiuJordan1960
4845,7,21,20,0.0,26.75,NASA_POWER_SARAH3_LiuJordan1960
4846,7,21,21,0.0,26.75,NASA_POWER_SARAH3_LiuJordan1960
4847,7,21,22,0.0,26.75,NASA_POWER_SARAH3_LiuJordan1960
4848,7,21,23,0.0,26.75,NASA_POWER_SARAH3_LiuJordan1960
4849,7,22,0,0.0,26.75,NASA_POWER_SARAH3_LiuJordan1960
4850,7,22,1,0.0,26.75,NASA_POWER_SARAH3_LiuJordan1960
4851,7,22,2,0.0,26.75,NASA_POWER_SARAH3_LiuJordan1960
4852,7,22,3,0.0,26.75,NASA_POWER_SARAH3_LiuJordan1960
4853,7,22,4,0.0,26.75,NASA_POWER_SARAH3_LiuJordan1960
4854,7,22,5,0.008284,28.5,NASA_POWER_SARAH3_LiuJordan1960
4855,7,22,6,0.104584,29.279,NASA_POWER_SARAH3_LiuJordan1960
4856,7,22,7,0.197602,30.019,NASA_POWER_SARAH3_LiuJordan1960
4857,7,22,8,0.280999,30.682,NASA_POWER_SARAH3_LiuJordan1960
4858,7,22,9,0.349093,31.236,NASA_POWER_SARAH3_LiuJordan1960
4859,7,22,10,0.397243,31.653,NASA_POWER_SARAH3_LiuJordan1960
4860,7,22,11,0.422167,31.912,NASA_POWER_SARAH3_LiuJordan1960
4861,7,22,12,0.422167,32.0,NASA_POWER_SARAH3_LiuJordan1960
4862,7,22,13,0.397243,31.912,NASA_POWER_SARAH3_LiuJordan1960
4863,7,22,14,0.349093,31.653,NASA_POWER_SARAH3_LiuJordan1960
4864,7,22,15,0.280999,31.236,NASA_POWER_SARAH3_LiuJordan1960
4865,7,22,16,0.197602,30.682,NASA_POWER_SARAH3_LiuJordan1960
4866,7,22,17,0.104584,30.019,NASA_POWER_SARAH3_LiuJordan1960
4867,7,22,18,0.008284,29.279,NASA_POWER_SARAH3_LiuJordan1960
4868,7,22,19,0.0,28.5,NASA_POWER_SARAH3_LiuJordan1960
4869,7,22,20,0.0,26.75,NASA_POWER_SARAH3_LiuJordan1960
4870,7,22,21,0.0,26.75,NASA_POWER_SARAH3_LiuJordan1960
4871,7,22,22,0.0,26.75,NASA_POWER_SARAH3_LiuJordan1960
4872,7,22,23,0.0,26.75,NASA_POWER_SARAH3_LiuJordan1960
4873,7,23,0,0.0,26.75,NASA_POWER_SARAH3_LiuJordan1960
4874,7,23,1,0.0,26.75,NASA_POWER_SARAH3_LiuJordan1960
4875,7,23,2,0.0,26.75,NASA_POWER_SARAH3_LiuJordan1960
4876,7,23,3,0.0,26.75,NASA_POWER_SARAH3_LiuJordan1960
4877,7,23,4,0.0,26.75,NASA_POWER_SARAH3_LiuJordan1960
4878,7,23,5,0.007799,28.5,NASA_POWER_SARAH3_LiuJordan1960
4879,7,23,6,0.105876,29.279,NASA_POWER_SARAH3_LiuJordan1960
4880,7,23,7,0.200611,30.019,NASA_POWER_SARAH3_LiuJordan1960
4881,7,23,8,0.285548,30.682,NASA_POWER_SARAH3_LiuJordan1960
4882,7,23,9,0.354899,31.236,NASA_POWER_SARAH3_LiuJordan1960
4883,7,23,10,0.403937,31.653,NASA_POWER_SARAH3_LiuJordan1960
4884,7,23,11,0.429321,31.912,NASA_POWER_SARAH3_LiuJordan1960
4885,7,23,12,0.429321,32.0,NASA_POWER_SARAH3_LiuJordan1960
4886,7,23,13,0.403937,31.912,NASA_POWER_SARAH3_LiuJordan1960
4887,7,23,14,0.354899,31.653,NASA_POWER_SARAH3_LiuJordan1960
4888,7,23,15,0.285548,31.236,NASA_POWER_SARAH3_LiuJordan1960
4889,7,23,16,0.200611,30.682,NASA_POWER_SARAH3_LiuJordan1960
4890,7,23,17,0.105876,30.019,NASA_POWER_SARAH3_LiuJordan1960
4891,7,23,18,0.007799,29.279,NASA_POWER_SARAH3_LiuJordan1960
4892,7,23,19,0.0,28.5,NASA_POWER_SARAH3_LiuJordan1960
4893,7,23,20,0.0,26.75,NASA_POWER_SARAH3_LiuJordan1960
4894,7,23,21,0.0,26.75,NASA_POWER_SARAH3_LiuJordan1960
4895,7,23,22,0.0,26.75,NASA_POWER_SARAH3_LiuJordan1960
4896,7,23,23,0.0,26.75,NASA_POWER_SARAH3_LiuJordan1960
4897,7,24,0,0.0,26.75,NASA_POWER_SARAH3_LiuJordan1960
4898,7,24,1,0.0,26.75,NASA_POWER_SARAH3_LiuJordan1960
4899,7,24,2,0.0,26.75,NASA_POWER_SARAH3_LiuJordan1960
4900,7,24,3,0.0,26.75,NASA_POWER_SARAH3_LiuJordan1960
4901,7,24,4,0.0,26.75,NASA_POWER_SARAH3_LiuJordan1960
4902,7,24,5,0.009254,28.5,NASA_POWER_SARAH3_LiuJordan1960
4903,7,24,6,0.1363,29.279,NASA_POWER_SARAH3_LiuJordan1960
4904,7,24,7,0.259016,30.019,NASA_POWER_SARAH3_LiuJordan1960
4905,7,24,8,0.369041,30.682,NASA_POWER_SARAH3_LiuJordan1960
4906,7,24,9,0.458876,31.236,NASA_POWER_SARAH3_LiuJordan1960
4907,7,24,10,0.522399,31.653,NASA_POWER_SARAH3_LiuJordan1960
4908,7,24,11,0.55528,31.912,NASA_POWER_SARAH3_LiuJordan1960
4909,7,24,12,0.55528,32.0,NASA_POWER_SARAH3_LiuJordan1960
4910,7,24,13,0.522399,31.912,NASA_POWER_SARAH3_LiuJordan1960
4911,7,24,14,0.458876,31.653,NASA_POWER_SARAH3_LiuJordan1960
4912,7,24,15,0.369041,31.236,NASA_POWER_SARAH3_LiuJordan1960
4913,7,24,16,0.259016,30.682,NASA_POWER_SARAH3_LiuJordan1960
4914,7,24,17,0.1363,30.019,NASA_POWER_SARAH3_LiuJordan1960
4915,7,24,18,0.009254,29.279,NASA_POWER_SARAH3_LiuJordan1960
4916,7,24,19,0.0,28.5,NASA_POWER_SARAH3_LiuJordan1960
4917,7,24,20,0.0,26.75,NASA_POWER_SARAH3_LiuJordan1960
4918,7,24,21,0.0,26.75,NASA_POWER_SARAH3_LiuJordan1960
4919,7,24,22,0.0,26.75,NASA_POWER_SARAH3_LiuJordan1960
4920,7,24,23,0.0,26.75,NASA_POWER_SARAH3_LiuJordan1960
4921,7,25,0,0.0,26.75,NASA_POWER_SARAH3_LiuJordan1960
4922,7,25,1,0.0,26.75,NASA_POWER_SARAH3_LiuJordan1960
4923,7,25,2,0.0,26.75,NASA_POWER_SARAH3_LiuJordan1960
4924,7,25,3,0.0,26.75,NASA_POWER_SARAH3_LiuJordan1960
4925,7,25,4,0.0,26.75,NASA_POWER_SARAH3_LiuJordan1960
4926,7,25,5,0.008252,28.5,NASA_POWER_SARAH3_LiuJordan1960
4927,7,25,6,0.133285,29.279,NASA_POWER_SARAH3_LiuJordan1960
4928,7,25,7,0.254059,30.019,NASA_POWER_SARAH3_LiuJordan1960
4929,7,25,8,0.362341,30.682,NASA_POWER_SARAH3_LiuJordan1960
4930,7,25,9,0.450753,31.236,NASA_POWER_SARAH3_LiuJordan1960
4931,7,25,10,0.513269,31.653,NASA_POWER_SARAH3_LiuJordan1960
4932,7,25,11,0.54563,31.912,NASA_POWER_SARAH3_LiuJordan1960
4933,7,25,12,0.54563,32.0,NASA_POWER_SARAH3_LiuJordan1960
4934,7,25,13,0.513269,31.912,NASA_POWER_SARAH3_LiuJordan1960
4935,7,25,14,0.450753,31.653,NASA_POWER_SARAH3_LiuJordan1960
4936,7,25,15,0.362341,31.236,NASA_POWER_SARAH3_LiuJordan1960
4937,7,25,16,0.254059,30.682,NASA_POWER_SARAH3_LiuJordan1960
4938,7,25,17,0.133285,30.019,NASA_POWER_SARAH3_LiuJordan1960
4939,7,25,18,0.008252,29.279,NASA_POWER_SARAH3_LiuJordan1960
4940,7,25,19,0.0,28.5,NASA_POWER_SARAH3_LiuJordan1960
4941,7,25,20,0.0,26.75,NASA_POWER_SARAH3_LiuJordan1960
4942,7,25,21,0.0,26.75,NASA_POWER_SARAH3_LiuJordan1960
4943,7,25,22,0.0,26.75,NASA_POWER_SARAH3_LiuJordan1960
4944,7,25,23,0.0,26.75,NASA_POWER_SARAH3_LiuJordan1960
4945,7,26,0,0.0,26.75,NASA_POWER_SARAH3_LiuJordan1960
4946,7,26,1,0.0,26.75,NASA_POWER_SARAH3_LiuJordan1960
4947,7,26,2,0.0,26.75,NASA_POWER_SARAH3_LiuJordan1960
4948,7,26,3,0.0,26.75,NASA_POWER_SARAH3_LiuJordan1960
4949,7,26,4,0.0,26.75,NASA_POWER_SARAH3_LiuJordan1960
4950,7,26,5,0.006925,28.5,NASA_POWER_SARAH3_LiuJordan1960
4951,7,26,6,0.124315,29.279,NASA_POWER_SARAH3_LiuJordan1960
4952,7,26,7,0.237705,30.019,NASA_POWER_SARAH3_LiuJordan1960
4953,7,26,8,0.339368,30.682,NASA_POWER_SARAH3_LiuJordan1960
4954,7,26,9,0.422375,31.236,NASA_POWER_SARAH3_LiuJordan1960
4955,7,26,10,0.48107,31.653,NASA_POWER_SARAH3_LiuJordan1960
4956,7,26,11,0.511453,31.912,NASA_POWER_SARAH3_LiuJordan1960
4957,7,26,12,0.511453,32.0,NASA_POWER_SARAH3_LiuJordan1960
4958,7,26,13,0.48107,31.912,NASA_POWER_SARAH3_LiuJordan1960
4959,7,26,14,0.422375,31.653,NASA_POWER_SARAH3_LiuJordan1960
4960,7,26,15,0.339368,31.236,NASA_POWER_SARAH3_LiuJordan1960
4961,7,26,16,0.237705,30.682,NASA_POWER_SARAH3_LiuJordan1960
4962,7,26,17,0.124315,30.019,NASA_POWER_SARAH3_LiuJordan1960
4963,7,26,18,0.006925,29.279,NASA_POWER_SARAH3_LiuJordan1960
4964,7,26,19,0.0,28.5,NASA_POWER_SARAH3_LiuJordan1960
4965,7,26,20,0.0,26.75,NASA_POWER_SARAH3_LiuJordan1960
4966,7,26,21,0.0,26.75,NASA_POWER_SARAH3_LiuJordan1960
4967,7,26,22,0.0,26.75,NASA_POWER_SARAH3_LiuJordan1960
4968,7,26,23,0.0,26.75,NASA_POWER_SARAH3_LiuJordan1960
4969,7,27,0,0.0,26.75,NASA_POWER_SARAH3_LiuJordan1960
4970,7,27,1,0.0,26.75,NASA_POWER_SARAH3_LiuJordan1960
4971,7,27,2,0.0,26.75,NASA_POWER_SARAH3_LiuJordan1960
4972,7,27,3,0.0,26.75,NASA_POWER_SARAH3_LiuJordan1960
4973,7,27,4,0.0,26.75,NASA_POWER_SARAH3_LiuJordan1960
4974,7,27,5,0.005198,28.5,NASA_POWER_SARAH3_LiuJordan1960
4975,7,27,6,0.105494,29.279,NASA_POWER_SARAH3_LiuJordan1960
4976,7,27,7,0.202372,30.019,NASA_POWER_SARAH3_LiuJordan1960
4977,7,27,8,0.28923,30.682,NASA_POWER_SARAH3_LiuJordan1960
4978,7,27,9,0.36015,31.236,NASA_POWER_SARAH3_LiuJordan1960
4979,7,27,10,0.410297,31.653,NASA_POWER_SARAH3_LiuJordan1960
4980,7,27,11,0.436256,31.912,NASA_POWER_SARAH3_LiuJordan1960
4981,7,27,12,0.436256,32.0,NASA_POWER_SARAH3_LiuJordan1960
4982,7,27,13,0.410297,31.912,NASA_POWER_SARAH3_LiuJordan1960
4983,7,27,14,0.36015,31.653,NASA_POWER_SARAH3_LiuJordan1960
4984,7,27,15,0.28923,31.236,NASA_POWER_SARAH3_LiuJordan1960
4985,7,27,16,0.202372,30.682,NASA_POWER_SARAH3_LiuJordan1960
4986,7,27,17,0.105494,30.019,NASA_POWER_SARAH3_LiuJordan1960
4987,7,27,18,0.005198,29.279,NASA_POWER_SARAH3_LiuJordan1960
4988,7,27,19,0.0,28.5,NASA_POWER_SARAH3_LiuJordan1960
4989,7,27,20,0.0,26.75,NASA_POWER_SARAH3_LiuJordan1960
4990,7,27,21,0.0,26.75,NASA_POWER_SARAH3_LiuJordan1960
4991,7,27,22,0.0,26.75,NASA_POWER_SARAH3_LiuJordan1960
4992,7,27,23,0.0,26.75,NASA_POWER_SARAH3_LiuJordan1960
4993,7,28,0,0.0,26.75,NASA_POWER_SARAH3_LiuJordan1960
4994,7,28,1,0.0,26.75,NASA_POWER_SARAH3_LiuJordan1960
4995,7,28,2,0.0,26.75,NASA_POWER_SARAH3_LiuJordan1960
4996,7,28,3,0.0,26.75,NASA_POWER_SARAH3_LiuJordan1960
4997,7,28,4,0.0,26.75,NASA_POWER_SARAH3_LiuJordan1960
4998,7,28,5,0.004712,28.5,NASA_POWER_SARAH3_LiuJordan1960
4999,7,28,6,0.110576,29.279,NASA_POWER_SARAH3_LiuJordan1960
5000,7,28,7,0.212832,30.019,NASA_POWER_SARAH3_LiuJordan1960
5001,7,28,8,0.304513,30.682,NASA_POWER_SARAH3_LiuJordan1960
5002,7,28,9,0.37937,31.236,NASA_POWER_SARAH3_LiuJordan1960
5003,7,28,10,0.432302,31.653,NASA_POWER_SARAH3_LiuJordan1960
5004,7,28,11,0.459701,31.912,NASA_POWER_SARAH3_LiuJordan1960
5005,7,28,12,0.459701,32.0,NASA_POWER_SARAH3_LiuJordan1960
5006,7,28,13,0.432302,31.912,NASA_POWER_SARAH3_LiuJordan1960
5007,7,28,14,0.37937,31.653,NASA_POWER_SARAH3_LiuJordan1960
5008,7,28,15,0.304513,31.236,NASA_POWER_SARAH3_LiuJordan1960
5009,7,28,16,0.212832,30.682,NASA_POWER_SARAH3_LiuJordan1960
5010,7,28,17,0.110576,30.019,NASA_POWER_SARAH3_LiuJordan1960
5011,7,28,18,0.004712,29.279,NASA_POWER_SARAH3_LiuJordan1960
5012,7,28,19,0.0,28.5,NASA_POWER_SARAH3_LiuJordan1960
5013,7,28,20,0.0,26.75,NASA_POWER_SARAH3_LiuJordan1960
5014,7,28,21,0.0,26.75,NASA_POWER_SARAH3_LiuJordan1960
5015,7,28,22,0.0,26.75,NASA_POWER_SARAH3_LiuJordan1960
5016,7,28,23,0.0,26.75,NASA_POWER_SARAH3_LiuJordan1960
5017,7,29,0,0.0,26.75,NASA_POWER_SARAH3_LiuJordan1960
5018,7,29,1,0.0,26.75,NASA_POWER_SARAH3_LiuJordan1960
5019,7,29,2,0.0,26.75,NASA_POWER_SARAH3_LiuJordan1960
5020,7,29,3,0.0,26.75,NASA_POWER_SARAH3_LiuJordan1960
5021,7,29,4,0.0,26.75,NASA_POWER_SARAH3_LiuJordan1960
5022,7,29,5,0.003924,28.5,NASA_POWER_SARAH3_LiuJordan1960
5023,7,29,6,0.109869,29.279,NASA_POWER_SARAH3_LiuJordan1960
5024,7,29,7,0.212204,30.019,NASA_POWER_SARAH3_LiuJordan1960
5025,7,29,8,0.303956,30.682,NASA_POWER_SARAH3_LiuJordan1960
5026,7,29,9,0.378871,31.236,NASA_POWER_SARAH3_LiuJordan1960
5027,7,29,10,0.431843,31.653,NASA_POWER_SARAH3_LiuJordan1960
5028,7,29,11,0.459264,31.912,NASA_POWER_SARAH3_LiuJordan1960
5029,7,29,12,0.459264,32.0,NASA_POWER_SARAH3_LiuJordan1960
5030,7,29,13,0.431843,31.912,NASA_POWER_SARAH3_LiuJordan1960
5031,7,29,14,0.378871,31.653,NASA_POWER_SARAH3_LiuJordan1960
5032,7,29,15,0.303956,31.236,NASA_POWER_SARAH3_LiuJordan1960
5033,7,29,16,0.212204,30.682,NASA_POWER_SARAH3_LiuJordan1960
5034,7,29,17,0.109869,30.019,NASA_POWER_SARAH3_LiuJordan1960
5035,7,29,18,0.003924,29.279,NASA_POWER_SARAH3_LiuJordan1960
5036,7,29,19,0.0,28.5,NASA_POWER_SARAH3_LiuJordan1960
5037,7,29,20,0.0,26.75,NASA_POWER_SARAH3_LiuJordan1960
5038,7,29,21,0.0,26.75,NASA_POWER_SARAH3_LiuJordan1960
5039,7,29,22,0.0,26.75,NASA_POWER_SARAH3_LiuJordan1960
5040,7,29,23,0.0,26.75,NASA_POWER_SARAH3_LiuJordan1960
5041,7,30,0,0.0,26.75,NASA_POWER_SARAH3_LiuJordan1960
5042,7,30,1,0.0,26.75,NASA_POWER_SARAH3_LiuJordan1960
5043,7,30,2,0.0,26.75,NASA_POWER_SARAH3_LiuJordan1960
5044,7,30,3,0.0,26.75,NASA_POWER_SARAH3_LiuJordan1960
5045,7,30,4,0.0,26.75,NASA_POWER_SARAH3_LiuJordan1960
5046,7,30,5,0.002672,28.5,NASA_POWER_SARAH3_LiuJordan1960
5047,7,30,6,0.093531,29.279,NASA_POWER_SARAH3_LiuJordan1960
5048,7,30,7,0.181295,30.019,NASA_POWER_SARAH3_LiuJordan1960
5049,7,30,8,0.259981,30.682,NASA_POWER_SARAH3_LiuJordan1960
5050,7,30,9,0.324228,31.236,NASA_POWER_SARAH3_LiuJordan1960
5051,7,30,10,0.369657,31.653,NASA_POWER_SARAH3_LiuJordan1960
5052,7,30,11,0.393174,31.912,NASA_POWER_SARAH3_LiuJordan1960
5053,7,30,12,0.393174,32.0,NASA_POWER_SARAH3_LiuJordan1960
5054,7,30,13,0.369657,31.912,NASA_POWER_SARAH3_LiuJordan1960
5055,7,30,14,0.324228,31.653,NASA_POWER_SARAH3_LiuJordan1960
5056,7,30,15,0.259981,31.236,NASA_POWER_SARAH3_LiuJordan1960
5057,7,30,16,0.181295,30.682,NASA_POWER_SARAH3_LiuJordan1960
5058,7,30,17,0.093531,30.019,NASA_POWER_SARAH3_LiuJordan1960
5059,7,30,18,0.002672,29.279,NASA_POWER_SARAH3_LiuJordan1960
5060,7,30,19,0.0,28.5,NASA_POWER_SARAH3_LiuJordan1960
5061,7,30,20,0.0,26.75,NASA_POWER_SARAH3_LiuJordan1960
5062,7,30,21,0.0,26.75,NASA_POWER_SARAH3_LiuJordan1960
5063,7,30,22,0.0,26.75,NASA_POWER_SARAH3_LiuJordan1960
5064,7,30,23,0.0,26.75,NASA_POWER_SARAH3_LiuJordan1960
5065,7,31,0,0.0,26.75,NASA_POWER_SARAH3_LiuJordan1960
5066,7,31,1,0.0,26.75,NASA_POWER_SARAH3_LiuJordan1960
5067,7,31,2,0.0,26.75,NASA_POWER_SARAH3_LiuJordan1960
5068,7,31,3,0.0,26.75,NASA_POWER_SARAH3_LiuJordan1960
5069,7,31,4,0.0,26.75,NASA_POWER_SARAH3_LiuJordan1960
5070,7,31,5,0.001974,28.5,NASA_POWER_SARAH3_LiuJordan1960
5071,7,31,6,0.093204,29.279,NASA_POWER_SARAH3_LiuJordan1960
5072,7,31,7,0.181325,30.019,NASA_POWER_SARAH3_LiuJordan1960
5073,7,31,8,0.260332,30.682,NASA_POWER_SARAH3_LiuJordan1960
5074,7,31,9,0.324841,31.236,NASA_POWER_SARAH3_LiuJordan1960
5075,7,31,10,0.370456,31.653,NASA_POWER_SARAH3_LiuJordan1960
5076,7,31,11,0.394068,31.912,NASA_POWER_SARAH3_LiuJordan1960
5077,7,31,12,0.394068,32.0,NASA_POWER_SARAH3_LiuJordan1960
5078,7,31,13,0.370456,31.912,NASA_POWER_SARAH3_LiuJordan1960
5079,7,31,14,0.324841,31.653,NASA_POWER_SARAH3_LiuJordan1960
5080,7,31,15,0.260332,31.236,NASA_POWER_SARAH3_LiuJordan1960
5081,7,31,16,0.181325,30.682,NASA_POWER_SARAH3_LiuJordan1960
5082,7,31,17,0.093204,30.019,NASA_POWER_SARAH3_LiuJordan1960
5083,7,31,18,0.001974,29.279,NASA_POWER_SARAH3_LiuJordan1960
5084,7,31,19,0.0,28.5,NASA_POWER_SARAH3_LiuJordan1960
5085,7,31,20,0.0,26.75,NASA_POWER_SARAH3_LiuJordan1960
5086,7,31,21,0.0,26.75,NASA_POWER_SARAH3_LiuJordan1960
5087,7,31,22,0.0,26.75,NASA_POWER_SARAH3_LiuJordan1960
5088,7,31,23,0.0,26.75,NASA_POWER_SARAH3_LiuJordan1960
5089,8,1,0,0.0,26.75,NASA_POWER_SARAH3_LiuJordan1960
5090,8,1,1,0.0,26.75,NASA_POWER_SARAH3_LiuJordan1960
5091,8,1,2,0.0,26.75,NASA_POWER_SARAH3_LiuJordan1960
5092,8,1,3,0.0,26.75,NASA_POWER_SARAH3_LiuJordan1960
5093,8,1,4,0.0,26.75,NASA_POWER_SARAH3_LiuJordan1960
5094,8,1,5,0.001662,28.5,NASA_POWER_SARAH3_LiuJordan1960
5095,8,1,6,0.122715,29.279,NASA_POWER_SARAH3_LiuJordan1960
5096,8,1,7,0.239642,30.019,NASA_POWER_SARAH3_LiuJordan1960
5097,8,1,8,0.344476,30.682,NASA_POWER_SARAH3_LiuJordan1960
5098,8,1,9,0.430073,31.236,NASA_POWER_SARAH3_LiuJordan1960
5099,8,1,10,0.490599,31.653,NASA_POWER_SARAH3_LiuJordan1960
5100,8,1,11,0.52193,31.912,NASA_POWER_SARAH3_LiuJordan1960
5101,8,1,12,0.52193,32.0,NASA_POWER_SARAH3_LiuJordan1960
5102,8,1,13,0.490599,31.912,NASA_POWER_SARAH3_LiuJordan1960
5103,8,1,14,0.430073,31.653,NASA_POWER_SARAH3_LiuJordan1960
5104,8,1,15,0.344476,31.236,NASA_POWER_SARAH3_LiuJordan1960
5105,8,1,16,0.239642,30.682,NASA_POWER_SARAH3_LiuJordan1960
5106,8,1,17,0.122715,30.019,NASA_POWER_SARAH3_LiuJordan1960
5107,8,1,18,0.001662,29.279,NASA_POWER_SARAH3_LiuJordan1960
5108,8,1,19,0.0,28.5,NASA_POWER_SARAH3_LiuJordan1960
5109,8,1,20,0.0,26.75,NASA_POWER_SARAH3_LiuJordan1960
5110,8,1,21,0.0,26.75,NASA_POWER_SARAH3_LiuJordan1960
5111,8,1,22,0.0,26.75,NASA_POWER_SARAH3_LiuJordan1960
5112,8,1,23,0.0,26.75,NASA_POWER_SARAH3_LiuJordan1960
5113,8,2,0,0.0,26.75,NASA_POWER_SARAH3_LiuJordan1960
5114,8,2,1,0.0,26.75,NASA_POWER_SARAH3_LiuJordan1960
5115,8,2,2,0.0,26.75,NASA_POWER_SARAH3_LiuJordan1960
5116,8,2,3,0.0,26.75,NASA_POWER_SARAH3_LiuJordan1960
5117,8,2,4,0.0,26.75,NASA_POWER_SARAH3_LiuJordan1960
5118,8,2,5,0.000635,28.5,NASA_POWER_SARAH3_LiuJordan1960
5119,8,2,6,0.112452,29.279,NASA_POWER_SARAH3_LiuJordan1960
5120,8,2,7,0.220459,30.019,NASA_POWER_SARAH3_LiuJordan1960
5121,8,2,8,0.317296,30.682,NASA_POWER_SARAH3_LiuJordan1960
5122,8,2,9,0.396362,31.236,NASA_POWER_SARAH3_LiuJordan1960
5123,8,2,10,0.452271,31.653,NASA_POWER_SARAH3_LiuJordan1960
5124,8,2,11,0.481211,31.912,NASA_POWER_SARAH3_LiuJordan1960
5125,8,2,12,0.481211,32.0,NASA_POWER_SARAH3_LiuJordan1960
5126,8,2,13,0.452271,31.912,NASA_POWER_SARAH3_LiuJordan1960
5127,8,2,14,0.396362,31.653,NASA_POWER_SARAH3_LiuJordan1960
5128,8,2,15,0.317296,31.236,NASA_POWER_SARAH3_LiuJordan1960
5129,8,2,16,0.220459,30.682,NASA_POWER_SARAH3_LiuJordan1960
5130,8,2,17,0.112452,30.019,NASA_POWER_SARAH3_LiuJordan1960
5131,8,2,18,0.000635,29.279,NASA_POWER_SARAH3_LiuJordan1960
5132,8,2,19,0.0,28.5,NASA_POWER_SARAH3_LiuJordan1960
5133,8,2,20,0.0,26.75,NASA_POWER_SARAH3_LiuJordan1960
5134,8,2,21,0.0,26.75,NASA_POWER_SARAH3_LiuJordan1960
5135,8,2,22,0.0,26.75,NASA_POWER_SARAH3_LiuJordan1960
5136,8,2,23,0.0,26.75,NASA_POWER_SARAH3_LiuJordan1960
5137,8,3,0,0.0,26.75,NASA_POWER_SARAH3_LiuJordan1960
5138,8,3,1,0.0,26.75,NASA_POWER_SARAH3_LiuJordan1960
5139,8,3,2,0.0,26.75,NASA_POWER_SARAH3_LiuJordan1960
5140,8,3,3,0.0,26.75,NASA_POWER_SARAH3_LiuJordan1960
5141,8,3,4,0.0,26.75,NASA_POWER_SARAH3_LiuJordan1960
5142,8,3,5,0.0,28.5,NASA_POWER_SARAH3_LiuJordan1960
5143,8,3,6,0.093666,29.279,NASA_POWER_SARAH3_LiuJordan1960
5144,8,3,7,0.184367,30.019,NASA_POWER_SARAH3_LiuJordan1960
5145,8,3,8,0.265687,30.682,NASA_POWER_SARAH3_LiuJordan1960
5146,8,3,9,0.332085,31.236,NASA_POWER_SARAH3_LiuJordan1960
5147,8,3,10,0.379036,31.653,NASA_POWER_SARAH3_LiuJordan1960
5148,8,3,11,0.403339,31.912,NASA_POWER_SARAH3_LiuJordan1960
5149,8,3,12,0.403339,32.0,NASA_POWER_SARAH3_LiuJordan1960
5150,8,3,13,0.379036,31.912,NASA_POWER_SARAH3_LiuJordan1960
5151,8,3,14,0.332085,31.653,NASA_POWER_SARAH3_LiuJordan1960
5152,8,3,15,0.265687,31.236,NASA_POWER_SARAH3_LiuJordan1960
5153,8,3,16,0.184367,30.682,NASA_POWER_SARAH3_LiuJordan1960
5154,8,3,17,0.093666,30.019,NASA_POWER_SARAH3_LiuJordan1960
5155,8,3,18,0.0,29.279,NASA_POWER_SARAH3_LiuJordan1960
5156,8,3,19,0.0,28.5,NASA_POWER_SARAH3_LiuJordan1960
5157,8,3,20,0.0,26.75,NASA_POWER_SARAH3_LiuJordan1960
5158,8,3,21,0.0,26.75,NASA_POWER_SARAH3_LiuJordan1960
5159,8,3,22,0.0,26.75,NASA_POWER_SARAH3_LiuJordan1960
5160,8,3,23,0.0,26.75,NASA_POWER_SARAH3_LiuJordan1960
5161,8,4,0,0.0,26.75,NASA_POWER_SARAH3_LiuJordan1960
5162,8,4,1,0.0,26.75,NASA_POWER_SARAH3_LiuJordan1960
5163,8,4,2,0.0,26.75,NASA_POWER_SARAH3_LiuJordan1960
5164,8,4,3,0.0,26.75,NASA_POWER_SARAH3_LiuJordan1960
5165,8,4,4,0.0,26.75,NASA_POWER_SARAH3_LiuJordan1960
5166,8,4,5,0.0,28.5,NASA_POWER_SARAH3_LiuJordan1960
5167,8,4,6,0.121336,29.279,NASA_POWER_SARAH3_LiuJordan1960
5168,8,4,7,0.23982,30.019,NASA_POWER_SARAH3_LiuJordan1960
5169,8,4,8,0.34605,30.682,NASA_POWER_SARAH3_LiuJordan1960
5170,8,4,9,0.432787,31.236,NASA_POWER_SARAH3_LiuJordan1960
5171,8,4,10,0.494119,31.653,NASA_POWER_SARAH3_LiuJordan1960
5172,8,4,11,0.525866,31.912,NASA_POWER_SARAH3_LiuJordan1960
5173,8,4,12,0.525866,32.0,NASA_POWER_SARAH3_LiuJordan1960
5174,8,4,13,0.494119,31.912,NASA_POWER_SARAH3_LiuJordan1960
5175,8,4,14,0.432787,31.653,NASA_POWER_SARAH3_LiuJordan1960
5176,8,4,15,0.34605,31.236,NASA_POWER_SARAH3_LiuJordan1960
5177,8,4,16,0.23982,30.682,NASA_POWER_SARAH3_LiuJordan1960
5178,8,4,17,0.121336,30.019,NASA_POWER_SARAH3_LiuJordan1960
5179,8,4,18,0.0,29.279,NASA_POWER_SARAH3_LiuJordan1960
5180,8,4,19,0.0,28.5,NASA_POWER_SARAH3_LiuJordan1960
5181,8,4,20,0.0,26.75,NASA_POWER_SARAH3_LiuJordan1960
5182,8,4,21,0.0,26.75,NASA_POWER_SARAH3_LiuJordan1960
5183,8,4,22,0.0,26.75,NASA_POWER_SARAH3_LiuJordan1960
5184,8,4,23,0.0,26.75,NASA_POWER_SARAH3_LiuJordan1960
5185,8,5,0,0.0,26.75,NASA_POWER_SARAH3_LiuJordan1960
5186,8,5,1,0.0,26.75,NASA_POWER_SARAH3_LiuJordan1960
5187,8,5,2,0.0,26.75,NASA_POWER_SARAH3_LiuJordan1960
5188,8,5,3,0.0,26.75,NASA_POWER_SARAH3_LiuJordan1960
5189,8,5,4,0.0,26.75,NASA_POWER_SARAH3_LiuJordan1960
5190,8,5,5,0.0,28.5,NASA_POWER_SARAH3_LiuJordan1960
5191,8,5,6,0.079569,29.279,NASA_POWER_SARAH3_LiuJordan1960
5192,8,5,7,0.157936,30.019,NASA_POWER_SARAH3_LiuJordan1960
5193,8,5,8,0.228199,30.682,NASA_POWER_SARAH3_LiuJordan1960
5194,8,5,9,0.285568,31.236,NASA_POWER_SARAH3_LiuJordan1960
5195,8,5,10,0.326134,31.653,NASA_POWER_SARAH3_LiuJordan1960
5196,8,5,11,0.347132,31.912,NASA_POWER_SARAH3_LiuJordan1960
5197,8,5,12,0.347132,32.0,NASA_POWER_SARAH3_LiuJordan1960
5198,8,5,13,0.326134,31.912,NASA_POWER_SARAH3_LiuJordan1960
5199,8,5,14,0.285568,31.653,NASA_POWER_SARAH3_LiuJordan1960
5200,8,5,15,0.228199,31.236,NASA_POWER_SARAH3_LiuJordan1960
5201,8,5,16,0.157936,30.682,NASA_POWER_SARAH3_LiuJordan1960
5202,8,5,17,0.079569,30.019,NASA_POWER_SARAH3_LiuJordan1960
5203,8,5,18,0.0,29.279,NASA_POWER_SARAH3_LiuJordan1960
5204,8,5,19,0.0,28.5,NASA_POWER_SARAH3_LiuJordan1960
5205,8,5,20,0.0,26.75,NASA_POWER_SARAH3_LiuJordan1960
5206,8,5,21,0.0,26.75,NASA_POWER_SARAH3_LiuJordan1960
5207,8,5,22,0.0,26.75,NASA_POWER_SARAH3_LiuJordan1960
5208,8,5,23,0.0,26.75,NASA_POWER_SARAH3_LiuJordan1960
5209,8,6,0,0.0,26.75,NASA_POWER_SARAH3_LiuJordan1960
5210,8,6,1,0.0,26.75,NASA_POWER_SARAH3_LiuJordan1960
5211,8,6,2,0.0,26.75,NASA_POWER_SARAH3_LiuJordan1960
5212,8,6,3,0.0,26.75,NASA_POWER_SARAH3_LiuJordan1960
5213,8,6,4,0.0,26.75,NASA_POWER_SARAH3_LiuJordan1960
5214,8,6,5,0.0,28.5,NASA_POWER_SARAH3_LiuJordan1960
5215,8,6,6,0.111851,29.279,NASA_POWER_SARAH3_LiuJordan1960
5216,8,6,7,0.222985,30.019,NASA_POWER_SARAH3_LiuJordan1960
5217,8,6,8,0.322626,30.682,NASA_POWER_SARAH3_LiuJordan1960
5218,8,6,9,0.403982,31.236,NASA_POWER_SARAH3_LiuJordan1960
5219,8,6,10,0.461509,31.653,NASA_POWER_SARAH3_LiuJordan1960
5220,8,6,11,0.491287,31.912,NASA_POWER_SARAH3_LiuJordan1960
5221,8,6,12,0.491287,32.0,NASA_POWER_SARAH3_LiuJordan1960
5222,8,6,13,0.461509,31.912,NASA_POWER_SARAH3_LiuJordan1960
5223,8,6,14,0.403982,31.653,NASA_POWER_SARAH3_LiuJordan1960
5224,8,6,15,0.322626,31.236,NASA_POWER_SARAH3_LiuJordan1960
5225,8,6,16,0.222985,30.682,NASA_POWER_SARAH3_LiuJordan1960
5226,8,6,17,0.111851,30.019,NASA_POWER_SARAH3_LiuJordan1960
5227,8,6,18,0.0,29.279,NASA_POWER_SARAH3_LiuJordan1960
5228,8,6,19,0.0,28.5,NASA_POWER_SARAH3_LiuJordan1960
5229,8,6,20,0.0,26.75,NASA_POWER_SARAH3_LiuJordan1960
5230,8,6,21,0.0,26.75,NASA_POWER_SARAH3_LiuJordan1960
5231,8,6,22,0.0,26.75,NASA_POWER_SARAH3_LiuJordan1960
5232,8,6,23,0.0,26.75,NASA_POWER_SARAH3_LiuJordan1960
5233,8,7,0,0.0,26.75,NASA_POWER_SARAH3_LiuJordan1960
5234,8,7,1,0.0,26.75,NASA_POWER_SARAH3_LiuJordan1960
5235,8,7,2,0.0,26.75,NASA_POWER_SARAH3_LiuJordan1960
5236,8,7,3,0.0,26.75,NASA_POWER_SARAH3_LiuJordan1960
5237,8,7,4,0.0,26.75,NASA_POWER_SARAH3_LiuJordan1960
5238,8,7,5,0.0,28.5,NASA_POWER_SARAH3_LiuJordan1960
5239,8,7,6,0.096327,29.279,NASA_POWER_SARAH3_LiuJordan1960
5240,8,7,7,0.192901,30.019,NASA_POWER_SARAH3_LiuJordan1960
5241,8,7,8,0.279487,30.682,NASA_POWER_SARAH3_LiuJordan1960
5242,8,7,9,0.350184,31.236,NASA_POWER_SARAH3_LiuJordan1960
5243,8,7,10,0.400174,31.653,NASA_POWER_SARAH3_LiuJordan1960
5244,8,7,11,0.426051,31.912,NASA_POWER_SARAH3_LiuJordan1960
5245,8,7,12,0.426051,32.0,NASA_POWER_SARAH3_LiuJordan1960
5246,8,7,13,0.400174,31.912,NASA_POWER_SARAH3_LiuJordan1960
5247,8,7,14,0.350184,31.653,NASA_POWER_SARAH3_LiuJordan1960
5248,8,7,15,0.279487,31.236,NASA_POWER_SARAH3_LiuJordan1960
5249,8,7,16,0.192901,30.682,NASA_POWER_SARAH3_LiuJordan1960
5250,8,7,17,0.096327,30.019,NASA_POWER_SARAH3_LiuJordan1960
5251,8,7,18,0.0,29.279,NASA_POWER_SARAH3_LiuJordan1960
5252,8,7,19,0.0,28.5,NASA_POWER_SARAH3_LiuJordan1960
5253,8,7,20,0.0,26.75,NASA_POWER_SARAH3_LiuJordan1960
5254,8,7,21,0.0,26.75,NASA_POWER_SARAH3_LiuJordan1960
5255,8,7,22,0.0,26.75,NASA_POWER_SARAH3_LiuJordan1960
5256,8,7,23,0.0,26.75,NASA_POWER_SARAH3_LiuJordan1960
5257,8,8,0,0.0,26.75,NASA_POWER_SARAH3_LiuJordan1960
5258,8,8,1,0.0,26.75,NASA_POWER_SARAH3_LiuJordan1960
5259,8,8,2,0.0,26.75,NASA_POWER_SARAH3_LiuJordan1960
5260,8,8,3,0.0,26.75,NASA_POWER_SARAH3_LiuJordan1960
5261,8,8,4,0.0,26.75,NASA_POWER_SARAH3_LiuJordan1960
5262,8,8,5,0.0,28.5,NASA_POWER_SARAH3_LiuJordan1960
5263,8,8,6,0.118599,29.279,NASA_POWER_SARAH3_LiuJordan1960
5264,8,8,7,0.238599,30.019,NASA_POWER_SARAH3_LiuJordan1960
5265,8,8,8,0.346189,30.682,NASA_POWER_SARAH3_LiuJordan1960
5266,8,8,9,0.434035,31.236,NASA_POWER_SARAH3_LiuJordan1960
5267,8,8,10,0.496152,31.653,NASA_POWER_SARAH3_LiuJordan1960
5268,8,8,11,0.528306,31.912,NASA_POWER_SARAH3_LiuJordan1960
5269,8,8,12,0.528306,32.0,NASA_POWER_SARAH3_LiuJordan1960
5270,8,8,13,0.496152,31.912,NASA_POWER_SARAH3_LiuJordan1960
5271,8,8,14,0.434035,31.653,NASA_POWER_SARAH3_LiuJordan1960
5272,8,8,15,0.346189,31.236,NASA_POWER_SARAH3_LiuJordan1960
5273,8,8,16,0.238599,30.682,NASA_POWER_SARAH3_LiuJordan1960
5274,8,8,17,0.118599,30.019,NASA_POWER_SARAH3_LiuJordan1960
5275,8,8,18,0.0,29.279,NASA_POWER_SARAH3_LiuJordan1960
5276,8,8,19,0.0,28.5,NASA_POWER_SARAH3_LiuJordan1960
5277,8,8,20,0.0,26.75,NASA_POWER_SARAH3_LiuJordan1960
5278,8,8,21,0.0,26.75,NASA_POWER_SARAH3_LiuJordan1960
5279,8,8,22,0.0,26.75,NASA_POWER_SARAH3_LiuJordan1960
5280,8,8,23,0.0,26.75,NASA_POWER_SARAH3_LiuJordan1960
5281,8,9,0,0.0,26.75,NASA_POWER_SARAH3_LiuJordan1960
5282,8,9,1,0.0,26.75,NASA_POWER_SARAH3_LiuJordan1960
5283,8,9,2,0.0,26.75,NASA_POWER_SARAH3_LiuJordan1960
5284,8,9,3,0.0,26.75,NASA_POWER_SARAH3_LiuJordan1960
5285,8,9,4,0.0,26.75,NASA_POWER_SARAH3_LiuJordan1960
5286,8,9,5,0.0,28.5,NASA_POWER_SARAH3_LiuJordan1960
5287,8,9,6,0.101946,29.279,NASA_POWER_SARAH3_LiuJordan1960
5288,8,9,7,0.20607,30.019,NASA_POWER_SARAH3_LiuJordan1960
5289,8,9,8,0.299425,30.682,NASA_POWER_SARAH3_LiuJordan1960
5290,8,9,9,0.375649,31.236,NASA_POWER_SARAH3_LiuJordan1960
5291,8,9,10,0.429548,31.653,NASA_POWER_SARAH3_LiuJordan1960
5292,8,9,11,0.457448,31.912,NASA_POWER_SARAH3_LiuJordan1960
5293,8,9,12,0.457448,32.0,NASA_POWER_SARAH3_LiuJordan1960
5294,8,9,13,0.429548,31.912,NASA_POWER_SARAH3_LiuJordan1960
5295,8,9,14,0.375649,31.653,NASA_POWER_SARAH3_LiuJordan1960
5296,8,9,15,0.299425,31.236,NASA_POWER_SARAH3_LiuJordan1960
5297,8,9,16,0.20607,30.682,NASA_POWER_SARAH3_LiuJordan1960
5298,8,9,17,0.101946,30.019,NASA_POWER_SARAH3_LiuJordan1960
5299,8,9,18,0.0,29.279,NASA_POWER_SARAH3_LiuJordan1960
5300,8,9,19,0.0,28.5,NASA_POWER_SARAH3_LiuJordan1960
5301,8,9,20,0.0,26.75,NASA_POWER_SARAH3_LiuJordan1960
5302,8,9,21,0.0,26.75,NASA_POWER_SARAH3_LiuJordan1960
5303,8,9,22,0.0,26.75,NASA_POWER_SARAH3_LiuJordan1960
5304,8,9,23,0.0,26.75,NASA_POWER_SARAH3_LiuJordan1960
5305,8,10,0,0.0,26.75,NASA_POWER_SARAH3_LiuJordan1960
5306,8,10,1,0.0,26.75,NASA_POWER_SARAH3_LiuJordan1960
5307,8,10,2,0.0,26.75,NASA_POWER_SARAH3_LiuJordan1960
5308,8,10,3,0.0,26.75,NASA_POWER_SARAH3_LiuJordan1960
5309,8,10,4,0.0,26.75,NASA_POWER_SARAH3_LiuJordan1960
5310,8,10,5,0.0,28.5,NASA_POWER_SARAH3_LiuJordan1960
5311,8,10,6,0.081032,29.279,NASA_POWER_SARAH3_LiuJordan1960
5312,8,10,7,0.164596,30.019,NASA_POWER_SARAH3_LiuJordan1960
5313,8,10,8,0.239516,30.682,NASA_POWER_SARAH3_LiuJordan1960
5314,8,10,9,0.300689,31.236,NASA_POWER_SARAH3_LiuJordan1960
5315,8,10,10,0.343944,31.653,NASA_POWER_SARAH3_LiuJordan1960
5316,8,10,11,0.366335,31.912,NASA_POWER_SARAH3_LiuJordan1960
5317,8,10,12,0.366335,32.0,NASA_POWER_SARAH3_LiuJordan1960
5318,8,10,13,0.343944,31.912,NASA_POWER_SARAH3_LiuJordan1960
5319,8,10,14,0.300689,31.653,NASA_POWER_SARAH3_LiuJordan1960
5320,8,10,15,0.239516,31.236,NASA_POWER_SARAH3_LiuJordan1960
5321,8,10,16,0.164596,30.682,NASA_POWER_SARAH3_LiuJordan1960
5322,8,10,17,0.081032,30.019,NASA_POWER_SARAH3_LiuJordan1960
5323,8,10,18,0.0,29.279,NASA_POWER_SARAH3_LiuJordan1960
5324,8,10,19,0.0,28.5,NASA_POWER_SARAH3_LiuJordan1960
5325,8,10,20,0.0,26.75,NASA_POWER_SARAH3_LiuJordan1960
5326,8,10,21,0.0,26.75,NASA_POWER_SARAH3_LiuJordan1960
5327,8,10,22,0.0,26.75,NASA_POWER_SARAH3_LiuJordan1960
5328,8,10,23,0.0,26.75,NASA_POWER_SARAH3_LiuJordan1960
5329,8,11,0,0.0,26.75,NASA_POWER_SARAH3_LiuJordan1960
5330,8,11,1,0.0,26.75,NASA_POWER_SARAH3_LiuJordan1960
5331,8,11,2,0.0,26.75,NASA_POWER_SARAH3_LiuJordan1960
5332,8,11,3,0.0,26.75,NASA_POWER_SARAH3_LiuJordan1960
5333,8,11,4,0.0,26.75,NASA_POWER_SARAH3_LiuJordan1960
5334,8,11,5,0.0,28.5,NASA_POWER_SARAH3_LiuJordan1960
5335,8,11,6,0.110088,29.279,NASA_POWER_SARAH3_LiuJordan1960
5336,8,11,7,0.224735,30.019,NASA_POWER_SARAH3_LiuJordan1960
5337,8,11,8,0.327524,30.682,NASA_POWER_SARAH3_LiuJordan1960
5338,8,11,9,0.411451,31.236,NASA_POWER_SARAH3_LiuJordan1960
5339,8,11,10,0.470796,31.653,NASA_POWER_SARAH3_LiuJordan1960
5340,8,11,11,0.501516,31.912,NASA_POWER_SARAH3_LiuJordan1960
5341,8,11,12,0.501516,32.0,NASA_POWER_SARAH3_LiuJordan1960
5342,8,11,13,0.470796,31.912,NASA_POWER_SARAH3_LiuJordan1960
5343,8,11,14,0.411451,31.653,NASA_POWER_SARAH3_LiuJordan1960
5344,8,11,15,0.327524,31.236,NASA_POWER_SARAH3_LiuJordan1960
5345,8,11,16,0.224735,30.682,NASA_POWER_SARAH3_LiuJordan1960
5346,8,11,17,0.110088,30.019,NASA_POWER_SARAH3_LiuJordan1960
5347,8,11,18,0.0,29.279,NASA_POWER_SARAH3_LiuJordan1960
5348,8,11,19,0.0,28.5,NASA_POWER_SARAH3_LiuJordan1960
5349,8,11,20,0.0,26.75,NASA_POWER_SARAH3_LiuJordan1960
5350,8,11,21,0.0,26.75,NASA_POWER_SARAH3_LiuJordan1960
5351,8,11,22,0.0,26.75,NASA_POWER_SARAH3_LiuJordan1960
5352,8,11,23,0.0,26.75,NASA_POWER_SARAH3_LiuJordan1960
5353,8,12,0,0.0,26.75,NASA_POWER_SARAH3_LiuJordan1960
5354,8,12,1,0.0,26.75,NASA_POWER_SARAH3_LiuJordan1960
5355,8,12,2,0.0,26.75,NASA_POWER_SARAH3_LiuJordan1960
5356,8,12,3,0.0,26.75,NASA_POWER_SARAH3_LiuJordan1960
5357,8,12,4,0.0,26.75,NASA_POWER_SARAH3_LiuJordan1960
5358,8,12,5,0.0,28.5,NASA_POWER_SARAH3_LiuJordan1960
5359,8,12,6,0.111448,29.279,NASA_POWER_SARAH3_LiuJordan1960
5360,8,12,7,0.228681,30.019,NASA_POWER_SARAH3_LiuJordan1960
5361,8,12,8,0.33379,30.682,NASA_POWER_SARAH3_LiuJordan1960
5362,8,12,9,0.41961,31.236,NASA_POWER_SARAH3_LiuJordan1960
5363,8,12,10,0.480294,31.653,NASA_POWER_SARAH3_LiuJordan1960
5364,8,12,11,0.511707,31.912,NASA_POWER_SARAH3_LiuJordan1960
5365,8,12,12,0.511707,32.0,NASA_POWER_SARAH3_LiuJordan1960
5366,8,12,13,0.480294,31.912,NASA_POWER_SARAH3_LiuJordan1960
5367,8,12,14,0.41961,31.653,NASA_POWER_SARAH3_LiuJordan1960
5368,8,12,15,0.33379,31.236,NASA_POWER_SARAH3_LiuJordan1960
5369,8,12,16,0.228681,30.682,NASA_POWER_SARAH3_LiuJordan1960
5370,8,12,17,0.111448,30.019,NASA_POWER_SARAH3_LiuJordan1960
5371,8,12,18,0.0,29.279,NASA_POWER_SARAH3_LiuJordan1960
5372,8,12,19,0.0,28.5,NASA_POWER_SARAH3_LiuJordan1960
5373,8,12,20,0.0,26.75,NASA_POWER_SARAH3_LiuJordan1960
5374,8,12,21,0.0,26.75,NASA_POWER_SARAH3_LiuJordan1960
5375,8,12,22,0.0,26.75,NASA_POWER_SARAH3_LiuJordan1960
5376,8,12,23,0.0,26.75,NASA_POWER_SARAH3_LiuJordan1960
5377,8,13,0,0.0,26.75,NASA_POWER_SARAH3_LiuJordan1960
5378,8,13,1,0.0,26.75,NASA_POWER_SARAH3_LiuJordan1960
5379,8,13,2,0.0,26.75,NASA_POWER_SARAH3_LiuJordan1960
5380,8,13,3,0.0,26.75,NASA_POWER_SARAH3_LiuJordan1960
5381,8,13,4,0.0,26.75,NASA_POWER_SARAH3_LiuJordan1960
5382,8,13,5,0.0,28.5,NASA_POWER_SARAH3_LiuJordan1960
5383,8,13,6,0.095375,29.279,NASA_POWER_SARAH3_LiuJordan1960
5384,8,13,7,0.196734,30.019,NASA_POWER_SARAH3_LiuJordan1960
5385,8,13,8,0.287609,30.682,NASA_POWER_SARAH3_LiuJordan1960
5386,8,13,9,0.361809,31.236,NASA_POWER_SARAH3_LiuJordan1960
5387,8,13,10,0.414276,31.653,NASA_POWER_SARAH3_LiuJordan1960
5388,8,13,11,0.441435,31.912,NASA_POWER_SARAH3_LiuJordan1960
5389,8,13,12,0.441435,32.0,NASA_POWER_SARAH3_LiuJordan1960
5390,8,13,13,0.414276,31.912,NASA_POWER_SARAH3_LiuJordan1960
5391,8,13,14,0.361809,31.653,NASA_POWER_SARAH3_LiuJordan1960
5392,8,13,15,0.287609,31.236,NASA_POWER_SARAH3_LiuJordan1960
5393,8,13,16,0.196734,30.682,NASA_POWER_SARAH3_LiuJordan1960
5394,8,13,17,0.095375,30.019,NASA_POWER_SARAH3_LiuJordan1960
5395,8,13,18,0.0,29.279,NASA_POWER_SARAH3_LiuJordan1960
5396,8,13,19,0.0,28.5,NASA_POWER_SARAH3_LiuJordan1960
5397,8,13,20,0.0,26.75,NASA_POWER_SARAH3_LiuJordan1960
5398,8,13,21,0.0,26.75,NASA_POWER_SARAH3_LiuJordan1960
5399,8,13,22,0.0,26.75,NASA_POWER_SARAH3_LiuJordan1960
5400,8,13,23,0.0,26.75,NASA_POWER_SARAH3_LiuJordan1960
5401,8,14,0,0.0,26.75,NASA_POWER_SARAH3_LiuJordan1960
5402,8,14,1,0.0,26.75,NASA_POWER_SARAH3_LiuJordan1960
5403,8,14,2,0.0,26.75,NASA_POWER_SARAH3_LiuJordan1960
5404,8,14,3,0.0,26.75,NASA_POWER_SARAH3_LiuJordan1960
5405,8,14,4,0.0,26.75,NASA_POWER_SARAH3_LiuJordan1960
5406,8,14,5,0.0,28.5,NASA_POWER_SARAH3_LiuJordan1960
5407,8,14,6,0.111745,29.279,NASA_POWER_SARAH3_LiuJordan1960
5408,8,14,7,0.231749,30.019,NASA_POWER_SARAH3_LiuJordan1960
5409,8,14,8,0.339342,30.682,NASA_POWER_SARAH3_LiuJordan1960
5410,8,14,9,0.427192,31.236,NASA_POWER_SARAH3_LiuJordan1960
5411,8,14,10,0.48931,31.653,NASA_POWER_SARAH3_LiuJordan1960
5412,8,14,11,0.521466,31.912,NASA_POWER_SARAH3_LiuJordan1960
5413,8,14,12,0.521466,32.0,NASA_POWER_SARAH3_LiuJordan1960
5414,8,14,13,0.48931,31.912,NASA_POWER_SARAH3_LiuJordan1960
5415,8,14,14,0.427192,31.653,NASA_POWER_SARAH3_LiuJordan1960
5416,8,14,15,0.339342,31.236,NASA_POWER_SARAH3_LiuJordan1960
5417,8,14,16,0.231749,30.682,NASA_POWER_SARAH3_LiuJordan1960
5418,8,14,17,0.111745,30.019,NASA_POWER_SARAH3_LiuJordan1960
5419,8,14,18,0.0,29.279,NASA_POWER_SARAH3_LiuJordan1960
5420,8,14,19,0.0,28.5,NASA_POWER_SARAH3_LiuJordan1960
5421,8,14,20,0.0,26.75,NASA_POWER_SARAH3_LiuJordan1960
5422,8,14,21,0.0,26.75,NASA_POWER_SARAH3_LiuJordan1960
5423,8,14,22,0.0,26.75,NASA_POWER_SARAH3_LiuJordan1960
5424,8,14,23,0.0,26.75,NASA_POWER_SARAH3_LiuJordan1960
5425,8,15,0,0.0,26.75,NASA_POWER_SARAH3_LiuJordan1960
5426,8,15,1,0.0,26.75,NASA_POWER_SARAH3_LiuJordan1960
5427,8,15,2,0.0,26.75,NASA_POWER_SARAH3_LiuJordan1960
5428,8,15,3,0.0,26.75,NASA_POWER_SARAH3_LiuJordan1960
5429,8,15,4,0.0,26.75,NASA_POWER_SARAH3_LiuJordan1960
5430,8,15,5,0.0,28.5,NASA_POWER_SARAH3_LiuJordan1960
5431,8,15,6,0.108363,29.279,NASA_POWER_SARAH3_LiuJordan1960
5432,8,15,7,0.225987,30.019,NASA_POWER_SARAH3_LiuJordan1960
5433,8,15,8,0.331445,30.682,NASA_POWER_SARAH3_LiuJordan1960
5434,8,15,9,0.417551,31.236,NASA_POWER_SARAH3_LiuJordan1960
5435,8,15,10,0.478437,31.653,NASA_POWER_SARAH3_LiuJordan1960
5436,8,15,11,0.509954,31.912,NASA_POWER_SARAH3_LiuJordan1960
5437,8,15,12,0.509954,32.0,NASA_POWER_SARAH3_LiuJordan1960
5438,8,15,13,0.478437,31.912,NASA_POWER_SARAH3_LiuJordan1960
5439,8,15,14,0.417551,31.653,NASA_POWER_SARAH3_LiuJordan1960
5440,8,15,15,0.331445,31.236,NASA_POWER_SARAH3_LiuJordan1960
5441,8,15,16,0.225987,30.682,NASA_POWER_SARAH3_LiuJordan1960
5442,8,15,17,0.108363,30.019,NASA_POWER_SARAH3_LiuJordan1960
5443,8,15,18,0.0,29.279,NASA_POWER_SARAH3_LiuJordan1960
5444,8,15,19,0.0,28.5,NASA_POWER_SARAH3_LiuJordan1960
5445,8,15,20,0.0,26.75,NASA_POWER_SARAH3_LiuJordan1960
5446,8,15,21,0.0,26.75,NASA_POWER_SARAH3_LiuJordan1960
5447,8,15,22,0.0,26.75,NASA_POWER_SARAH3_LiuJordan1960
5448,8,15,23,0.0,26.75,NASA_POWER_SARAH3_LiuJordan1960
5449,8,16,0,0.0,26.75,NASA_POWER_SARAH3_LiuJordan1960
5450,8,16,1,0.0,26.75,NASA_POWER_SARAH3_LiuJordan1960
5451,8,16,2,0.0,26.75,NASA_POWER_SARAH3_LiuJordan1960
5452,8,16,3,0.0,26.75,NASA_POWER_SARAH3_LiuJordan1960
5453,8,16,4,0.0,26.75,NASA_POWER_SARAH3_LiuJordan1960
5454,8,16,5,0.0,28.5,NASA_POWER_SARAH3_LiuJordan1960
5455,8,16,6,0.096274,29.279,NASA_POWER_SARAH3_LiuJordan1960
5456,8,16,7,0.201921,30.019,NASA_POWER_SARAH3_LiuJordan1960
5457,8,16,8,0.296641,30.682,NASA_POWER_SARAH3_LiuJordan1960
5458,8,16,9,0.37398,31.236,NASA_POWER_SARAH3_LiuJordan1960
5459,8,16,10,0.428666,31.653,NASA_POWER_SARAH3_LiuJordan1960
5460,8,16,11,0.456974,31.912,NASA_POWER_SARAH3_LiuJordan1960
5461,8,16,12,0.456974,32.0,NASA_POWER_SARAH3_LiuJordan1960
5462,8,16,13,0.428666,31.912,NASA_POWER_SARAH3_LiuJordan1960
5463,8,16,14,0.37398,31.653,NASA_POWER_SARAH3_LiuJordan1960
5464,8,16,15,0.296641,31.236,NASA_POWER_SARAH3_LiuJordan1960
5465,8,16,16,0.201921,30.682,NASA_POWER_SARAH3_LiuJordan1960
5466,8,16,17,0.096274,30.019,NASA_POWER_SARAH3_LiuJordan1960
5467,8,16,18,0.0,29.279,NASA_POWER_SARAH3_LiuJordan1960
5468,8,16,19,0.0,28.5,NASA_POWER_SARAH3_LiuJordan1960
5469,8,16,20,0.0,26.75,NASA_POWER_SARAH3_LiuJordan1960
5470,8,16,21,0.0,26.75,NASA_POWER_SARAH3_LiuJordan1960
5471,8,16,22,0.0,26.75,NASA_POWER_SARAH3_LiuJordan1960
5472,8,16,23,0.0,26.75,NASA_POWER_SARAH3_LiuJordan1960
5473,8,17,0,0.0,26.75,NASA_POWER_SARAH3_LiuJordan1960
5474,8,17,1,0.0,26.75,NASA_POWER_SARAH3_LiuJordan1960
5475,8,17,2,0.0,26.75,NASA_POWER_SARAH3_LiuJordan1960
5476,8,17,3,0.0,26.75,NASA_POWER_SARAH3_LiuJordan1960
5477,8,17,4,0.0,26.75,NASA_POWER_SARAH3_LiuJordan1960
5478,8,17,5,0.0,28.5,NASA_POWER_SARAH3_LiuJordan1960
5479,8,17,6,0.090632,29.279,NASA_POWER_SARAH3_LiuJordan1960
5480,8,17,7,0.1912,30.019,NASA_POWER_SARAH3_LiuJordan1960
5481,8,17,8,0.281367,30.682,NASA_POWER_SARAH3_LiuJordan1960
5482,8,17,9,0.354987,31.236,NASA_POWER_SARAH3_LiuJordan1960
5483,8,17,10,0.407045,31.653,NASA_POWER_SARAH3_LiuJordan1960
5484,8,17,11,0.433992,31.912,NASA_POWER_SARAH3_LiuJordan1960
5485,8,17,12,0.433992,32.0,NASA_POWER_SARAH3_LiuJordan1960
5486,8,17,13,0.407045,31.912,NASA_POWER_SARAH3_LiuJordan1960
5487,8,17,14,0.354987,31.653,NASA_POWER_SARAH3_LiuJordan1960
5488,8,17,15,0.281367,31.236,NASA_POWER_SARAH3_LiuJordan1960
5489,8,17,16,0.1912,30.682,NASA_POWER_SARAH3_LiuJordan1960
5490,8,17,17,0.090632,30.019,NASA_POWER_SARAH3_LiuJordan1960
5491,8,17,18,0.0,29.279,NASA_POWER_SARAH3_LiuJordan1960
5492,8,17,19,0.0,28.5,NASA_POWER_SARAH3_LiuJordan1960
5493,8,17,20,0.0,26.75,NASA_POWER_SARAH3_LiuJordan1960
5494,8,17,21,0.0,26.75,NASA_POWER_SARAH3_LiuJordan1960
5495,8,17,22,0.0,26.75,NASA_POWER_SARAH3_LiuJordan1960
5496,8,17,23,0.0,26.75,NASA_POWER_SARAH3_LiuJordan1960
5497,8,18,0,0.0,26.75,NASA_POWER_SARAH3_LiuJordan1960
5498,8,18,1,0.0,26.75,NASA_POWER_SARAH3_LiuJordan1960
5499,8,18,2,0.0,26.75,NASA_POWER_SARAH3_LiuJordan1960
5500,8,18,3,0.0,26.75,NASA_POWER_SARAH3_LiuJordan1960
5501,8,18,4,0.0,26.75,NASA_POWER_SARAH3_LiuJordan1960
5502,8,18,5,0.0,28.5,NASA_POWER_SARAH3_LiuJordan1960
5503,8,18,6,0.109419,29.279,NASA_POWER_SARAH3_LiuJordan1960
5504,8,18,7,0.23222,30.019,NASA_POWER_SARAH3_LiuJordan1960
5505,8,18,8,0.342321,30.682,NASA_POWER_SARAH3_LiuJordan1960
5506,8,18,9,0.432218,31.236,NASA_POWER_SARAH3_LiuJordan1960
5507,8,18,10,0.495784,31.653,NASA_POWER_SARAH3_LiuJordan1960
5508,8,18,11,0.528689,31.912,NASA_POWER_SARAH3_LiuJordan1960
5509,8,18,12,0.528689,32.0,NASA_POWER_SARAH3_LiuJordan1960
5510,8,18,13,0.495784,31.912,NASA_POWER_SARAH3_LiuJordan1960
5511,8,18,14,0.432218,31.653,NASA_POWER_SARAH3_LiuJordan1960
5512,8,18,15,0.342321,31.236,NASA_POWER_SARAH3_LiuJordan1960
5513,8,18,16,0.23222,30.682,NASA_POWER_SARAH3_LiuJordan1960
5514,8,18,17,0.109419,30.019,NASA_POWER_SARAH3_LiuJordan1960
5515,8,18,18,0.0,29.279,NASA_POWER_SARAH3_LiuJordan1960
5516,8,18,19,0.0,28.5,NASA_POWER_SARAH3_LiuJordan1960
5517,8,18,20,0.0,26.75,NASA_POWER_SARAH3_LiuJordan1960
5518,8,18,21,0.0,26.75,NASA_POWER_SARAH3_LiuJordan1960
5519,8,18,22,0.0,26.75,NASA_POWER_SARAH3_LiuJordan1960
5520,8,18,23,0.0,26.75,NASA_POWER_SARAH3_LiuJordan1960
5521,8,19,0,0.0,26.75,NASA_POWER_SARAH3_LiuJordan1960
5522,8,19,1,0.0,26.75,NASA_POWER_SARAH3_LiuJordan1960
5523,8,19,2,0.0,26.75,NASA_POWER_SARAH3_LiuJordan1960
5524,8,19,3,0.0,26.75,NASA_POWER_SARAH3_LiuJordan1960
5525,8,19,4,0.0,26.75,NASA_POWER_SARAH3_LiuJordan1960
5526,8,19,5,0.0,28.5,NASA_POWER_SARAH3_LiuJordan1960
5527,8,19,6,0.10966,29.279,NASA_POWER_SARAH3_LiuJordan1960
5528,8,19,7,0.234164,30.019,NASA_POWER_SARAH3_LiuJordan1960
5529,8,19,8,0.345792,30.682,NASA_POWER_SARAH3_LiuJordan1960
5530,8,19,9,0.436936,31.236,NASA_POWER_SARAH3_LiuJordan1960
5531,8,19,10,0.501385,31.653,NASA_POWER_SARAH3_LiuJordan1960
5532,8,19,11,0.534745,31.912,NASA_POWER_SARAH3_LiuJordan1960
5533,8,19,12,0.534745,32.0,NASA_POWER_SARAH3_LiuJordan1960
5534,8,19,13,0.501385,31.912,NASA_POWER_SARAH3_LiuJordan1960
5535,8,19,14,0.436936,31.653,NASA_POWER_SARAH3_LiuJordan1960
5536,8,19,15,0.345792,31.236,NASA_POWER_SARAH3_LiuJordan1960
5537,8,19,16,0.234164,30.682,NASA_POWER_SARAH3_LiuJordan1960
5538,8,19,17,0.10966,30.019,NASA_POWER_SARAH3_LiuJordan1960
5539,8,19,18,0.0,29.279,NASA_POWER_SARAH3_LiuJordan1960
5540,8,19,19,0.0,28.5,NASA_POWER_SARAH3_LiuJordan1960
5541,8,19,20,0.0,26.75,NASA_POWER_SARAH3_LiuJordan1960
5542,8,19,21,0.0,26.75,NASA_POWER_SARAH3_LiuJordan1960
5543,8,19,22,0.0,26.75,NASA_POWER_SARAH3_LiuJordan1960
5544,8,19,23,0.0,26.75,NASA_POWER_SARAH3_LiuJordan1960
5545,8,20,0,0.0,26.75,NASA_POWER_SARAH3_LiuJordan1960
5546,8,20,1,0.0,26.75,NASA_POWER_SARAH3_LiuJordan1960
5547,8,20,2,0.0,26.75,NASA_POWER_SARAH3_LiuJordan1960
5548,8,20,3,0.0,26.75,NASA_POWER_SARAH3_LiuJordan1960
5549,8,20,4,0.0,26.75,NASA_POWER_SARAH3_LiuJordan1960
5550,8,20,5,0.0,28.5,NASA_POWER_SARAH3_LiuJordan1960
5551,8,20,6,0.082255,29.279,NASA_POWER_SARAH3_LiuJordan1960
5552,8,20,7,0.176754,30.019,NASA_POWER_SARAH3_LiuJordan1960
5553,8,20,8,0.26148,30.682,NASA_POWER_SARAH3_LiuJordan1960
5554,8,20,9,0.330659,31.236,NASA_POWER_SARAH3_LiuJordan1960
5555,8,20,10,0.379575,31.653,NASA_POWER_SARAH3_LiuJordan1960
5556,8,20,11,0.404897,31.912,NASA_POWER_SARAH3_LiuJordan1960
5557,8,20,12,0.404897,32.0,NASA_POWER_SARAH3_LiuJordan1960
5558,8,20,13,0.379575,31.912,NASA_POWER_SARAH3_LiuJordan1960
5559,8,20,14,0.330659,31.653,NASA_POWER_SARAH3_LiuJordan1960
5560,8,20,15,0.26148,31.236,NASA_POWER_SARAH3_LiuJordan1960
5561,8,20,16,0.176754,30.682,NASA_POWER_SARAH3_LiuJordan1960
5562,8,20,17,0.082255,30.019,NASA_POWER_SARAH3_LiuJordan1960
5563,8,20,18,0.0,29.279,NASA_POWER_SARAH3_LiuJordan1960
5564,8,20,19,0.0,28.5,NASA_POWER_SARAH3_LiuJordan1960
5565,8,20,20,0.0,26.75,NASA_POWER_SARAH3_LiuJordan1960
5566,8,20,21,0.0,26.75,NASA_POWER_SARAH3_LiuJordan1960
5567,8,20,22,0.0,26.75,NASA_POWER_SARAH3_LiuJordan1960
5568,8,20,23,0.0,26.75,NASA_POWER_SARAH3_LiuJordan1960
5569,8,21,0,0.0,26.75,NASA_POWER_SARAH3_LiuJordan1960
5570,8,21,1,0.0,26.75,NASA_POWER_SARAH3_LiuJordan1960
5571,8,21,2,0.0,26.75,NASA_POWER_SARAH3_LiuJordan1960
5572,8,21,3,0.0,26.75,NASA_POWER_SARAH3_LiuJordan1960
5573,8,21,4,0.0,26.75,NASA_POWER_SARAH3_LiuJordan1960
5574,8,21,5,0.0,28.5,NASA_POWER_SARAH3_LiuJordan1960
5575,8,21,6,0.106608,29.279,NASA_POWER_SARAH3_LiuJordan1960
5576,8,21,7,0.23057,30.019,NASA_POWER_SARAH3_LiuJordan1960
5577,8,21,8,0.341712,30.682,NASA_POWER_SARAH3_LiuJordan1960
5578,8,21,9,0.432459,31.236,NASA_POWER_SARAH3_LiuJordan1960
5579,8,21,10,0.496627,31.653,NASA_POWER_SARAH3_LiuJordan1960
5580,8,21,11,0.529843,31.912,NASA_POWER_SARAH3_LiuJordan1960
5581,8,21,12,0.529843,32.0,NASA_POWER_SARAH3_LiuJordan1960
5582,8,21,13,0.496627,31.912,NASA_POWER_SARAH3_LiuJordan1960
5583,8,21,14,0.432459,31.653,NASA_POWER_SARAH3_LiuJordan1960
5584,8,21,15,0.341712,31.236,NASA_POWER_SARAH3_LiuJordan1960
5585,8,21,16,0.23057,30.682,NASA_POWER_SARAH3_LiuJordan1960
5586,8,21,17,0.106608,30.019,NASA_POWER_SARAH3_LiuJordan1960
5587,8,21,18,0.0,29.279,NASA_POWER_SARAH3_LiuJordan1960
5588,8,21,19,0.0,28.5,NASA_POWER_SARAH3_LiuJordan1960
5589,8,21,20,0.0,26.75,NASA_POWER_SARAH3_LiuJordan1960
5590,8,21,21,0.0,26.75,NASA_POWER_SARAH3_LiuJordan1960
5591,8,21,22,0.0,26.75,NASA_POWER_SARAH3_LiuJordan1960
5592,8,21,23,0.0,26.75,NASA_POWER_SARAH3_LiuJordan1960
5593,8,22,0,0.0,26.75,NASA_POWER_SARAH3_LiuJordan1960
5594,8,22,1,0.0,26.75,NASA_POWER_SARAH3_LiuJordan1960
5595,8,22,2,0.0,26.75,NASA_POWER_SARAH3_LiuJordan1960
5596,8,22,3,0.0,26.75,NASA_POWER_SARAH3_LiuJordan1960
5597,8,22,4,0.0,26.75,NASA_POWER_SARAH3_LiuJordan1960
5598,8,22,5,0.0,28.5,NASA_POWER_SARAH3_LiuJordan1960
5599,8,22,6,0.049438,29.279,NASA_POWER_SARAH3_LiuJordan1960
5600,8,22,7,0.107636,30.019,NASA_POWER_SARAH3_LiuJordan1960
5601,8,22,8,0.159815,30.682,NASA_POWER_SARAH3_LiuJordan1960
5602,8,22,9,0.202418,31.236,NASA_POWER_SARAH3_LiuJordan1960
5603,8,22,10,0.232544,31.653,NASA_POWER_SARAH3_LiuJordan1960
5604,8,22,11,0.248138,31.912,NASA_POWER_SARAH3_LiuJordan1960
5605,8,22,12,0.248138,32.0,NASA_POWER_SARAH3_LiuJordan1960
5606,8,22,13,0.232544,31.912,NASA_POWER_SARAH3_LiuJordan1960
5607,8,22,14,0.202418,31.653,NASA_POWER_SARAH3_LiuJordan1960
5608,8,22,15,0.159815,31.236,NASA_POWER_SARAH3_LiuJordan1960
5609,8,22,16,0.107636,30.682,NASA_POWER_SARAH3_LiuJordan1960
5610,8,22,17,0.049438,30.019,NASA_POWER_SARAH3_LiuJordan1960
5611,8,22,18,0.0,29.279,NASA_POWER_SARAH3_LiuJordan1960
5612,8,22,19,0.0,28.5,NASA_POWER_SARAH3_LiuJordan1960
5613,8,22,20,0.0,26.75,NASA_POWER_SARAH3_LiuJordan1960
5614,8,22,21,0.0,26.75,NASA_POWER_SARAH3_LiuJordan1960
5615,8,22,22,0.0,26.75,NASA_POWER_SARAH3_LiuJordan1960
5616,8,22,23,0.0,26.75,NASA_POWER_SARAH3_LiuJordan1960
5617,8,23,0,0.0,26.75,NASA_POWER_SARAH3_LiuJordan1960
5618,8,23,1,0.0,26.75,NASA_POWER_SARAH3_LiuJordan1960
5619,8,23,2,0.0,26.75,NASA_POWER_SARAH3_LiuJordan1960
5620,8,23,3,0.0,26.75,NASA_POWER_SARAH3_LiuJordan1960
5621,8,23,4,0.0,26.75,NASA_POWER_SARAH3_LiuJordan1960
5622,8,23,5,0.0,28.5,NASA_POWER_SARAH3_LiuJordan1960
5623,8,23,6,0.093686,29.279,NASA_POWER_SARAH3_LiuJordan1960
5624,8,23,7,0.20536,30.019,NASA_POWER_SARAH3_LiuJordan1960
5625,8,23,8,0.305485,30.682,NASA_POWER_SARAH3_LiuJordan1960
5626,8,23,9,0.387237,31.236,NASA_POWER_SARAH3_LiuJordan1960
5627,8,23,10,0.445044,31.653,NASA_POWER_SARAH3_LiuJordan1960
5628,8,23,11,0.474967,31.912,NASA_POWER_SARAH3_LiuJordan1960
5629,8,23,12,0.474967,32.0,NASA_POWER_SARAH3_LiuJordan1960
5630,8,23,13,0.445044,31.912,NASA_POWER_SARAH3_LiuJordan1960
5631,8,23,14,0.387237,31.653,NASA_POWER_SARAH3_LiuJordan1960
5632,8,23,15,0.305485,31.236,NASA_POWER_SARAH3_LiuJordan1960
5633,8,23,16,0.20536,30.682,NASA_POWER_SARAH3_LiuJordan1960
5634,8,23,17,0.093686,30.019,NASA_POWER_SARAH3_LiuJordan1960
5635,8,23,18,0.0,29.279,NASA_POWER_SARAH3_LiuJordan1960
5636,8,23,19,0.0,28.5,NASA_POWER_SARAH3_LiuJordan1960
5637,8,23,20,0.0,26.75,NASA_POWER_SARAH3_LiuJordan1960
5638,8,23,21,0.0,26.75,NASA_POWER_SARAH3_LiuJordan1960
5639,8,23,22,0.0,26.75,NASA_POWER_SARAH3_LiuJordan1960
5640,8,23,23,0.0,26.75,NASA_POWER_SARAH3_LiuJordan1960
5641,8,24,0,0.0,26.75,NASA_POWER_SARAH3_LiuJordan1960
5642,8,24,1,0.0,26.75,NASA_POWER_SARAH3_LiuJordan1960
5643,8,24,2,0.0,26.75,NASA_POWER_SARAH3_LiuJordan1960
5644,8,24,3,0.0,26.75,NASA_POWER_SARAH3_LiuJordan1960
5645,8,24,4,0.0,26.75,NASA_POWER_SARAH3_LiuJordan1960
5646,8,24,5,0.0,28.5,NASA_POWER_SARAH3_LiuJordan1960
5647,8,24,6,0.098648,29.279,NASA_POWER_SARAH3_LiuJordan1960
5648,8,24,7,0.217751,30.019,NASA_POWER_SARAH3_LiuJordan1960
5649,8,24,8,0.324536,30.682,NASA_POWER_SARAH3_LiuJordan1960
5650,8,24,9,0.411725,31.236,NASA_POWER_SARAH3_LiuJordan1960
5651,8,24,10,0.473377,31.653,NASA_POWER_SARAH3_LiuJordan1960
5652,8,24,11,0.50529,31.912,NASA_POWER_SARAH3_LiuJordan1960
5653,8,24,12,0.50529,32.0,NASA_POWER_SARAH3_LiuJordan1960
5654,8,24,13,0.473377,31.912,NASA_POWER_SARAH3_LiuJordan1960
5655,8,24,14,0.411725,31.653,NASA_POWER_SARAH3_LiuJordan1960
5656,8,24,15,0.324536,31.236,NASA_POWER_SARAH3_LiuJordan1960
5657,8,24,16,0.217751,30.682,NASA_POWER_SARAH3_LiuJordan1960
5658,8,24,17,0.098648,30.019,NASA_POWER_SARAH3_LiuJordan1960
5659,8,24,18,0.0,29.279,NASA_POWER_SARAH3_LiuJordan1960
5660,8,24,19,0.0,28.5,NASA_POWER_SARAH3_LiuJordan1960
5661,8,24,20,0.0,26.75,NASA_POWER_SARAH3_LiuJordan1960
5662,8,24,21,0.0,26.75,NASA_POWER_SARAH3_LiuJordan1960
5663,8,24,22,0.0,26.75,NASA_POWER_SARAH3_LiuJordan1960
5664,8,24,23,0.0,26.75,NASA_POWER_SARAH3_LiuJordan1960
5665,8,25,0,0.0,26.75,NASA_POWER_SARAH3_LiuJordan1960
5666,8,25,1,0.0,26.75,NASA_POWER_SARAH3_LiuJordan1960
5667,8,25,2,0.0,26.75,NASA_POWER_SARAH3_LiuJordan1960
5668,8,25,3,0.0,26.75,NASA_POWER_SARAH3_LiuJordan1960
5669,8,25,4,0.0,26.75,NASA_POWER_SARAH3_LiuJordan1960
5670,8,25,5,0.0,28.5,NASA_POWER_SARAH3_LiuJordan1960
5671,8,25,6,0.091089,29.279,NASA_POWER_SARAH3_LiuJordan1960
5672,8,25,7,0.202507,30.019,NASA_POWER_SARAH3_LiuJordan1960
5673,8,25,8,0.302401,30.682,NASA_POWER_SARAH3_LiuJordan1960
5674,8,25,9,0.383964,31.236,NASA_POWER_SARAH3_LiuJordan1960
5675,8,25,10,0.441638,31.653,NASA_POWER_SARAH3_LiuJordan1960
5676,8,25,11,0.471493,31.912,NASA_POWER_SARAH3_LiuJordan1960
5677,8,25,12,0.471493,32.0,NASA_POWER_SARAH3_LiuJordan1960
5678,8,25,13,0.441638,31.912,NASA_POWER_SARAH3_LiuJordan1960
5679,8,25,14,0.383964,31.653,NASA_POWER_SARAH3_LiuJordan1960
5680,8,25,15,0.302401,31.236,NASA_POWER_SARAH3_LiuJordan1960
5681,8,25,16,0.202507,30.682,NASA_POWER_SARAH3_LiuJordan1960
5682,8,25,17,0.091089,30.019,NASA_POWER_SARAH3_LiuJordan1960
5683,8,25,18,0.0,29.279,NASA_POWER_SARAH3_LiuJordan1960
5684,8,25,19,0.0,28.5,NASA_POWER_SARAH3_LiuJordan1960
5685,8,25,20,0.0,26.75,NASA_POWER_SARAH3_LiuJordan1960
5686,8,25,21,0.0,26.75,NASA_POWER_SARAH3_LiuJordan1960
5687,8,25,22,0.0,26.75,NASA_POWER_SARAH3_LiuJordan1960
5688,8,25,23,0.0,26.75,NASA_POWER_SARAH3_LiuJordan1960
5689,8,26,0,0.0,26.75,NASA_POWER_SARAH3_LiuJordan1960
5690,8,26,1,0.0,26.75,NASA_POWER_SARAH3_LiuJordan1960
5691,8,26,2,0.0,26.75,NASA_POWER_SARAH3_LiuJordan1960
5692,8,26,3,0.0,26.75,NASA_POWER_SARAH3_LiuJordan1960
5693,8,26,4,0.0,26.75,NASA_POWER_SARAH3_LiuJordan1960
5694,8,26,5,0.0,28.5,NASA_POWER_SARAH3_LiuJordan1960
5695,8,26,6,0.091227,29.279,NASA_POWER_SARAH3_LiuJordan1960
5696,8,26,7,0.204305,30.019,NASA_POWER_SARAH3_LiuJordan1960
5697,8,26,8,0.305689,30.682,NASA_POWER_SARAH3_LiuJordan1960
5698,8,26,9,0.388468,31.236,NASA_POWER_SARAH3_LiuJordan1960
5699,8,26,10,0.447002,31.653,NASA_POWER_SARAH3_LiuJordan1960
5700,8,26,11,0.477301,31.912,NASA_POWER_SARAH3_LiuJordan1960
5701,8,26,12,0.477301,32.0,NASA_POWER_SARAH3_LiuJordan1960
5702,8,26,13,0.447002,31.912,NASA_POWER_SARAH3_LiuJordan1960
5703,8,26,14,0.388468,31.653,NASA_POWER_SARAH3_LiuJordan1960
5704,8,26,15,0.305689,31.236,NASA_POWER_SARAH3_LiuJordan1960
5705,8,26,16,0.204305,30.682,NASA_POWER_SARAH3_LiuJordan1960
5706,8,26,17,0.091227,30.019,NASA_POWER_SARAH3_LiuJordan1960
5707,8,26,18,0.0,29.279,NASA_POWER_SARAH3_LiuJordan1960
5708,8,26,19,0.0,28.5,NASA_POWER_SARAH3_LiuJordan1960
5709,8,26,20,0.0,26.75,NASA_POWER_SARAH3_LiuJordan1960
5710,8,26,21,0.0,26.75,NASA_POWER_SARAH3_LiuJordan1960
5711,8,26,22,0.0,26.75,NASA_POWER_SARAH3_LiuJordan1960
5712,8,26,23,0.0,26.75,NASA_POWER_SARAH3_LiuJordan1960
5713,8,27,0,0.0,26.75,NASA_POWER_SARAH3_LiuJordan1960
5714,8,27,1,0.0,26.75,NASA_POWER_SARAH3_LiuJordan1960
5715,8,27,2,0.0,26.75,NASA_POWER_SARAH3_LiuJordan1960
5716,8,27,3,0.0,26.75,NASA_POWER_SARAH3_LiuJordan1960
5717,8,27,4,0.0,26.75,NASA_POWER_SARAH3_LiuJordan1960
5718,8,27,5,0.0,28.5,NASA_POWER_SARAH3_LiuJordan1960
5719,8,27,6,0.102445,29.279,NASA_POWER_SARAH3_LiuJordan1960
5720,8,27,7,0.23116,30.019,NASA_POWER_SARAH3_LiuJordan1960
5721,8,27,8,0.346562,30.682,NASA_POWER_SARAH3_LiuJordan1960
5722,8,27,9,0.440788,31.236,NASA_POWER_SARAH3_LiuJordan1960
5723,8,27,10,0.507415,31.653,NASA_POWER_SARAH3_LiuJordan1960
5724,8,27,11,0.541904,31.912,NASA_POWER_SARAH3_LiuJordan1960
5725,8,27,12,0.541904,32.0,NASA_POWER_SARAH3_LiuJordan1960
5726,8,27,13,0.507415,31.912,NASA_POWER_SARAH3_LiuJordan1960
5727,8,27,14,0.440788,31.653,NASA_POWER_SARAH3_LiuJordan1960
5728,8,27,15,0.346562,31.236,NASA_POWER_SARAH3_LiuJordan1960
5729,8,27,16,0.23116,30.682,NASA_POWER_SARAH3_LiuJordan1960
5730,8,27,17,0.102445,30.019,NASA_POWER_SARAH3_LiuJordan1960
5731,8,27,18,0.0,29.279,NASA_POWER_SARAH3_LiuJordan1960
5732,8,27,19,0.0,28.5,NASA_POWER_SARAH3_LiuJordan1960
5733,8,27,20,0.0,26.75,NASA_POWER_SARAH3_LiuJordan1960
5734,8,27,21,0.0,26.75,NASA_POWER_SARAH3_LiuJordan1960
5735,8,27,22,0.0,26.75,NASA_POWER_SARAH3_LiuJordan1960
5736,8,27,23,0.0,26.75,NASA_POWER_SARAH3_LiuJordan1960
5737,8,28,0,0.0,26.75,NASA_POWER_SARAH3_LiuJordan1960
5738,8,28,1,0.0,26.75,NASA_POWER_SARAH3_LiuJordan1960
5739,8,28,2,0.0,26.75,NASA_POWER_SARAH3_LiuJordan1960
5740,8,28,3,0.0,26.75,NASA_POWER_SARAH3_LiuJordan1960
5741,8,28,4,0.0,26.75,NASA_POWER_SARAH3_LiuJordan1960
5742,8,28,5,0.0,28.5,NASA_POWER_SARAH3_LiuJordan1960
5743,8,28,6,0.069157,29.279,NASA_POWER_SARAH3_LiuJordan1960
5744,8,28,7,0.157254,30.019,NASA_POWER_SARAH3_LiuJordan1960
5745,8,28,8,0.23624,30.682,NASA_POWER_SARAH3_LiuJordan1960
5746,8,28,9,0.300731,31.236,NASA_POWER_SARAH3_LiuJordan1960
5747,8,28,10,0.346334,31.653,NASA_POWER_SARAH3_LiuJordan1960
5748,8,28,11,0.369939,31.912,NASA_POWER_SARAH3_LiuJordan1960
5749,8,28,12,0.369939,32.0,NASA_POWER_SARAH3_LiuJordan1960
5750,8,28,13,0.346334,31.912,NASA_POWER_SARAH3_LiuJordan1960
5751,8,28,14,0.300731,31.653,NASA_POWER_SARAH3_LiuJordan1960
5752,8,28,15,0.23624,31.236,NASA_POWER_SARAH3_LiuJordan1960
5753,8,28,16,0.157254,30.682,NASA_POWER_SARAH3_LiuJordan1960
5754,8,28,17,0.069157,30.019,NASA_POWER_SARAH3_LiuJordan1960
5755,8,28,18,0.0,29.279,NASA_POWER_SARAH3_LiuJordan1960
5756,8,28,19,0.0,28.5,NASA_POWER_SARAH3_LiuJordan1960
5757,8,28,20,0.0,26.75,NASA_POWER_SARAH3_LiuJordan1960
5758,8,28,21,0.0,26.75,NASA_POWER_SARAH3_LiuJordan1960
5759,8,28,22,0.0,26.75,NASA_POWER_SARAH3_LiuJordan1960
5760,8,28,23,0.0,26.75,NASA_POWER_SARAH3_LiuJordan1960
5761,8,29,0,0.0,26.75,NASA_POWER_SARAH3_LiuJordan1960
5762,8,29,1,0.0,26.75,NASA_POWER_SARAH3_LiuJordan1960
5763,8,29,2,0.0,26.75,NASA_POWER_SARAH3_LiuJordan1960
5764,8,29,3,0.0,26.75,NASA_POWER_SARAH3_LiuJordan1960
5765,8,29,4,0.0,26.75,NASA_POWER_SARAH3_LiuJordan1960
5766,8,29,5,0.0,28.5,NASA_POWER_SARAH3_LiuJordan1960
5767,8,29,6,0.085941,29.279,NASA_POWER_SARAH3_LiuJordan1960
5768,8,29,7,0.196971,30.019,NASA_POWER_SARAH3_LiuJordan1960
5769,8,29,8,0.296518,30.682,NASA_POWER_SARAH3_LiuJordan1960
5770,8,29,9,0.377798,31.236,NASA_POWER_SARAH3_LiuJordan1960
5771,8,29,10,0.435271,31.653,NASA_POWER_SARAH3_LiuJordan1960
5772,8,29,11,0.465022,31.912,NASA_POWER_SARAH3_LiuJordan1960
5773,8,29,12,0.465022,32.0,NASA_POWER_SARAH3_LiuJordan1960
5774,8,29,13,0.435271,31.912,NASA_POWER_SARAH3_LiuJordan1960
5775,8,29,14,0.377798,31.653,NASA_POWER_SARAH3_LiuJordan1960
5776,8,29,15,0.296518,31.236,NASA_POWER_SARAH3_LiuJordan1960
5777,8,29,16,0.196971,30.682,NASA_POWER_SARAH3_LiuJordan1960
5778,8,29,17,0.085941,30.019,NASA_POWER_SARAH3_LiuJordan1960
5779,8,29,18,0.0,29.279,NASA_POWER_SARAH3_LiuJordan1960
5780,8,29,19,0.0,28.5,NASA_POWER_SARAH3_LiuJordan1960
5781,8,29,20,0.0,26.75,NASA_POWER_SARAH3_LiuJordan1960
5782,8,29,21,0.0,26.75,NASA_POWER_SARAH3_LiuJordan1960
5783,8,29,22,0.0,26.75,NASA_POWER_SARAH3_LiuJordan1960
5784,8,29,23,0.0,26.75,NASA_POWER_SARAH3_LiuJordan1960
5785,8,30,0,0.0,26.75,NASA_POWER_SARAH3_LiuJordan1960
5786,8,30,1,0.0,26.75,NASA_POWER_SARAH3_LiuJordan1960
5787,8,30,2,0.0,26.75,NASA_POWER_SARAH3_LiuJordan1960
5788,8,30,3,0.0,26.75,NASA_POWER_SARAH3_LiuJordan1960
5789,8,30,4,0.0,26.75,NASA_POWER_SARAH3_LiuJordan1960
5790,8,30,5,0.0,28.5,NASA_POWER_SARAH3_LiuJordan1960
5791,8,30,6,0.06436,29.279,NASA_POWER_SARAH3_LiuJordan1960
5792,8,30,7,0.148709,30.019,NASA_POWER_SARAH3_LiuJordan1960
5793,8,30,8,0.224334,30.682,NASA_POWER_SARAH3_LiuJordan1960
5794,8,30,9,0.286082,31.236,NASA_POWER_SARAH3_LiuJordan1960
5795,8,30,10,0.329745,31.653,NASA_POWER_SARAH3_LiuJordan1960
5796,8,30,11,0.352346,31.912,NASA_POWER_SARAH3_LiuJordan1960
5797,8,30,12,0.352346,32.0,NASA_POWER_SARAH3_LiuJordan1960
5798,8,30,13,0.329745,31.912,NASA_POWER_SARAH3_LiuJordan1960
5799,8,30,14,0.286082,31.653,NASA_POWER_SARAH3_LiuJordan1960
5800,8,30,15,0.224334,31.236,NASA_POWER_SARAH3_LiuJordan1960
5801,8,30,16,0.148709,30.682,NASA_POWER_SARAH3_LiuJordan1960
5802,8,30,17,0.06436,30.019,NASA_POWER_SARAH3_LiuJordan1960
5803,8,30,18,0.0,29.279,NASA_POWER_SARAH3_LiuJordan1960
5804,8,30,19,0.0,28.5,NASA_POWER_SARAH3_LiuJordan1960
5805,8,30,20,0.0,26.75,NASA_POWER_SARAH3_LiuJordan1960
5806,8,30,21,0.0,26.75,NASA_POWER_SARAH3_LiuJordan1960
5807,8,30,22,0.0,26.75,NASA_POWER_SARAH3_LiuJordan1960
5808,8,30,23,0.0,26.75,NASA_POWER_SARAH3_LiuJordan1960
5809,8,31,0,0.0,26.75,NASA_POWER_SARAH3_LiuJordan1960
5810,8,31,1,0.0,26.75,NASA_POWER_SARAH3_LiuJordan1960
5811,8,31,2,0.0,26.75,NASA_POWER_SARAH3_LiuJordan1960
5812,8,31,3,0.0,26.75,NASA_POWER_SARAH3_LiuJordan1960
5813,8,31,4,0.0,26.75,NASA_POWER_SARAH3_LiuJordan1960
5814,8,31,5,0.0,28.5,NASA_POWER_SARAH3_LiuJordan1960
5815,8,31,6,0.090066,29.279,NASA_POWER_SARAH3_LiuJordan1960
5816,8,31,7,0.209845,30.019,NASA_POWER_SARAH3_LiuJordan1960
5817,8,31,8,0.317235,30.682,NASA_POWER_SARAH3_LiuJordan1960
5818,8,31,9,0.404919,31.236,NASA_POWER_SARAH3_LiuJordan1960
5819,8,31,10,0.466921,31.653,NASA_POWER_SARAH3_LiuJordan1960
5820,8,31,11,0.499016,31.912,NASA_POWER_SARAH3_LiuJordan1960
5821,8,31,12,0.499016,32.0,NASA_POWER_SARAH3_LiuJordan1960
5822,8,31,13,0.466921,31.912,NASA_POWER_SARAH3_LiuJordan1960
5823,8,31,14,0.404919,31.653,NASA_POWER_SARAH3_LiuJordan1960
5824,8,31,15,0.317235,31.236,NASA_POWER_SARAH3_LiuJordan1960
5825,8,31,16,0.209845,30.682,NASA_POWER_SARAH3_LiuJordan1960
5826,8,31,17,0.090066,30.019,NASA_POWER_SARAH3_LiuJordan1960
5827,8,31,18,0.0,29.279,NASA_POWER_SARAH3_LiuJordan1960
5828,8,31,19,0.0,28.5,NASA_POWER_SARAH3_LiuJordan1960
5829,8,31,20,0.0,26.75,NASA_POWER_SARAH3_LiuJordan1960
5830,8,31,21,0.0,26.75,NASA_POWER_SARAH3_LiuJordan1960
5831,8,31,22,0.0,26.75,NASA_POWER_SARAH3_LiuJordan1960
5832,8,31,23,0.0,26.75,NASA_POWER_SARAH3_LiuJordan1960
5833,9,1,0,0.0,26.5,NASA_POWER_SARAH3_LiuJordan1960
5834,9,1,1,0.0,26.5,NASA_POWER_SARAH3_LiuJordan1960
5835,9,1,2,0.0,26.5,NASA_POWER_SARAH3_LiuJordan1960
5836,9,1,3,0.0,26.5,NASA_POWER_SARAH3_LiuJordan1960
5837,9,1,4,0.0,26.5,NASA_POWER_SARAH3_LiuJordan1960
5838,9,1,5,0.0,28.5,NASA_POWER_SARAH3_LiuJordan1960
5839,9,1,6,0.100968,29.39,NASA_POWER_SARAH3_LiuJordan1960
5840,9,1,7,0.237261,30.236,NASA_POWER_SARAH3_LiuJordan1960
5841,9,1,8,0.359458,30.994,NASA_POWER_SARAH3_LiuJordan1960
5842,9,1,9,0.459231,31.627,NASA_POWER_SARAH3_LiuJordan1960
5843,9,1,10,0.529781,32.104,NASA_POWER_SARAH3_LiuJordan1960
5844,9,1,11,0.566301,32.4,NASA_POWER_SARAH3_LiuJordan1960
5845,9,1,12,0.566301,32.5,NASA_POWER_SARAH3_LiuJordan1960
5846,9,1,13,0.529781,32.4,NASA_POWER_SARAH3_LiuJordan1960
5847,9,1,14,0.459231,32.104,NASA_POWER_SARAH3_LiuJordan1960
5848,9,1,15,0.359458,31.627,NASA_POWER_SARAH3_LiuJordan1960
5849,9,1,16,0.237261,30.994,NASA_POWER_SARAH3_LiuJordan1960
5850,9,1,17,0.100968,30.236,NASA_POWER_SARAH3_LiuJordan1960
5851,9,1,18,0.0,29.39,NASA_POWER_SARAH3_LiuJordan1960
5852,9,1,19,0.0,28.5,NASA_POWER_SARAH3_LiuJordan1960
5853,9,1,20,0.0,26.5,NASA_POWER_SARAH3_LiuJordan1960
5854,9,1,21,0.0,26.5,NASA_POWER_SARAH3_LiuJordan1960
5855,9,1,22,0.0,26.5,NASA_POWER_SARAH3_LiuJordan1960
5856,9,1,23,0.0,26.5,NASA_POWER_SARAH3_LiuJordan1960
5857,9,2,0,0.0,26.5,NASA_POWER_SARAH3_LiuJordan1960
5858,9,2,1,0.0,26.5,NASA_POWER_SARAH3_LiuJordan1960
5859,9,2,2,0.0,26.5,NASA_POWER_SARAH3_LiuJordan1960
5860,9,2,3,0.0,26.5,NASA_POWER_SARAH3_LiuJordan1960
5861,9,2,4,0.0,26.5,NASA_POWER_SARAH3_LiuJordan1960
5862,9,2,5,0.0,28.5,NASA_POWER_SARAH3_LiuJordan1960
5863,9,2,6,0.104708,29.39,NASA_POWER_SARAH3_LiuJordan1960
5864,9,2,7,0.248213,30.236,NASA_POWER_SARAH3_LiuJordan1960
5865,9,2,8,0.376875,30.994,NASA_POWER_SARAH3_LiuJordan1960
5866,9,2,9,0.481928,31.627,NASA_POWER_SARAH3_LiuJordan1960
5867,9,2,10,0.556211,32.104,NASA_POWER_SARAH3_LiuJordan1960
5868,9,2,11,0.594663,32.4,NASA_POWER_SARAH3_LiuJordan1960
5869,9,2,12,0.594663,32.5,NASA_POWER_SARAH3_LiuJordan1960
5870,9,2,13,0.556211,32.4,NASA_POWER_SARAH3_LiuJordan1960
5871,9,2,14,0.481928,32.104,NASA_POWER_SARAH3_LiuJordan1960
5872,9,2,15,0.376875,31.627,NASA_POWER_SARAH3_LiuJordan1960
5873,9,2,16,0.248213,30.994,NASA_POWER_SARAH3_LiuJordan1960
5874,9,2,17,0.104708,30.236,NASA_POWER_SARAH3_LiuJordan1960
5875,9,2,18,0.0,29.39,NASA_POWER_SARAH3_LiuJordan1960
5876,9,2,19,0.0,28.5,NASA_POWER_SARAH3_LiuJordan1960
5877,9,2,20,0.0,26.5,NASA_POWER_SARAH3_LiuJordan1960
5878,9,2,21,0.0,26.5,NASA_POWER_SARAH3_LiuJordan1960
5879,9,2,22,0.0,26.5,NASA_POWER_SARAH3_LiuJordan1960
5880,9,2,23,0.0,26.5,NASA_POWER_SARAH3_LiuJordan1960
5881,9,3,0,0.0,26.5,NASA_POWER_SARAH3_LiuJordan1960
5882,9,3,1,0.0,26.5,NASA_POWER_SARAH3_LiuJordan1960
5883,9,3,2,0.0,26.5,NASA_POWER_SARAH3_LiuJordan1960
5884,9,3,3,0.0,26.5,NASA_POWER_SARAH3_LiuJordan1960
5885,9,3,4,0.0,26.5,NASA_POWER_SARAH3_LiuJordan1960
5886,9,3,5,0.0,28.5,NASA_POWER_SARAH3_LiuJordan1960
5887,9,3,6,0.097186,29.39,NASA_POWER_SARAH3_LiuJordan1960
5888,9,3,7,0.23246,30.236,NASA_POWER_SARAH3_LiuJordan1960
5889,9,3,8,0.353743,30.994,NASA_POWER_SARAH3_LiuJordan1960
5890,9,3,9,0.45277,31.627,NASA_POWER_SARAH3_LiuJordan1960
5891,9,3,10,0.522793,32.104,NASA_POWER_SARAH3_LiuJordan1960
5892,9,3,11,0.55904,32.4,NASA_POWER_SARAH3_LiuJordan1960
5893,9,3,12,0.55904,32.5,NASA_POWER_SARAH3_LiuJordan1960
5894,9,3,13,0.522793,32.4,NASA_POWER_SARAH3_LiuJordan1960
5895,9,3,14,0.45277,32.104,NASA_POWER_SARAH3_LiuJordan1960
5896,9,3,15,0.353743,31.627,NASA_POWER_SARAH3_LiuJordan1960
5897,9,3,16,0.23246,30.994,NASA_POWER_SARAH3_LiuJordan1960
5898,9,3,17,0.097186,30.236,NASA_POWER_SARAH3_LiuJordan1960
5899,9,3,18,0.0,29.39,NASA_POWER_SARAH3_LiuJordan1960
5900,9,3,19,0.0,28.5,NASA_POWER_SARAH3_LiuJordan1960
5901,9,3,20,0.0,26.5,NASA_POWER_SARAH3_LiuJordan1960
5902,9,3,21,0.0,26.5,NASA_POWER_SARAH3_LiuJordan1960
5903,9,3,22,0.0,26.5,NASA_POWER_SARAH3_LiuJordan1960
5904,9,3,23,0.0,26.5,NASA_POWER_SARAH3_LiuJordan1960
5905,9,4,0,0.0,26.5,NASA_POWER_SARAH3_LiuJordan1960
5906,9,4,1,0.0,26.5,NASA_POWER_SARAH3_LiuJordan1960
5907,9,4,2,0.0,26.5,NASA_POWER_SARAH3_LiuJordan1960
5908,9,4,3,0.0,26.5,NASA_POWER_SARAH3_LiuJordan1960
5909,9,4,4,0.0,26.5,NASA_POWER_SARAH3_LiuJordan1960
5910,9,4,5,0.0,28.5,NASA_POWER_SARAH3_LiuJordan1960
5911,9,4,6,0.086507,29.39,NASA_POWER_SARAH3_LiuJordan1960
5912,9,4,7,0.208834,30.236,NASA_POWER_SARAH3_LiuJordan1960
5913,9,4,8,0.318509,30.994,NASA_POWER_SARAH3_LiuJordan1960
5914,9,4,9,0.408058,31.627,NASA_POWER_SARAH3_LiuJordan1960
5915,9,4,10,0.471379,32.104,NASA_POWER_SARAH3_LiuJordan1960
5916,9,4,11,0.504157,32.4,NASA_POWER_SARAH3_LiuJordan1960
5917,9,4,12,0.504157,32.5,NASA_POWER_SARAH3_LiuJordan1960
5918,9,4,13,0.471379,32.4,NASA_POWER_SARAH3_LiuJordan1960
5919,9,4,14,0.408058,32.104,NASA_POWER_SARAH3_LiuJordan1960
5920,9,4,15,0.318509,31.627,NASA_POWER_SARAH3_LiuJordan1960
5921,9,4,16,0.208834,30.994,NASA_POWER_SARAH3_LiuJordan1960
5922,9,4,17,0.086507,30.236,NASA_POWER_SARAH3_LiuJordan1960
5923,9,4,18,0.0,29.39,NASA_POWER_SARAH3_LiuJordan1960
5924,9,4,19,0.0,28.5,NASA_POWER_SARAH3_LiuJordan1960
5925,9,4,20,0.0,26.5,NASA_POWER_SARAH3_LiuJordan1960
5926,9,4,21,0.0,26.5,NASA_POWER_SARAH3_LiuJordan1960
5927,9,4,22,0.0,26.5,NASA_POWER_SARAH3_LiuJordan1960
5928,9,4,23,0.0,26.5,NASA_POWER_SARAH3_LiuJordan1960
5929,9,5,0,0.0,26.5,NASA_POWER_SARAH3_LiuJordan1960
5930,9,5,1,0.0,26.5,NASA_POWER_SARAH3_LiuJordan1960
5931,9,5,2,0.0,26.5,NASA_POWER_SARAH3_LiuJordan1960
5932,9,5,3,0.0,26.5,NASA_POWER_SARAH3_LiuJordan1960
5933,9,5,4,0.0,26.5,NASA_POWER_SARAH3_LiuJordan1960
5934,9,5,5,0.0,28.5,NASA_POWER_SARAH3_LiuJordan1960
5935,9,5,6,0.101148,29.39,NASA_POWER_SARAH3_LiuJordan1960
5936,9,5,7,0.2465,30.236,NASA_POWER_SARAH3_LiuJordan1960
5937,9,5,8,0.376818,30.994,NASA_POWER_SARAH3_LiuJordan1960
5938,9,5,9,0.483223,31.627,NASA_POWER_SARAH3_LiuJordan1960
5939,9,5,10,0.558462,32.104,NASA_POWER_SARAH3_LiuJordan1960
5940,9,5,11,0.597409,32.4,NASA_POWER_SARAH3_LiuJordan1960
5941,9,5,12,0.597409,32.5,NASA_POWER_SARAH3_LiuJordan1960
5942,9,5,13,0.558462,32.4,NASA_POWER_SARAH3_LiuJordan1960
5943,9,5,14,0.483223,32.104,NASA_POWER_SARAH3_LiuJordan1960
5944,9,5,15,0.376818,31.627,NASA_POWER_SARAH3_LiuJordan1960
5945,9,5,16,0.2465,30.994,NASA_POWER_SARAH3_LiuJordan1960
5946,9,5,17,0.101148,30.236,NASA_POWER_SARAH3_LiuJordan1960
5947,9,5,18,0.0,29.39,NASA_POWER_SARAH3_LiuJordan1960
5948,9,5,19,0.0,28.5,NASA_POWER_SARAH3_LiuJordan1960
5949,9,5,20,0.0,26.5,NASA_POWER_SARAH3_LiuJordan1960
5950,9,5,21,0.0,26.5,NASA_POWER_SARAH3_LiuJordan1960
5951,9,5,22,0.0,26.5,NASA_POWER_SARAH3_LiuJordan1960
5952,9,5,23,0.0,26.5,NASA_POWER_SARAH3_LiuJordan1960
5953,9,6,0,0.0,26.5,NASA_POWER_SARAH3_LiuJordan1960
5954,9,6,1,0.0,26.5,NASA_POWER_SARAH3_LiuJordan1960
5955,9,6,2,0.0,26.5,NASA_POWER_SARAH3_LiuJordan1960
5956,9,6,3,0.0,26.5,NASA_POWER_SARAH3_LiuJordan1960
5957,9,6,4,0.0,26.5,NASA_POWER_SARAH3_LiuJordan1960
5958,9,6,5,0.0,28.5,NASA_POWER_SARAH3_LiuJordan1960
5959,9,6,6,0.097014,29.39,NASA_POWER_SARAH3_LiuJordan1960
5960,9,6,7,0.238732,30.236,NASA_POWER_SARAH3_LiuJordan1960
5961,9,6,8,0.365793,30.994,NASA_POWER_SARAH3_LiuJordan1960
5962,9,6,9,0.469537,31.627,NASA_POWER_SARAH3_LiuJordan1960
5963,9,6,10,0.542896,32.104,NASA_POWER_SARAH3_LiuJordan1960
5964,9,6,11,0.580869,32.4,NASA_POWER_SARAH3_LiuJordan1960
5965,9,6,12,0.580869,32.5,NASA_POWER_SARAH3_LiuJordan1960
5966,9,6,13,0.542896,32.4,NASA_POWER_SARAH3_LiuJordan1960
5967,9,6,14,0.469537,32.104,NASA_POWER_SARAH3_LiuJordan1960
5968,9,6,15,0.365793,31.627,NASA_POWER_SARAH3_LiuJordan1960
5969,9,6,16,0.238732,30.994,NASA_POWER_SARAH3_LiuJordan1960
5970,9,6,17,0.097014,30.236,NASA_POWER_SARAH3_LiuJordan1960
5971,9,6,18,0.0,29.39,NASA_POWER_SARAH3_LiuJordan1960
5972,9,6,19,0.0,28.5,NASA_POWER_SARAH3_LiuJordan1960
5973,9,6,20,0.0,26.5,NASA_POWER_SARAH3_LiuJordan1960
5974,9,6,21,0.0,26.5,NASA_POWER_SARAH3_LiuJordan1960
5975,9,6,22,0.0,26.5,NASA_POWER_SARAH3_LiuJordan1960
5976,9,6,23,0.0,26.5,NASA_POWER_SARAH3_LiuJordan1960
5977,9,7,0,0.0,26.5,NASA_POWER_SARAH3_LiuJordan1960
5978,9,7,1,0.0,26.5,NASA_POWER_SARAH3_LiuJordan1960
5979,9,7,2,0.0,26.5,NASA_POWER_SARAH3_LiuJordan1960
5980,9,7,3,0.0,26.5,NASA_POWER_SARAH3_LiuJordan1960
5981,9,7,4,0.0,26.5,NASA_POWER_SARAH3_LiuJordan1960
5982,9,7,5,0.0,28.5,NASA_POWER_SARAH3_LiuJordan1960
5983,9,7,6,0.082332,29.39,NASA_POWER_SARAH3_LiuJordan1960
5984,9,7,7,0.204634,30.236,NASA_POWER_SARAH3_LiuJordan1960
5985,9,7,8,0.314287,30.994,NASA_POWER_SARAH3_LiuJordan1960
5986,9,7,9,0.403818,31.627,NASA_POWER_SARAH3_LiuJordan1960
5987,9,7,10,0.467126,32.104,NASA_POWER_SARAH3_LiuJordan1960
5988,9,7,11,0.499897,32.4,NASA_POWER_SARAH3_LiuJordan1960
5989,9,7,12,0.499897,32.5,NASA_POWER_SARAH3_LiuJordan1960
5990,9,7,13,0.467126,32.4,NASA_POWER_SARAH3_LiuJordan1960
5991,9,7,14,0.403818,32.104,NASA_POWER_SARAH3_LiuJordan1960
5992,9,7,15,0.314287,31.627,NASA_POWER_SARAH3_LiuJordan1960
5993,9,7,16,0.204634,30.994,NASA_POWER_SARAH3_LiuJordan1960
5994,9,7,17,0.082332,30.236,NASA_POWER_SARAH3_LiuJordan1960
5995,9,7,18,0.0,29.39,NASA_POWER_SARAH3_LiuJordan1960
5996,9,7,19,0.0,28.5,NASA_POWER_SARAH3_LiuJordan1960
5997,9,7,20,0.0,26.5,NASA_POWER_SARAH3_LiuJordan1960
5998,9,7,21,0.0,26.5,NASA_POWER_SARAH3_LiuJordan1960
5999,9,7,22,0.0,26.5,NASA_POWER_SARAH3_LiuJordan1960
6000,9,7,23,0.0,26.5,NASA_POWER_SARAH3_LiuJordan1960
6001,9,8,0,0.0,26.5,NASA_POWER_SARAH3_LiuJordan1960
6002,9,8,1,0.0,26.5,NASA_POWER_SARAH3_LiuJordan1960
6003,9,8,2,0.0,26.5,NASA_POWER_SARAH3_LiuJordan1960
6004,9,8,3,0.0,26.5,NASA_POWER_SARAH3_LiuJordan1960
6005,9,8,4,0.0,26.5,NASA_POWER_SARAH3_LiuJordan1960
6006,9,8,5,0.0,28.5,NASA_POWER_SARAH3_LiuJordan1960
6007,9,8,6,0.083539,29.39,NASA_POWER_SARAH3_LiuJordan1960
6008,9,8,7,0.209771,30.236,NASA_POWER_SARAH3_LiuJordan1960
6009,9,8,8,0.322947,30.994,NASA_POWER_SARAH3_LiuJordan1960
6010,9,8,9,0.415354,31.627,NASA_POWER_SARAH3_LiuJordan1960
6011,9,8,10,0.480697,32.104,NASA_POWER_SARAH3_LiuJordan1960
6012,9,8,11,0.51452,32.4,NASA_POWER_SARAH3_LiuJordan1960
6013,9,8,12,0.51452,32.5,NASA_POWER_SARAH3_LiuJordan1960
6014,9,8,13,0.480697,32.4,NASA_POWER_SARAH3_LiuJordan1960
6015,9,8,14,0.415354,32.104,NASA_POWER_SARAH3_LiuJordan1960
6016,9,8,15,0.322947,31.627,NASA_POWER_SARAH3_LiuJordan1960
6017,9,8,16,0.209771,30.994,NASA_POWER_SARAH3_LiuJordan1960
6018,9,8,17,0.083539,30.236,NASA_POWER_SARAH3_LiuJordan1960
6019,9,8,18,0.0,29.39,NASA_POWER_SARAH3_LiuJordan1960
6020,9,8,19,0.0,28.5,NASA_POWER_SARAH3_LiuJordan1960
6021,9,8,20,0.0,26.5,NASA_POWER_SARAH3_LiuJordan1960
6022,9,8,21,0.0,26.5,NASA_POWER_SARAH3_LiuJordan1960
6023,9,8,22,0.0,26.5,NASA_POWER_SARAH3_LiuJordan1960
6024,9,8,23,0.0,26.5,NASA_POWER_SARAH3_LiuJordan1960
6025,9,9,0,0.0,26.5,NASA_POWER_SARAH3_LiuJordan1960
6026,9,9,1,0.0,26.5,NASA_POWER_SARAH3_LiuJordan1960
6027,9,9,2,0.0,26.5,NASA_POWER_SARAH3_LiuJordan1960
6028,9,9,3,0.0,26.5,NASA_POWER_SARAH3_LiuJordan1960
6029,9,9,4,0.0,26.5,NASA_POWER_SARAH3_LiuJordan1960
6030,9,9,5,0.0,28.5,NASA_POWER_SARAH3_LiuJordan1960
6031,9,9,6,0.066445,29.39,NASA_POWER_SARAH3_LiuJordan1960
6032,9,9,7,0.16861,30.236,NASA_POWER_SARAH3_LiuJordan1960
6033,9,9,8,0.260209,30.994,NASA_POWER_SARAH3_LiuJordan1960
6034,9,9,9,0.334999,31.627,NASA_POWER_SARAH3_LiuJordan1960
6035,9,9,10,0.387884,32.104,NASA_POWER_SARAH3_LiuJordan1960
6036,9,9,11,0.415259,32.4,NASA_POWER_SARAH3_LiuJordan1960
6037,9,9,12,0.415259,32.5,NASA_POWER_SARAH3_LiuJordan1960
6038,9,9,13,0.387884,32.4,NASA_POWER_SARAH3_LiuJordan1960
6039,9,9,14,0.334999,32.104,NASA_POWER_SARAH3_LiuJordan1960
6040,9,9,15,0.260209,31.627,NASA_POWER_SARAH3_LiuJordan1960
6041,9,9,16,0.16861,30.994,NASA_POWER_SARAH3_LiuJordan1960
6042,9,9,17,0.066445,30.236,NASA_POWER_SARAH3_LiuJordan1960
6043,9,9,18,0.0,29.39,NASA_POWER_SARAH3_LiuJordan1960
6044,9,9,19,0.0,28.5,NASA_POWER_SARAH3_LiuJordan1960
6045,9,9,20,0.0,26.5,NASA_POWER_SARAH3_LiuJordan1960
6046,9,9,21,0.0,26.5,NASA_POWER_SARAH3_LiuJordan1960
6047,9,9,22,0.0,26.5,NASA_POWER_SARAH3_LiuJordan1960
6048,9,9,23,0.0,26.5,NASA_POWER_SARAH3_LiuJordan1960
6049,9,10,0,0.0,26.5,NASA_POWER_SARAH3_LiuJordan1960
6050,9,10,1,0.0,26.5,NASA_POWER_SARAH3_LiuJordan1960
6051,9,10,2,0.0,26.5,NASA_POWER_SARAH3_LiuJordan1960
6052,9,10,3,0.0,26.5,NASA_POWER_SARAH3_LiuJordan1960
6053,9,10,4,0.0,26.5,NASA_POWER_SARAH3_LiuJordan1960
6054,9,10,5,0.0,28.5,NASA_POWER_SARAH3_LiuJordan1960
6055,9,10,6,0.083927,29.39,NASA_POWER_SARAH3_LiuJordan1960
6056,9,10,7,0.215286,30.236,NASA_POWER_SARAH3_LiuJordan1960
6057,9,10,8,0.333059,30.994,NASA_POWER_SARAH3_LiuJordan1960
6058,9,10,9,0.429221,31.627,NASA_POWER_SARAH3_LiuJordan1960
6059,9,10,10,0.497217,32.104,NASA_POWER_SARAH3_LiuJordan1960
6060,9,10,11,0.532415,32.4,NASA_POWER_SARAH3_LiuJordan1960
6061,9,10,12,0.532415,32.5,NASA_POWER_SARAH3_LiuJordan1960
6062,9,10,13,0.497217,32.4,NASA_POWER_SARAH3_LiuJordan1960
6063,9,10,14,0.429221,32.104,NASA_POWER_SARAH3_LiuJordan1960
6064,9,10,15,0.333059,31.627,NASA_POWER_SARAH3_LiuJordan1960
6065,9,10,16,0.215286,30.994,NASA_POWER_SARAH3_LiuJordan1960
6066,9,10,17,0.083927,30.236,NASA_POWER_SARAH3_LiuJordan1960
6067,9,10,18,0.0,29.39,NASA_POWER_SARAH3_LiuJordan1960
6068,9,10,19,0.0,28.5,NASA_POWER_SARAH3_LiuJordan1960
6069,9,10,20,0.0,26.5,NASA_POWER_SARAH3_LiuJordan1960
6070,9,10,21,0.0,26.5,NASA_POWER_SARAH3_LiuJordan1960
6071,9,10,22,0.0,26.5,NASA_POWER_SARAH3_LiuJordan1960
6072,9,10,23,0.0,26.5,NASA_POWER_SARAH3_LiuJordan1960
6073,9,11,0,0.0,26.5,NASA_POWER_SARAH3_LiuJordan1960
6074,9,11,1,0.0,26.5,NASA_POWER_SARAH3_LiuJordan1960
6075,9,11,2,0.0,26.5,NASA_POWER_SARAH3_LiuJordan1960
6076,9,11,3,0.0,26.5,NASA_POWER_SARAH3_LiuJordan1960
6077,9,11,4,0.0,26.5,NASA_POWER_SARAH3_LiuJordan1960
6078,9,11,5,0.0,28.5,NASA_POWER_SARAH3_LiuJordan1960
6079,9,11,6,0.093622,29.39,NASA_POWER_SARAH3_LiuJordan1960
6080,9,11,7,0.242836,30.236,NASA_POWER_SARAH3_LiuJordan1960
6081,9,11,8,0.376618,30.994,NASA_POWER_SARAH3_LiuJordan1960
6082,9,11,9,0.48585,31.627,NASA_POWER_SARAH3_LiuJordan1960
6083,9,11,10,0.563089,32.104,NASA_POWER_SARAH3_LiuJordan1960
6084,9,11,11,0.603071,32.4,NASA_POWER_SARAH3_LiuJordan1960
6085,9,11,12,0.603071,32.5,NASA_POWER_SARAH3_LiuJordan1960
6086,9,11,13,0.563089,32.4,NASA_POWER_SARAH3_LiuJordan1960
6087,9,11,14,0.48585,32.104,NASA_POWER_SARAH3_LiuJordan1960
6088,9,11,15,0.376618,31.627,NASA_POWER_SARAH3_LiuJordan1960
6089,9,11,16,0.242836,30.994,NASA_POWER_SARAH3_LiuJordan1960
6090,9,11,17,0.093622,30.236,NASA_POWER_SARAH3_LiuJordan1960
6091,9,11,18,0.0,29.39,NASA_POWER_SARAH3_LiuJordan1960
6092,9,11,19,0.0,28.5,NASA_POWER_SARAH3_LiuJordan1960
6093,9,11,20,0.0,26.5,NASA_POWER_SARAH3_LiuJordan1960
6094,9,11,21,0.0,26.5,NASA_POWER_SARAH3_LiuJordan1960
6095,9,11,22,0.0,26.5,NASA_POWER_SARAH3_LiuJordan1960
6096,9,11,23,0.0,26.5,NASA_POWER_SARAH3_LiuJordan1960
6097,9,12,0,0.0,26.5,NASA_POWER_SARAH3_LiuJordan1960
6098,9,12,1,0.0,26.5,NASA_POWER_SARAH3_LiuJordan1960
6099,9,12,2,0.0,26.5,NASA_POWER_SARAH3_LiuJordan1960
6100,9,12,3,0.0,26.5,NASA_POWER_SARAH3_LiuJordan1960
6101,9,12,4,0.0,26.5,NASA_POWER_SARAH3_LiuJordan1960
6102,9,12,5,0.0,28.5,NASA_POWER_SARAH3_LiuJordan1960
6103,9,12,6,0.05172,29.39,NASA_POWER_SARAH3_LiuJordan1960
6104,9,12,7,0.135691,30.236,NASA_POWER_SARAH3_LiuJordan1960
6105,9,12,8,0.210977,30.994,NASA_POWER_SARAH3_LiuJordan1960
6106,9,12,9,0.272447,31.627,NASA_POWER_SARAH3_LiuJordan1960
6107,9,12,10,0.315913,32.104,NASA_POWER_SARAH3_LiuJordan1960
6108,9,12,11,0.338413,32.4,NASA_POWER_SARAH3_LiuJordan1960
6109,9,12,12,0.338413,32.5,NASA_POWER_SARAH3_LiuJordan1960
6110,9,12,13,0.315913,32.4,NASA_POWER_SARAH3_LiuJordan1960
6111,9,12,14,0.272447,32.104,NASA_POWER_SARAH3_LiuJordan1960
6112,9,12,15,0.210977,31.627,NASA_POWER_SARAH3_LiuJordan1960
6113,9,12,16,0.135691,30.994,NASA_POWER_SARAH3_LiuJordan1960
6114,9,12,17,0.05172,30.236,NASA_POWER_SARAH3_LiuJordan1960
6115,9,12,18,0.0,29.39,NASA_POWER_SARAH3_LiuJordan1960
6116,9,12,19,0.0,28.5,NASA_POWER_SARAH3_LiuJordan1960
6117,9,12,20,0.0,26.5,NASA_POWER_SARAH3_LiuJordan1960
6118,9,12,21,0.0,26.5,NASA_POWER_SARAH3_LiuJordan1960
6119,9,12,22,0.0,26.5,NASA_POWER_SARAH3_LiuJordan1960
6120,9,12,23,0.0,26.5,NASA_POWER_SARAH3_LiuJordan1960
6121,9,13,0,0.0,26.5,NASA_POWER_SARAH3_LiuJordan1960
6122,9,13,1,0.0,26.5,NASA_POWER_SARAH3_LiuJordan1960
6123,9,13,2,0.0,26.5,NASA_POWER_SARAH3_LiuJordan1960
6124,9,13,3,0.0,26.5,NASA_POWER_SARAH3_LiuJordan1960
6125,9,13,4,0.0,26.5,NASA_POWER_SARAH3_LiuJordan1960
6126,9,13,5,0.0,28.5,NASA_POWER_SARAH3_LiuJordan1960
6127,9,13,6,0.084715,29.39,NASA_POWER_SARAH3_LiuJordan1960
6128,9,13,7,0.224874,30.236,NASA_POWER_SARAH3_LiuJordan1960
6129,9,13,8,0.350538,30.994,NASA_POWER_SARAH3_LiuJordan1960
6130,9,13,9,0.453141,31.627,NASA_POWER_SARAH3_LiuJordan1960
6131,9,13,10,0.525693,32.104,NASA_POWER_SARAH3_LiuJordan1960
6132,9,13,11,0.563249,32.4,NASA_POWER_SARAH3_LiuJordan1960
6133,9,13,12,0.563249,32.5,NASA_POWER_SARAH3_LiuJordan1960
6134,9,13,13,0.525693,32.4,NASA_POWER_SARAH3_LiuJordan1960
6135,9,13,14,0.453141,32.104,NASA_POWER_SARAH3_LiuJordan1960
6136,9,13,15,0.350538,31.627,NASA_POWER_SARAH3_LiuJordan1960
6137,9,13,16,0.224874,30.994,NASA_POWER_SARAH3_LiuJordan1960
6138,9,13,17,0.084715,30.236,NASA_POWER_SARAH3_LiuJordan1960
6139,9,13,18,0.0,29.39,NASA_POWER_SARAH3_LiuJordan1960
6140,9,13,19,0.0,28.5,NASA_POWER_SARAH3_LiuJordan1960
6141,9,13,20,0.0,26.5,NASA_POWER_SARAH3_LiuJordan1960
6142,9,13,21,0.0,26.5,NASA_POWER_SARAH3_LiuJordan1960
6143,9,13,22,0.0,26.5,NASA_POWER_SARAH3_LiuJordan1960
6144,9,13,23,0.0,26.5,NASA_POWER_SARAH3_LiuJordan1960
6145,9,14,0,0.0,26.5,NASA_POWER_SARAH3_LiuJordan1960
6146,9,14,1,0.0,26.5,NASA_POWER_SARAH3_LiuJordan1960
6147,9,14,2,0.0,26.5,NASA_POWER_SARAH3_LiuJordan1960
6148,9,14,3,0.0,26.5,NASA_POWER_SARAH3_LiuJordan1960
6149,9,14,4,0.0,26.5,NASA_POWER_SARAH3_LiuJordan1960
6150,9,14,5,0.0,28.5,NASA_POWER_SARAH3_LiuJordan1960
6151,9,14,6,0.088969,29.39,NASA_POWER_SARAH3_LiuJordan1960
6152,9,14,7,0.23903,30.236,NASA_POWER_SARAH3_LiuJordan1960
6153,9,14,8,0.373572,30.994,NASA_POWER_SARAH3_LiuJordan1960
6154,9,14,9,0.483424,31.627,NASA_POWER_SARAH3_LiuJordan1960
6155,9,14,10,0.561102,32.104,NASA_POWER_SARAH3_LiuJordan1960
6156,9,14,11,0.601311,32.4,NASA_POWER_SARAH3_LiuJordan1960
6157,9,14,12,0.601311,32.5,NASA_POWER_SARAH3_LiuJordan1960
6158,9,14,13,0.561102,32.4,NASA_POWER_SARAH3_LiuJordan1960
6159,9,14,14,0.483424,32.104,NASA_POWER_SARAH3_LiuJordan1960
6160,9,14,15,0.373572,31.627,NASA_POWER_SARAH3_LiuJordan1960
6161,9,14,16,0.23903,30.994,NASA_POWER_SARAH3_LiuJordan1960
6162,9,14,17,0.088969,30.236,NASA_POWER_SARAH3_LiuJordan1960
6163,9,14,18,0.0,29.39,NASA_POWER_SARAH3_LiuJordan1960
6164,9,14,19,0.0,28.5,NASA_POWER_SARAH3_LiuJordan1960
6165,9,14,20,0.0,26.5,NASA_POWER_SARAH3_LiuJordan1960
6166,9,14,21,0.0,26.5,NASA_POWER_SARAH3_LiuJordan1960
6167,9,14,22,0.0,26.5,NASA_POWER_SARAH3_LiuJordan1960
6168,9,14,23,0.0,26.5,NASA_POWER_SARAH3_LiuJordan1960
6169,9,15,0,0.0,26.5,NASA_POWER_SARAH3_LiuJordan1960
6170,9,15,1,0.0,26.5,NASA_POWER_SARAH3_LiuJordan1960
6171,9,15,2,0.0,26.5,NASA_POWER_SARAH3_LiuJordan1960
6172,9,15,3,0.0,26.5,NASA_POWER_SARAH3_LiuJordan1960
6173,9,15,4,0.0,26.5,NASA_POWER_SARAH3_LiuJordan1960
6174,9,15,5,0.0,28.5,NASA_POWER_SARAH3_LiuJordan1960
6175,9,15,6,0.074453,29.39,NASA_POWER_SARAH3_LiuJordan1960
6176,9,15,7,0.202526,30.236,NASA_POWER_SARAH3_LiuJordan1960
6177,9,15,8,0.317353,30.994,NASA_POWER_SARAH3_LiuJordan1960
6178,9,15,9,0.411109,31.627,NASA_POWER_SARAH3_LiuJordan1960
6179,9,15,10,0.477404,32.104,NASA_POWER_SARAH3_LiuJordan1960
6180,9,15,11,0.511721,32.4,NASA_POWER_SARAH3_LiuJordan1960
6181,9,15,12,0.511721,32.5,NASA_POWER_SARAH3_LiuJordan1960
6182,9,15,13,0.477404,32.4,NASA_POWER_SARAH3_LiuJordan1960
6183,9,15,14,0.411109,32.104,NASA_POWER_SARAH3_LiuJordan1960
6184,9,15,15,0.317353,31.627,NASA_POWER_SARAH3_LiuJordan1960
6185,9,15,16,0.202526,30.994,NASA_POWER_SARAH3_LiuJordan1960
6186,9,15,17,0.074453,30.236,NASA_POWER_SARAH3_LiuJordan1960
6187,9,15,18,0.0,29.39,NASA_POWER_SARAH3_LiuJordan1960
6188,9,15,19,0.0,28.5,NASA_POWER_SARAH3_LiuJordan1960
6189,9,15,20,0.0,26.5,NASA_POWER_SARAH3_LiuJordan1960
6190,9,15,21,0.0,26.5,NASA_POWER_SARAH3_LiuJordan1960
6191,9,15,22,0.0,26.5,NASA_POWER_SARAH3_LiuJordan1960
6192,9,15,23,0.0,26.5,NASA_POWER_SARAH3_LiuJordan1960
6193,9,16,0,0.0,26.5,NASA_POWER_SARAH3_LiuJordan1960
6194,9,16,1,0.0,26.5,NASA_POWER_SARAH3_LiuJordan1960
6195,9,16,2,0.0,26.5,NASA_POWER_SARAH3_LiuJordan1960
6196,9,16,3,0.0,26.5,NASA_POWER_SARAH3_LiuJordan1960
6197,9,16,4,0.0,26.5,NASA_POWER_SARAH3_LiuJordan1960
6198,9,16,5,0.0,28.5,NASA_POWER_SARAH3_LiuJordan1960
6199,9,16,6,0.057594,29.39,NASA_POWER_SARAH3_LiuJordan1960
6200,9,16,7,0.158677,30.236,NASA_POWER_SARAH3_LiuJordan1960
6201,9,16,8,0.249306,30.994,NASA_POWER_SARAH3_LiuJordan1960
6202,9,16,9,0.323305,31.627,NASA_POWER_SARAH3_LiuJordan1960
6203,9,16,10,0.375629,32.104,NASA_POWER_SARAH3_LiuJordan1960
6204,9,16,11,0.402714,32.4,NASA_POWER_SARAH3_LiuJordan1960
6205,9,16,12,0.402714,32.5,NASA_POWER_SARAH3_LiuJordan1960
6206,9,16,13,0.375629,32.4,NASA_POWER_SARAH3_LiuJordan1960
6207,9,16,14,0.323305,32.104,NASA_POWER_SARAH3_LiuJordan1960
6208,9,16,15,0.249306,31.627,NASA_POWER_SARAH3_LiuJordan1960
6209,9,16,16,0.158677,30.994,NASA_POWER_SARAH3_LiuJordan1960
6210,9,16,17,0.057594,30.236,NASA_POWER_SARAH3_LiuJordan1960
6211,9,16,18,0.0,29.39,NASA_POWER_SARAH3_LiuJordan1960
6212,9,16,19,0.0,28.5,NASA_POWER_SARAH3_LiuJordan1960
6213,9,16,20,0.0,26.5,NASA_POWER_SARAH3_LiuJordan1960
6214,9,16,21,0.0,26.5,NASA_POWER_SARAH3_LiuJordan1960
6215,9,16,22,0.0,26.5,NASA_POWER_SARAH3_LiuJordan1960
6216,9,16,23,0.0,26.5,NASA_POWER_SARAH3_LiuJordan1960
6217,9,17,0,0.0,26.5,NASA_POWER_SARAH3_LiuJordan1960
6218,9,17,1,0.0,26.5,NASA_POWER_SARAH3_LiuJordan1960
6219,9,17,2,0.0,26.5,NASA_POWER_SARAH3_LiuJordan1960
6220,9,17,3,0.0,26.5,NASA_POWER_SARAH3_LiuJordan1960
6221,9,17,4,0.0,26.5,NASA_POWER_SARAH3_LiuJordan1960
6222,9,17,5,0.0,28.5,NASA_POWER_SARAH3_LiuJordan1960
6223,9,17,6,0.070241,29.39,NASA_POWER_SARAH3_LiuJordan1960
6224,9,17,7,0.196078,30.236,NASA_POWER_SARAH3_LiuJordan1960
6225,9,17,8,0.308901,30.994,NASA_POWER_SARAH3_LiuJordan1960
6226,9,17,9,0.40102,31.627,NASA_POWER_SARAH3_LiuJordan1960
6227,9,17,10,0.466158,32.104,NASA_POWER_SARAH3_LiuJordan1960
6228,9,17,11,0.499876,32.4,NASA_POWER_SARAH3_LiuJordan1960
6229,9,17,12,0.499876,32.5,NASA_POWER_SARAH3_LiuJordan1960
6230,9,17,13,0.466158,32.4,NASA_POWER_SARAH3_LiuJordan1960
6231,9,17,14,0.40102,32.104,NASA_POWER_SARAH3_LiuJordan1960
6232,9,17,15,0.308901,31.627,NASA_POWER_SARAH3_LiuJordan1960
6233,9,17,16,0.196078,30.994,NASA_POWER_SARAH3_LiuJordan1960
6234,9,17,17,0.070241,30.236,NASA_POWER_SARAH3_LiuJordan1960
6235,9,17,18,0.0,29.39,NASA_POWER_SARAH3_LiuJordan1960
6236,9,17,19,0.0,28.5,NASA_POWER_SARAH3_LiuJordan1960
6237,9,17,20,0.0,26.5,NASA_POWER_SARAH3_LiuJordan1960
6238,9,17,21,0.0,26.5,NASA_POWER_SARAH3_LiuJordan1960
6239,9,17,22,0.0,26.5,NASA_POWER_SARAH3_LiuJordan1960
6240,9,17,23,0.0,26.5,NASA_POWER_SARAH3_LiuJordan1960
6241,9,18,0,0.0,26.5,NASA_POWER_SARAH3_LiuJordan1960
6242,9,18,1,0.0,26.5,NASA_POWER_SARAH3_LiuJordan1960
6243,9,18,2,0.0,26.5,NASA_POWER_SARAH3_LiuJordan1960
6244,9,18,3,0.0,26.5,NASA_POWER_SARAH3_LiuJordan1960
6245,9,18,4,0.0,26.5,NASA_POWER_SARAH3_LiuJordan1960
6246,9,18,5,0.0,28.5,NASA_POWER_SARAH3_LiuJordan1960
6247,9,18,6,0.079054,29.39,NASA_POWER_SARAH3_LiuJordan1960
6248,9,18,7,0.223679,30.236,NASA_POWER_SARAH3_LiuJordan1960
6249,9,18,8,0.353347,30.994,NASA_POWER_SARAH3_LiuJordan1960
6250,9,18,9,0.45922,31.627,NASA_POWER_SARAH3_LiuJordan1960
6251,9,18,10,0.534083,32.104,NASA_POWER_SARAH3_LiuJordan1960
6252,9,18,11,0.572835,32.4,NASA_POWER_SARAH3_LiuJordan1960
6253,9,18,12,0.572835,32.5,NASA_POWER_SARAH3_LiuJordan1960
6254,9,18,13,0.534083,32.4,NASA_POWER_SARAH3_LiuJordan1960
6255,9,18,14,0.45922,32.104,NASA_POWER_SARAH3_LiuJordan1960
6256,9,18,15,0.353347,31.627,NASA_POWER_SARAH3_LiuJordan1960
6257,9,18,16,0.223679,30.994,NASA_POWER_SARAH3_LiuJordan1960
6258,9,18,17,0.079054,30.236,NASA_POWER_SARAH3_LiuJordan1960
6259,9,18,18,0.0,29.39,NASA_POWER_SARAH3_LiuJordan1960
6260,9,18,19,0.0,28.5,NASA_POWER_SARAH3_LiuJordan1960
6261,9,18,20,0.0,26.5,NASA_POWER_SARAH3_LiuJordan1960
6262,9,18,21,0.0,26.5,NASA_POWER_SARAH3_LiuJordan1960
6263,9,18,22,0.0,26.5,NASA_POWER_SARAH3_LiuJordan1960
6264,9,18,23,0.0,26.5,NASA_POWER_SARAH3_LiuJordan1960
6265,9,19,0,0.0,26.5,NASA_POWER_SARAH3_LiuJordan1960
6266,9,19,1,0.0,26.5,NASA_POWER_SARAH3_LiuJordan1960
6267,9,19,2,0.0,26.5,NASA_POWER_SARAH3_LiuJordan1960
6268,9,19,3,0.0,26.5,NASA_POWER_SARAH3_LiuJordan1960
6269,9,19,4,0.0,26.5,NASA_POWER_SARAH3_LiuJordan1960
6270,9,19,5,0.0,28.5,NASA_POWER_SARAH3_LiuJordan1960
6271,9,19,6,0.082765,29.39,NASA_POWER_SARAH3_LiuJordan1960
6272,9,19,7,0.237459,30.236,NASA_POWER_SARAH3_LiuJordan1960
6273,9,19,8,0.376153,30.994,NASA_POWER_SARAH3_LiuJordan1960
6274,9,19,9,0.489397,31.627,NASA_POWER_SARAH3_LiuJordan1960
6275,9,19,10,0.569472,32.104,NASA_POWER_SARAH3_LiuJordan1960
6276,9,19,11,0.610922,32.4,NASA_POWER_SARAH3_LiuJordan1960
6277,9,19,12,0.610922,32.5,NASA_POWER_SARAH3_LiuJordan1960
6278,9,19,13,0.569472,32.4,NASA_POWER_SARAH3_LiuJordan1960
6279,9,19,14,0.489397,32.104,NASA_POWER_SARAH3_LiuJordan1960
6280,9,19,15,0.376153,31.627,NASA_POWER_SARAH3_LiuJordan1960
6281,9,19,16,0.237459,30.994,NASA_POWER_SARAH3_LiuJordan1960
6282,9,19,17,0.082765,30.236,NASA_POWER_SARAH3_LiuJordan1960
6283,9,19,18,0.0,29.39,NASA_POWER_SARAH3_LiuJordan1960
6284,9,19,19,0.0,28.5,NASA_POWER_SARAH3_LiuJordan1960
6285,9,19,20,0.0,26.5,NASA_POWER_SARAH3_LiuJordan1960
6286,9,19,21,0.0,26.5,NASA_POWER_SARAH3_LiuJordan1960
6287,9,19,22,0.0,26.5,NASA_POWER_SARAH3_LiuJordan1960
6288,9,19,23,0.0,26.5,NASA_POWER_SARAH3_LiuJordan1960
6289,9,20,0,0.0,26.5,NASA_POWER_SARAH3_LiuJordan1960
6290,9,20,1,0.0,26.5,NASA_POWER_SARAH3_LiuJordan1960
6291,9,20,2,0.0,26.5,NASA_POWER_SARAH3_LiuJordan1960
6292,9,20,3,0.0,26.5,NASA_POWER_SARAH3_LiuJordan1960
6293,9,20,4,0.0,26.5,NASA_POWER_SARAH3_LiuJordan1960
6294,9,20,5,0.0,28.5,NASA_POWER_SARAH3_LiuJordan1960
6295,9,20,6,0.065633,29.39,NASA_POWER_SARAH3_LiuJordan1960
6296,9,20,7,0.191022,30.236,NASA_POWER_SARAH3_LiuJordan1960
6297,9,20,8,0.303442,30.994,NASA_POWER_SARAH3_LiuJordan1960
6298,9,20,9,0.395233,31.627,NASA_POWER_SARAH3_LiuJordan1960
6299,9,20,10,0.460139,32.104,NASA_POWER_SARAH3_LiuJordan1960
6300,9,20,11,0.493737,32.4,NASA_POWER_SARAH3_LiuJordan1960
6301,9,20,12,0.493737,32.5,NASA_POWER_SARAH3_LiuJordan1960
6302,9,20,13,0.460139,32.4,NASA_POWER_SARAH3_LiuJordan1960
6303,9,20,14,0.395233,32.104,NASA_POWER_SARAH3_LiuJordan1960
6304,9,20,15,0.303442,31.627,NASA_POWER_SARAH3_LiuJordan1960
6305,9,20,16,0.191022,30.994,NASA_POWER_SARAH3_LiuJordan1960
6306,9,20,17,0.065633,30.236,NASA_POWER_SARAH3_LiuJordan1960
6307,9,20,18,0.0,29.39,NASA_POWER_SARAH3_LiuJordan1960
6308,9,20,19,0.0,28.5,NASA_POWER_SARAH3_LiuJordan1960
6309,9,20,20,0.0,26.5,NASA_POWER_SARAH3_LiuJordan1960
6310,9,20,21,0.0,26.5,NASA_POWER_SARAH3_LiuJordan1960
6311,9,20,22,0.0,26.5,NASA_POWER_SARAH3_LiuJordan1960
6312,9,20,23,0.0,26.5,NASA_POWER_SARAH3_LiuJordan1960
6313,9,21,0,0.0,26.5,NASA_POWER_SARAH3_LiuJordan1960
6314,9,21,1,0.0,26.5,NASA_POWER_SARAH3_LiuJordan1960
6315,9,21,2,0.0,26.5,NASA_POWER_SARAH3_LiuJordan1960
6316,9,21,3,0.0,26.5,NASA_POWER_SARAH3_LiuJordan1960
6317,9,21,4,0.0,26.5,NASA_POWER_SARAH3_LiuJordan1960
6318,9,21,5,0.0,28.5,NASA_POWER_SARAH3_LiuJordan1960
6319,9,21,6,0.071674,29.39,NASA_POWER_SARAH3_LiuJordan1960
6320,9,21,7,0.211706,30.236,NASA_POWER_SARAH3_LiuJordan1960
6321,9,21,8,0.337254,30.994,NASA_POWER_SARAH3_LiuJordan1960
6322,9,21,9,0.439764,31.627,NASA_POWER_SARAH3_LiuJordan1960
6323,9,21,10,0.51225,32.104,NASA_POWER_SARAH3_LiuJordan1960
6324,9,21,11,0.549771,32.4,NASA_POWER_SARAH3_LiuJordan1960
6325,9,21,12,0.549771,32.5,NASA_POWER_SARAH3_LiuJordan1960
6326,9,21,13,0.51225,32.4,NASA_POWER_SARAH3_LiuJordan1960
6327,9,21,14,0.439764,32.104,NASA_POWER_SARAH3_LiuJordan1960
6328,9,21,15,0.337254,31.627,NASA_POWER_SARAH3_LiuJordan1960
6329,9,21,16,0.211706,30.994,NASA_POWER_SARAH3_LiuJordan1960
6330,9,21,17,0.071674,30.236,NASA_POWER_SARAH3_LiuJordan1960
6331,9,21,18,0.0,29.39,NASA_POWER_SARAH3_LiuJordan1960
6332,9,21,19,0.0,28.5,NASA_POWER_SARAH3_LiuJordan1960
6333,9,21,20,0.0,26.5,NASA_POWER_SARAH3_LiuJordan1960
6334,9,21,21,0.0,26.5,NASA_POWER_SARAH3_LiuJordan1960
6335,9,21,22,0.0,26.5,NASA_POWER_SARAH3_LiuJordan1960
6336,9,21,23,0.0,26.5,NASA_POWER_SARAH3_LiuJordan1960
6337,9,22,0,0.0,26.5,NASA_POWER_SARAH3_LiuJordan1960
6338,9,22,1,0.0,26.5,NASA_POWER_SARAH3_LiuJordan1960
6339,9,22,2,0.0,26.5,NASA_POWER_SARAH3_LiuJordan1960
6340,9,22,3,0.0,26.5,NASA_POWER_SARAH3_LiuJordan1960
6341,9,22,4,0.0,26.5,NASA_POWER_SARAH3_LiuJordan1960
6342,9,22,5,0.0,28.5,NASA_POWER_SARAH3_LiuJordan1960
6343,9,22,6,0.072917,29.39,NASA_POWER_SARAH3_LiuJordan1960
6344,9,22,7,0.218678,30.236,NASA_POWER_SARAH3_LiuJordan1960
6345,9,22,8,0.349363,30.994,NASA_POWER_SARAH3_LiuJordan1960
6346,9,22,9,0.456068,31.627,NASA_POWER_SARAH3_LiuJordan1960
6347,9,22,10,0.531519,32.104,NASA_POWER_SARAH3_LiuJordan1960
6348,9,22,11,0.570576,32.4,NASA_POWER_SARAH3_LiuJordan1960
6349,9,22,12,0.570576,32.5,NASA_POWER_SARAH3_LiuJordan1960
6350,9,22,13,0.531519,32.4,NASA_POWER_SARAH3_LiuJordan1960
6351,9,22,14,0.456068,32.104,NASA_POWER_SARAH3_LiuJordan1960
6352,9,22,15,0.349363,31.627,NASA_POWER_SARAH3_LiuJordan1960
6353,9,22,16,0.218678,30.994,NASA_POWER_SARAH3_LiuJordan1960
6354,9,22,17,0.072917,30.236,NASA_POWER_SARAH3_LiuJordan1960
6355,9,22,18,0.0,29.39,NASA_POWER_SARAH3_LiuJordan1960
6356,9,22,19,0.0,28.5,NASA_POWER_SARAH3_LiuJordan1960
6357,9,22,20,0.0,26.5,NASA_POWER_SARAH3_LiuJordan1960
6358,9,22,21,0.0,26.5,NASA_POWER_SARAH3_LiuJordan1960
6359,9,22,22,0.0,26.5,NASA_POWER_SARAH3_LiuJordan1960
6360,9,22,23,0.0,26.5,NASA_POWER_SARAH3_LiuJordan1960
6361,9,23,0,0.0,26.5,NASA_POWER_SARAH3_LiuJordan1960
6362,9,23,1,0.0,26.5,NASA_POWER_SARAH3_LiuJordan1960
6363,9,23,2,0.0,26.5,NASA_POWER_SARAH3_LiuJordan1960
6364,9,23,3,0.0,26.5,NASA_POWER_SARAH3_LiuJordan1960
6365,9,23,4,0.0,26.5,NASA_POWER_SARAH3_LiuJordan1960
6366,9,23,5,0.0,28.5,NASA_POWER_SARAH3_LiuJordan1960
6367,9,23,6,0.070764,29.39,NASA_POWER_SARAH3_LiuJordan1960
6368,9,23,7,0.215574,30.236,NASA_POWER_SARAH3_LiuJordan1960
6369,9,23,8,0.345408,30.994,NASA_POWER_SARAH3_LiuJordan1960
6370,9,23,9,0.451417,31.627,NASA_POWER_SARAH3_LiuJordan1960
6371,9,23,10,0.526376,32.104,NASA_POWER_SARAH3_LiuJordan1960
6372,9,23,11,0.565178,32.4,NASA_POWER_SARAH3_LiuJordan1960
6373,9,23,12,0.565178,32.5,NASA_POWER_SARAH3_LiuJordan1960
6374,9,23,13,0.526376,32.4,NASA_POWER_SARAH3_LiuJordan1960
6375,9,23,14,0.451417,32.104,NASA_POWER_SARAH3_LiuJordan1960
6376,9,23,15,0.345408,31.627,NASA_POWER_SARAH3_LiuJordan1960
6377,9,23,16,0.215574,30.994,NASA_POWER_SARAH3_LiuJordan1960
6378,9,23,17,0.070764,30.236,NASA_POWER_SARAH3_LiuJordan1960
6379,9,23,18,0.0,29.39,NASA_POWER_SARAH3_LiuJordan1960
6380,9,23,19,0.0,28.5,NASA_POWER_SARAH3_LiuJordan1960
6381,9,23,20,0.0,26.5,NASA_POWER_SARAH3_LiuJordan1960
6382,9,23,21,0.0,26.5,NASA_POWER_SARAH3_LiuJordan1960
6383,9,23,22,0.0,26.5,NASA_POWER_SARAH3_LiuJordan1960
6384,9,23,23,0.0,26.5,NASA_POWER_SARAH3_LiuJordan1960
6385,9,24,0,0.0,26.5,NASA_POWER_SARAH3_LiuJordan1960
6386,9,24,1,0.0,26.5,NASA_POWER_SARAH3_LiuJordan1960
6387,9,24,2,0.0,26.5,NASA_POWER_SARAH3_LiuJordan1960
6388,9,24,3,0.0,26.5,NASA_POWER_SARAH3_LiuJordan1960
6389,9,24,4,0.0,26.5,NASA_POWER_SARAH3_LiuJordan1960
6390,9,24,5,0.0,28.5,NASA_POWER_SARAH3_LiuJordan1960
6391,9,24,6,0.062082,29.39,NASA_POWER_SARAH3_LiuJordan1960
6392,9,24,7,0.192212,30.236,NASA_POWER_SARAH3_LiuJordan1960
6393,9,24,8,0.308883,30.994,NASA_POWER_SARAH3_LiuJordan1960
6394,9,24,9,0.404144,31.627,NASA_POWER_SARAH3_LiuJordan1960
6395,9,24,10,0.471504,32.104,NASA_POWER_SARAH3_LiuJordan1960
6396,9,24,11,0.506372,32.4,NASA_POWER_SARAH3_LiuJordan1960
6397,9,24,12,0.506372,32.5,NASA_POWER_SARAH3_LiuJordan1960
6398,9,24,13,0.471504,32.4,NASA_POWER_SARAH3_LiuJordan1960
6399,9,24,14,0.404144,32.104,NASA_POWER_SARAH3_LiuJordan1960
6400,9,24,15,0.308883,31.627,NASA_POWER_SARAH3_LiuJordan1960
6401,9,24,16,0.192212,30.994,NASA_POWER_SARAH3_LiuJordan1960
6402,9,24,17,0.062082,30.236,NASA_POWER_SARAH3_LiuJordan1960
6403,9,24,18,0.0,29.39,NASA_POWER_SARAH3_LiuJordan1960
6404,9,24,19,0.0,28.5,NASA_POWER_SARAH3_LiuJordan1960
6405,9,24,20,0.0,26.5,NASA_POWER_SARAH3_LiuJordan1960
6406,9,24,21,0.0,26.5,NASA_POWER_SARAH3_LiuJordan1960
6407,9,24,22,0.0,26.5,NASA_POWER_SARAH3_LiuJordan1960
6408,9,24,23,0.0,26.5,NASA_POWER_SARAH3_LiuJordan1960
6409,9,25,0,0.0,26.5,NASA_POWER_SARAH3_LiuJordan1960
6410,9,25,1,0.0,26.5,NASA_POWER_SARAH3_LiuJordan1960
6411,9,25,2,0.0,26.5,NASA_POWER_SARAH3_LiuJordan1960
6412,9,25,3,0.0,26.5,NASA_POWER_SARAH3_LiuJordan1960
6413,9,25,4,0.0,26.5,NASA_POWER_SARAH3_LiuJordan1960
6414,9,25,5,0.0,28.5,NASA_POWER_SARAH3_LiuJordan1960
6415,9,25,6,0.07403,29.39,NASA_POWER_SARAH3_LiuJordan1960
6416,9,25,7,0.23306,30.236,NASA_POWER_SARAH3_LiuJordan1960
6417,9,25,8,0.375643,30.994,NASA_POWER_SARAH3_LiuJordan1960
6418,9,25,9,0.492061,31.627,NASA_POWER_SARAH3_LiuJordan1960
6419,9,25,10,0.574382,32.104,NASA_POWER_SARAH3_LiuJordan1960
6420,9,25,11,0.616994,32.4,NASA_POWER_SARAH3_LiuJordan1960
6421,9,25,12,0.616994,32.5,NASA_POWER_SARAH3_LiuJordan1960
6422,9,25,13,0.574382,32.4,NASA_POWER_SARAH3_LiuJordan1960
6423,9,25,14,0.492061,32.104,NASA_POWER_SARAH3_LiuJordan1960
6424,9,25,15,0.375643,31.627,NASA_POWER_SARAH3_LiuJordan1960
6425,9,25,16,0.23306,30.994,NASA_POWER_SARAH3_LiuJordan1960
6426,9,25,17,0.07403,30.236,NASA_POWER_SARAH3_LiuJordan1960
6427,9,25,18,0.0,29.39,NASA_POWER_SARAH3_LiuJordan1960
6428,9,25,19,0.0,28.5,NASA_POWER_SARAH3_LiuJordan1960
6429,9,25,20,0.0,26.5,NASA_POWER_SARAH3_LiuJordan1960
6430,9,25,21,0.0,26.5,NASA_POWER_SARAH3_LiuJordan1960
6431,9,25,22,0.0,26.5,NASA_POWER_SARAH3_LiuJordan1960
6432,9,25,23,0.0,26.5,NASA_POWER_SARAH3_LiuJordan1960
6433,9,26,0,0.0,26.5,NASA_POWER_SARAH3_LiuJordan1960
6434,9,26,1,0.0,26.5,NASA_POWER_SARAH3_LiuJordan1960
6435,9,26,2,0.0,26.5,NASA_POWER_SARAH3_LiuJordan1960
6436,9,26,3,0.0,26.5,NASA_POWER_SARAH3_LiuJordan1960
6437,9,26,4,0.0,26.5,NASA_POWER_SARAH3_LiuJordan1960
6438,9,26,5,0.0,28.5,NASA_POWER_SARAH3_LiuJordan1960
6439,9,26,6,0.061964,29.39,NASA_POWER_SARAH3_LiuJordan1960
6440,9,26,7,0.198464,30.236,NASA_POWER_SARAH3_LiuJordan1960
6441,9,26,8,0.320848,30.994,NASA_POWER_SARAH3_LiuJordan1960
6442,9,26,9,0.420773,31.627,NASA_POWER_SARAH3_LiuJordan1960
6443,9,26,10,0.491431,32.104,NASA_POWER_SARAH3_LiuJordan1960
6444,9,26,11,0.528006,32.4,NASA_POWER_SARAH3_LiuJordan1960
6445,9,26,12,0.528006,32.5,NASA_POWER_SARAH3_LiuJordan1960
6446,9,26,13,0.491431,32.4,NASA_POWER_SARAH3_LiuJordan1960
6447,9,26,14,0.420773,32.104,NASA_POWER_SARAH3_LiuJordan1960
6448,9,26,15,0.320848,31.627,NASA_POWER_SARAH3_LiuJordan1960
6449,9,26,16,0.198464,30.994,NASA_POWER_SARAH3_LiuJordan1960
6450,9,26,17,0.061964,30.236,NASA_POWER_SARAH3_LiuJordan1960
6451,9,26,18,0.0,29.39,NASA_POWER_SARAH3_LiuJordan1960
6452,9,26,19,0.0,28.5,NASA_POWER_SARAH3_LiuJordan1960
6453,9,26,20,0.0,26.5,NASA_POWER_SARAH3_LiuJordan1960
6454,9,26,21,0.0,26.5,NASA_POWER_SARAH3_LiuJordan1960
6455,9,26,22,0.0,26.5,NASA_POWER_SARAH3_LiuJordan1960
6456,9,26,23,0.0,26.5,NASA_POWER_SARAH3_LiuJordan1960
6457,9,27,0,0.0,26.5,NASA_POWER_SARAH3_LiuJordan1960
6458,9,27,1,0.0,26.5,NASA_POWER_SARAH3_LiuJordan1960
6459,9,27,2,0.0,26.5,NASA_POWER_SARAH3_LiuJordan1960
6460,9,27,3,0.0,26.5,NASA_POWER_SARAH3_LiuJordan1960
6461,9,27,4,0.0,26.5,NASA_POWER_SARAH3_LiuJordan1960
6462,9,27,5,0.0,28.5,NASA_POWER_SARAH3_LiuJordan1960
6463,9,27,6,0.068674,29.39,NASA_POWER_SARAH3_LiuJordan1960
6464,9,27,7,0.223907,30.236,NASA_POWER_SARAH3_LiuJordan1960
6465,9,27,8,0.363086,30.994,NASA_POWER_SARAH3_LiuJordan1960
6466,9,27,9,0.476724,31.627,NASA_POWER_SARAH3_LiuJordan1960
6467,9,27,10,0.557079,32.104,NASA_POWER_SARAH3_LiuJordan1960
6468,9,27,11,0.598674,32.4,NASA_POWER_SARAH3_LiuJordan1960
6469,9,27,12,0.598674,32.5,NASA_POWER_SARAH3_LiuJordan1960
6470,9,27,13,0.557079,32.4,NASA_POWER_SARAH3_LiuJordan1960
6471,9,27,14,0.476724,32.104,NASA_POWER_SARAH3_LiuJordan1960
6472,9,27,15,0.363086,31.627,NASA_POWER_SARAH3_LiuJordan1960
6473,9,27,16,0.223907,30.994,NASA_POWER_SARAH3_LiuJordan1960
6474,9,27,17,0.068674,30.236,NASA_POWER_SARAH3_LiuJordan1960
6475,9,27,18,0.0,29.39,NASA_POWER_SARAH3_LiuJordan1960
6476,9,27,19,0.0,28.5,NASA_POWER_SARAH3_LiuJordan1960
6477,9,27,20,0.0,26.5,NASA_POWER_SARAH3_LiuJordan1960
6478,9,27,21,0.0,26.5,NASA_POWER_SARAH3_LiuJordan1960
6479,9,27,22,0.0,26.5,NASA_POWER_SARAH3_LiuJordan1960
6480,9,27,23,0.0,26.5,NASA_POWER_SARAH3_LiuJordan1960
6481,9,28,0,0.0,26.5,NASA_POWER_SARAH3_LiuJordan1960
6482,9,28,1,0.0,26.5,NASA_POWER_SARAH3_LiuJordan1960
6483,9,28,2,0.0,26.5,NASA_POWER_SARAH3_LiuJordan1960
6484,9,28,3,0.0,26.5,NASA_POWER_SARAH3_LiuJordan1960
6485,9,28,4,0.0,26.5,NASA_POWER_SARAH3_LiuJordan1960
6486,9,28,5,0.0,28.5,NASA_POWER_SARAH3_LiuJordan1960
6487,9,28,6,0.05394,29.39,NASA_POWER_SARAH3_LiuJordan1960
6488,9,28,7,0.179131,30.236,NASA_POWER_SARAH3_LiuJordan1960
6489,9,28,8,0.291375,30.994,NASA_POWER_SARAH3_LiuJordan1960
6490,9,28,9,0.383021,31.627,NASA_POWER_SARAH3_LiuJordan1960
6491,9,28,10,0.447825,32.104,NASA_POWER_SARAH3_LiuJordan1960
6492,9,28,11,0.48137,32.4,NASA_POWER_SARAH3_LiuJordan1960
6493,9,28,12,0.48137,32.5,NASA_POWER_SARAH3_LiuJordan1960
6494,9,28,13,0.447825,32.4,NASA_POWER_SARAH3_LiuJordan1960
6495,9,28,14,0.383021,32.104,NASA_POWER_SARAH3_LiuJordan1960
6496,9,28,15,0.291375,31.627,NASA_POWER_SARAH3_LiuJordan1960
6497,9,28,16,0.179131,30.994,NASA_POWER_SARAH3_LiuJordan1960
6498,9,28,17,0.05394,30.236,NASA_POWER_SARAH3_LiuJordan1960
6499,9,28,18,0.0,29.39,NASA_POWER_SARAH3_LiuJordan1960
6500,9,28,19,0.0,28.5,NASA_POWER_SARAH3_LiuJordan1960
6501,9,28,20,0.0,26.5,NASA_POWER_SARAH3_LiuJordan1960
6502,9,28,21,0.0,26.5,NASA_POWER_SARAH3_LiuJordan1960
6503,9,28,22,0.0,26.5,NASA_POWER_SARAH3_LiuJordan1960
6504,9,28,23,0.0,26.5,NASA_POWER_SARAH3_LiuJordan1960
6505,9,29,0,0.0,26.5,NASA_POWER_SARAH3_LiuJordan1960
6506,9,29,1,0.0,26.5,NASA_POWER_SARAH3_LiuJordan1960
6507,9,29,2,0.0,26.5,NASA_POWER_SARAH3_LiuJordan1960
6508,9,29,3,0.0,26.5,NASA_POWER_SARAH3_LiuJordan1960
6509,9,29,4,0.0,26.5,NASA_POWER_SARAH3_LiuJordan1960
6510,9,29,5,0.0,28.5,NASA_POWER_SARAH3_LiuJordan1960
6511,9,29,6,0.067941,29.39,NASA_POWER_SARAH3_LiuJordan1960
6512,9,29,7,0.22996,30.236,NASA_POWER_SARAH3_LiuJordan1960
6513,9,29,8,0.375222,30.994,NASA_POWER_SARAH3_LiuJordan1960
6514,9,29,9,0.493828,31.627,NASA_POWER_SARAH3_LiuJordan1960
6515,9,29,10,0.577695,32.104,NASA_POWER_SARAH3_LiuJordan1960
6516,9,29,11,0.621108,32.4,NASA_POWER_SARAH3_LiuJordan1960
6517,9,29,12,0.621108,32.5,NASA_POWER_SARAH3_LiuJordan1960
6518,9,29,13,0.577695,32.4,NASA_POWER_SARAH3_LiuJordan1960
6519,9,29,14,0.493828,32.104,NASA_POWER_SARAH3_LiuJordan1960
6520,9,29,15,0.375222,31.627,NASA_POWER_SARAH3_LiuJordan1960
6521,9,29,16,0.22996,30.994,NASA_POWER_SARAH3_LiuJordan1960
6522,9,29,17,0.067941,30.236,NASA_POWER_SARAH3_LiuJordan1960
6523,9,29,18,0.0,29.39,NASA_POWER_SARAH3_LiuJordan1960
6524,9,29,19,0.0,28.5,NASA_POWER_SARAH3_LiuJordan1960
6525,9,29,20,0.0,26.5,NASA_POWER_SARAH3_LiuJordan1960
6526,9,29,21,0.0,26.5,NASA_POWER_SARAH3_LiuJordan1960
6527,9,29,22,0.0,26.5,NASA_POWER_SARAH3_LiuJordan1960
6528,9,29,23,0.0,26.5,NASA_POWER_SARAH3_LiuJordan1960
6529,9,30,0,0.0,26.5,NASA_POWER_SARAH3_LiuJordan1960
6530,9,30,1,0.0,26.5,NASA_POWER_SARAH3_LiuJordan1960
6531,9,30,2,0.0,26.5,NASA_POWER_SARAH3_LiuJordan1960
6532,9,30,3,0.0,26.5,NASA_POWER_SARAH3_LiuJordan1960
6533,9,30,4,0.0,26.5,NASA_POWER_SARAH3_LiuJordan1960
6534,9,30,5,0.0,28.5,NASA_POWER_SARAH3_LiuJordan1960
6535,9,30,6,0.062467,29.39,NASA_POWER_SARAH3_LiuJordan1960
6536,9,30,7,0.215633,30.236,NASA_POWER_SARAH3_LiuJordan1960
6537,9,30,8,0.352958,30.994,NASA_POWER_SARAH3_LiuJordan1960
6538,9,30,9,0.465084,31.627,NASA_POWER_SARAH3_LiuJordan1960
6539,9,30,10,0.544368,32.104,NASA_POWER_SARAH3_LiuJordan1960
6540,9,30,11,0.585409,32.4,NASA_POWER_SARAH3_LiuJordan1960
6541,9,30,12,0.585409,32.5,NASA_POWER_SARAH3_LiuJordan1960
6542,9,30,13,0.544368,32.4,NASA_POWER_SARAH3_LiuJordan1960
6543,9,30,14,0.465084,32.104,NASA_POWER_SARAH3_LiuJordan1960
6544,9,30,15,0.352958,31.627,NASA_POWER_SARAH3_LiuJordan1960
6545,9,30,16,0.215633,30.994,NASA_POWER_SARAH3_LiuJordan1960
6546,9,30,17,0.062467,30.236,NASA_POWER_SARAH3_LiuJordan1960
6547,9,30,18,0.0,29.39,NASA_POWER_SARAH3_LiuJordan1960
6548,9,30,19,0.0,28.5,NASA_POWER_SARAH3_LiuJordan1960
6549,9,30,20,0.0,26.5,NASA_POWER_SARAH3_LiuJordan1960
6550,9,30,21,0.0,26.5,NASA_POWER_SARAH3_LiuJordan1960
6551,9,30,22,0.0,26.5,NASA_POWER_SARAH3_LiuJordan1960
6552,9,30,23,0.0,26.5,NASA_POWER_SARAH3_LiuJordan1960
6553,10,1,0,0.0,24.5,NASA_POWER_SARAH3_LiuJordan1960
6554,10,1,1,0.0,24.5,NASA_POWER_SARAH3_LiuJordan1960
6555,10,1,2,0.0,24.5,NASA_POWER_SARAH3_LiuJordan1960
6556,10,1,3,0.0,24.5,NASA_POWER_SARAH3_LiuJordan1960
6557,10,1,4,0.0,24.5,NASA_POWER_SARAH3_LiuJordan1960
6558,10,1,5,0.0,27.5,NASA_POWER_SARAH3_LiuJordan1960
6559,10,1,6,0.077355,28.835,NASA_POWER_SARAH3_LiuJordan1960
6560,10,1,7,0.272518,30.103,NASA_POWER_SARAH3_LiuJordan1960
6561,10,1,8,0.447496,31.241,NASA_POWER_SARAH3_LiuJordan1960
6562,10,1,9,0.590364,32.191,NASA_POWER_SARAH3_LiuJordan1960
6563,10,1,10,0.691388,32.906,NASA_POWER_SARAH3_LiuJordan1960
6564,10,1,11,0.743682,33.35,NASA_POWER_SARAH3_LiuJordan1960
6565,10,1,12,0.743682,33.5,NASA_POWER_SARAH3_LiuJordan1960
6566,10,1,13,0.691388,33.35,NASA_POWER_SARAH3_LiuJordan1960
6567,10,1,14,0.590364,32.906,NASA_POWER_SARAH3_LiuJordan1960
6568,10,1,15,0.447496,32.191,NASA_POWER_SARAH3_LiuJordan1960
6569,10,1,16,0.272518,31.241,NASA_POWER_SARAH3_LiuJordan1960
6570,10,1,17,0.077355,30.103,NASA_POWER_SARAH3_LiuJordan1960
6571,10,1,18,0.0,28.835,NASA_POWER_SARAH3_LiuJordan1960
6572,10,1,19,0.0,27.5,NASA_POWER_SARAH3_LiuJordan1960
6573,10,1,20,0.0,24.5,NASA_POWER_SARAH3_LiuJordan1960
6574,10,1,21,0.0,24.5,NASA_POWER_SARAH3_LiuJordan1960
6575,10,1,22,0.0,24.5,NASA_POWER_SARAH3_LiuJordan1960
6576,10,1,23,0.0,24.5,NASA_POWER_SARAH3_LiuJordan1960
6577,10,2,0,0.0,24.5,NASA_POWER_SARAH3_LiuJordan1960
6578,10,2,1,0.0,24.5,NASA_POWER_SARAH3_LiuJordan1960
6579,10,2,2,0.0,24.5,NASA_POWER_SARAH3_LiuJordan1960
6580,10,2,3,0.0,24.5,NASA_POWER_SARAH3_LiuJordan1960
6581,10,2,4,0.0,24.5,NASA_POWER_SARAH3_LiuJordan1960
6582,10,2,5,0.0,27.5,NASA_POWER_SARAH3_LiuJordan1960
6583,10,2,6,0.057294,28.835,NASA_POWER_SARAH3_LiuJordan1960
6584,10,2,7,0.206145,30.103,NASA_POWER_SARAH3_LiuJordan1960
6585,10,2,8,0.339601,31.241,NASA_POWER_SARAH3_LiuJordan1960
6586,10,2,9,0.448567,32.191,NASA_POWER_SARAH3_LiuJordan1960
6587,10,2,10,0.525618,32.906,NASA_POWER_SARAH3_LiuJordan1960
6588,10,2,11,0.565503,33.35,NASA_POWER_SARAH3_LiuJordan1960
6589,10,2,12,0.565503,33.5,NASA_POWER_SARAH3_LiuJordan1960
6590,10,2,13,0.525618,33.35,NASA_POWER_SARAH3_LiuJordan1960
6591,10,2,14,0.448567,32.906,NASA_POWER_SARAH3_LiuJordan1960
6592,10,2,15,0.339601,32.191,NASA_POWER_SARAH3_LiuJordan1960
6593,10,2,16,0.206145,31.241,NASA_POWER_SARAH3_LiuJordan1960
6594,10,2,17,0.057294,30.103,NASA_POWER_SARAH3_LiuJordan1960
6595,10,2,18,0.0,28.835,NASA_POWER_SARAH3_LiuJordan1960
6596,10,2,19,0.0,27.5,NASA_POWER_SARAH3_LiuJordan1960
6597,10,2,20,0.0,24.5,NASA_POWER_SARAH3_LiuJordan1960
6598,10,2,21,0.0,24.5,NASA_POWER_SARAH3_LiuJordan1960
6599,10,2,22,0.0,24.5,NASA_POWER_SARAH3_LiuJordan1960
6600,10,2,23,0.0,24.5,NASA_POWER_SARAH3_LiuJordan1960
6601,10,3,0,0.0,24.5,NASA_POWER_SARAH3_LiuJordan1960
6602,10,3,1,0.0,24.5,NASA_POWER_SARAH3_LiuJordan1960
6603,10,3,2,0.0,24.5,NASA_POWER_SARAH3_LiuJordan1960
6604,10,3,3,0.0,24.5,NASA_POWER_SARAH3_LiuJordan1960
6605,10,3,4,0.0,24.5,NASA_POWER_SARAH3_LiuJordan1960
6606,10,3,5,0.0,27.5,NASA_POWER_SARAH3_LiuJordan1960
6607,10,3,6,0.071217,28.835,NASA_POWER_SARAH3_LiuJordan1960
6608,10,3,7,0.261898,30.103,NASA_POWER_SARAH3_LiuJordan1960
6609,10,3,8,0.432859,31.241,NASA_POWER_SARAH3_LiuJordan1960
6610,10,3,9,0.572448,32.191,NASA_POWER_SARAH3_LiuJordan1960
6611,10,3,10,0.671152,32.906,NASA_POWER_SARAH3_LiuJordan1960
6612,10,3,11,0.722245,33.35,NASA_POWER_SARAH3_LiuJordan1960
6613,10,3,12,0.722245,33.5,NASA_POWER_SARAH3_LiuJordan1960
6614,10,3,13,0.671152,33.35,NASA_POWER_SARAH3_LiuJordan1960
6615,10,3,14,0.572448,32.906,NASA_POWER_SARAH3_LiuJordan1960
6616,10,3,15,0.432859,32.191,NASA_POWER_SARAH3_LiuJordan1960
6617,10,3,16,0.261898,31.241,NASA_POWER_SARAH3_LiuJordan1960
6618,10,3,17,0.071217,30.103,NASA_POWER_SARAH3_LiuJordan1960
6619,10,3,18,0.0,28.835,NASA_POWER_SARAH3_LiuJordan1960
6620,10,3,19,0.0,27.5,NASA_POWER_SARAH3_LiuJordan1960
6621,10,3,20,0.0,24.5,NASA_POWER_SARAH3_LiuJordan1960
6622,10,3,21,0.0,24.5,NASA_POWER_SARAH3_LiuJordan1960
6623,10,3,22,0.0,24.5,NASA_POWER_SARAH3_LiuJordan1960
6624,10,3,23,0.0,24.5,NASA_POWER_SARAH3_LiuJordan1960
6625,10,4,0,0.0,24.5,NASA_POWER_SARAH3_LiuJordan1960
6626,10,4,1,0.0,24.5,NASA_POWER_SARAH3_LiuJordan1960
6627,10,4,2,0.0,24.5,NASA_POWER_SARAH3_LiuJordan1960
6628,10,4,3,0.0,24.5,NASA_POWER_SARAH3_LiuJordan1960
6629,10,4,4,0.0,24.5,NASA_POWER_SARAH3_LiuJordan1960
6630,10,4,5,0.0,27.5,NASA_POWER_SARAH3_LiuJordan1960
6631,10,4,6,0.060173,28.835,NASA_POWER_SARAH3_LiuJordan1960
6632,10,4,7,0.226359,30.103,NASA_POWER_SARAH3_LiuJordan1960
6633,10,4,8,0.375356,31.241,NASA_POWER_SARAH3_LiuJordan1960
6634,10,4,9,0.497012,32.191,NASA_POWER_SARAH3_LiuJordan1960
6635,10,4,10,0.583036,32.906,NASA_POWER_SARAH3_LiuJordan1960
6636,10,4,11,0.627565,33.35,NASA_POWER_SARAH3_LiuJordan1960
6637,10,4,12,0.627565,33.5,NASA_POWER_SARAH3_LiuJordan1960
6638,10,4,13,0.583036,33.35,NASA_POWER_SARAH3_LiuJordan1960
6639,10,4,14,0.497012,32.906,NASA_POWER_SARAH3_LiuJordan1960
6640,10,4,15,0.375356,32.191,NASA_POWER_SARAH3_LiuJordan1960
6641,10,4,16,0.226359,31.241,NASA_POWER_SARAH3_LiuJordan1960
6642,10,4,17,0.060173,30.103,NASA_POWER_SARAH3_LiuJordan1960
6643,10,4,18,0.0,28.835,NASA_POWER_SARAH3_LiuJordan1960
6644,10,4,19,0.0,27.5,NASA_POWER_SARAH3_LiuJordan1960
6645,10,4,20,0.0,24.5,NASA_POWER_SARAH3_LiuJordan1960
6646,10,4,21,0.0,24.5,NASA_POWER_SARAH3_LiuJordan1960
6647,10,4,22,0.0,24.5,NASA_POWER_SARAH3_LiuJordan1960
6648,10,4,23,0.0,24.5,NASA_POWER_SARAH3_LiuJordan1960
6649,10,5,0,0.0,24.5,NASA_POWER_SARAH3_LiuJordan1960
6650,10,5,1,0.0,24.5,NASA_POWER_SARAH3_LiuJordan1960
6651,10,5,2,0.0,24.5,NASA_POWER_SARAH3_LiuJordan1960
6652,10,5,3,0.0,24.5,NASA_POWER_SARAH3_LiuJordan1960
6653,10,5,4,0.0,24.5,NASA_POWER_SARAH3_LiuJordan1960
6654,10,5,5,0.0,27.5,NASA_POWER_SARAH3_LiuJordan1960
6655,10,5,6,0.05483,28.835,NASA_POWER_SARAH3_LiuJordan1960
6656,10,5,7,0.211166,30.103,NASA_POWER_SARAH3_LiuJordan1960
6657,10,5,8,0.351333,31.241,NASA_POWER_SARAH3_LiuJordan1960
6658,10,5,9,0.465779,32.191,NASA_POWER_SARAH3_LiuJordan1960
6659,10,5,10,0.546704,32.906,NASA_POWER_SARAH3_LiuJordan1960
6660,10,5,11,0.588594,33.35,NASA_POWER_SARAH3_LiuJordan1960
6661,10,5,12,0.588594,33.5,NASA_POWER_SARAH3_LiuJordan1960
6662,10,5,13,0.546704,33.35,NASA_POWER_SARAH3_LiuJordan1960
6663,10,5,14,0.465779,32.906,NASA_POWER_SARAH3_LiuJordan1960
6664,10,5,15,0.351333,32.191,NASA_POWER_SARAH3_LiuJordan1960
6665,10,5,16,0.211166,31.241,NASA_POWER_SARAH3_LiuJordan1960
6666,10,5,17,0.05483,30.103,NASA_POWER_SARAH3_LiuJordan1960
6667,10,5,18,0.0,28.835,NASA_POWER_SARAH3_LiuJordan1960
6668,10,5,19,0.0,27.5,NASA_POWER_SARAH3_LiuJordan1960
6669,10,5,20,0.0,24.5,NASA_POWER_SARAH3_LiuJordan1960
6670,10,5,21,0.0,24.5,NASA_POWER_SARAH3_LiuJordan1960
6671,10,5,22,0.0,24.5,NASA_POWER_SARAH3_LiuJordan1960
6672,10,5,23,0.0,24.5,NASA_POWER_SARAH3_LiuJordan1960
6673,10,6,0,0.0,24.5,NASA_POWER_SARAH3_LiuJordan1960
6674,10,6,1,0.0,24.5,NASA_POWER_SARAH3_LiuJordan1960
6675,10,6,2,0.0,24.5,NASA_POWER_SARAH3_LiuJordan1960
6676,10,6,3,0.0,24.5,NASA_POWER_SARAH3_LiuJordan1960
6677,10,6,4,0.0,24.5,NASA_POWER_SARAH3_LiuJordan1960
6678,10,6,5,0.0,27.5,NASA_POWER_SARAH3_LiuJordan1960
6679,10,6,6,0.060637,28.835,NASA_POWER_SARAH3_LiuJordan1960
6680,10,6,7,0.2393,30.103,NASA_POWER_SARAH3_LiuJordan1960
6681,10,6,8,0.399485,31.241,NASA_POWER_SARAH3_LiuJordan1960
6682,10,6,9,0.530276,32.191,NASA_POWER_SARAH3_LiuJordan1960
6683,10,6,10,0.622759,32.906,NASA_POWER_SARAH3_LiuJordan1960
6684,10,6,11,0.670632,33.35,NASA_POWER_SARAH3_LiuJordan1960
6685,10,6,12,0.670632,33.5,NASA_POWER_SARAH3_LiuJordan1960
6686,10,6,13,0.622759,33.35,NASA_POWER_SARAH3_LiuJordan1960
6687,10,6,14,0.530276,32.906,NASA_POWER_SARAH3_LiuJordan1960
6688,10,6,15,0.399485,32.191,NASA_POWER_SARAH3_LiuJordan1960
6689,10,6,16,0.2393,31.241,NASA_POWER_SARAH3_LiuJordan1960
6690,10,6,17,0.060637,30.103,NASA_POWER_SARAH3_LiuJordan1960
6691,10,6,18,0.0,28.835,NASA_POWER_SARAH3_LiuJordan1960
6692,10,6,19,0.0,27.5,NASA_POWER_SARAH3_LiuJordan1960
6693,10,6,20,0.0,24.5,NASA_POWER_SARAH3_LiuJordan1960
6694,10,6,21,0.0,24.5,NASA_POWER_SARAH3_LiuJordan1960
6695,10,6,22,0.0,24.5,NASA_POWER_SARAH3_LiuJordan1960
6696,10,6,23,0.0,24.5,NASA_POWER_SARAH3_LiuJordan1960
6697,10,7,0,0.0,24.5,NASA_POWER_SARAH3_LiuJordan1960
6698,10,7,1,0.0,24.5,NASA_POWER_SARAH3_LiuJordan1960
6699,10,7,2,0.0,24.5,NASA_POWER_SARAH3_LiuJordan1960
6700,10,7,3,0.0,24.5,NASA_POWER_SARAH3_LiuJordan1960
6701,10,7,4,0.0,24.5,NASA_POWER_SARAH3_LiuJordan1960
6702,10,7,5,0.0,27.5,NASA_POWER_SARAH3_LiuJordan1960
6703,10,7,6,0.061922,28.835,NASA_POWER_SARAH3_LiuJordan1960
6704,10,7,7,0.250655,30.103,NASA_POWER_SARAH3_LiuJordan1960
6705,10,7,8,0.419869,31.241,NASA_POWER_SARAH3_LiuJordan1960
6706,10,7,9,0.558031,32.191,NASA_POWER_SARAH3_LiuJordan1960
6707,10,7,10,0.655726,32.906,NASA_POWER_SARAH3_LiuJordan1960
6708,10,7,11,0.706297,33.35,NASA_POWER_SARAH3_LiuJordan1960
6709,10,7,12,0.706297,33.5,NASA_POWER_SARAH3_LiuJordan1960
6710,10,7,13,0.655726,33.35,NASA_POWER_SARAH3_LiuJordan1960
6711,10,7,14,0.558031,32.906,NASA_POWER_SARAH3_LiuJordan1960
6712,10,7,15,0.419869,32.191,NASA_POWER_SARAH3_LiuJordan1960
6713,10,7,16,0.250655,31.241,NASA_POWER_SARAH3_LiuJordan1960
6714,10,7,17,0.061922,30.103,NASA_POWER_SARAH3_LiuJordan1960
6715,10,7,18,0.0,28.835,NASA_POWER_SARAH3_LiuJordan1960
6716,10,7,19,0.0,27.5,NASA_POWER_SARAH3_LiuJordan1960
6717,10,7,20,0.0,24.5,NASA_POWER_SARAH3_LiuJordan1960
6718,10,7,21,0.0,24.5,NASA_POWER_SARAH3_LiuJordan1960
6719,10,7,22,0.0,24.5,NASA_POWER_SARAH3_LiuJordan1960
6720,10,7,23,0.0,24.5,NASA_POWER_SARAH3_LiuJordan1960
6721,10,8,0,0.0,24.5,NASA_POWER_SARAH3_LiuJordan1960
6722,10,8,1,0.0,24.5,NASA_POWER_SARAH3_LiuJordan1960
6723,10,8,2,0.0,24.5,NASA_POWER_SARAH3_LiuJordan1960
6724,10,8,3,0.0,24.5,NASA_POWER_SARAH3_LiuJordan1960
6725,10,8,4,0.0,24.5,NASA_POWER_SARAH3_LiuJordan1960
6726,10,8,5,0.0,27.5,NASA_POWER_SARAH3_LiuJordan1960
6727,10,8,6,0.052663,28.835,NASA_POWER_SARAH3_LiuJordan1960
6728,10,8,7,0.218875,30.103,NASA_POWER_SARAH3_LiuJordan1960
6729,10,8,8,0.367897,31.241,NASA_POWER_SARAH3_LiuJordan1960
6730,10,8,9,0.489573,32.191,NASA_POWER_SARAH3_LiuJordan1960
6731,10,8,10,0.575611,32.906,NASA_POWER_SARAH3_LiuJordan1960
6732,10,8,11,0.620147,33.35,NASA_POWER_SARAH3_LiuJordan1960
6733,10,8,12,0.620147,33.5,NASA_POWER_SARAH3_LiuJordan1960
6734,10,8,13,0.575611,33.35,NASA_POWER_SARAH3_LiuJordan1960
6735,10,8,14,0.489573,32.906,NASA_POWER_SARAH3_LiuJordan1960
6736,10,8,15,0.367897,32.191,NASA_POWER_SARAH3_LiuJordan1960
6737,10,8,16,0.218875,31.241,NASA_POWER_SARAH3_LiuJordan1960
6738,10,8,17,0.052663,30.103,NASA_POWER_SARAH3_LiuJordan1960
6739,10,8,18,0.0,28.835,NASA_POWER_SARAH3_LiuJordan1960
6740,10,8,19,0.0,27.5,NASA_POWER_SARAH3_LiuJordan1960
6741,10,8,20,0.0,24.5,NASA_POWER_SARAH3_LiuJordan1960
6742,10,8,21,0.0,24.5,NASA_POWER_SARAH3_LiuJordan1960
6743,10,8,22,0.0,24.5,NASA_POWER_SARAH3_LiuJordan1960
6744,10,8,23,0.0,24.5,NASA_POWER_SARAH3_LiuJordan1960
6745,10,9,0,0.0,24.5,NASA_POWER_SARAH3_LiuJordan1960
6746,10,9,1,0.0,24.5,NASA_POWER_SARAH3_LiuJordan1960
6747,10,9,2,0.0,24.5,NASA_POWER_SARAH3_LiuJordan1960
6748,10,9,3,0.0,24.5,NASA_POWER_SARAH3_LiuJordan1960
6749,10,9,4,0.0,24.5,NASA_POWER_SARAH3_LiuJordan1960
6750,10,9,5,0.0,27.5,NASA_POWER_SARAH3_LiuJordan1960
6751,10,9,6,0.05109,28.835,NASA_POWER_SARAH3_LiuJordan1960
6752,10,9,7,0.218255,30.103,NASA_POWER_SARAH3_LiuJordan1960
6753,10,9,8,0.368131,31.241,NASA_POWER_SARAH3_LiuJordan1960
6754,10,9,9,0.490504,32.191,NASA_POWER_SARAH3_LiuJordan1960
6755,10,9,10,0.577035,32.906,NASA_POWER_SARAH3_LiuJordan1960
6756,10,9,11,0.621827,33.35,NASA_POWER_SARAH3_LiuJordan1960
6757,10,9,12,0.621827,33.5,NASA_POWER_SARAH3_LiuJordan1960
6758,10,9,13,0.577035,33.35,NASA_POWER_SARAH3_LiuJordan1960
6759,10,9,14,0.490504,32.906,NASA_POWER_SARAH3_LiuJordan1960
6760,10,9,15,0.368131,32.191,NASA_POWER_SARAH3_LiuJordan1960
6761,10,9,16,0.218255,31.241,NASA_POWER_SARAH3_LiuJordan1960
6762,10,9,17,0.05109,30.103,NASA_POWER_SARAH3_LiuJordan1960
6763,10,9,18,0.0,28.835,NASA_POWER_SARAH3_LiuJordan1960
6764,10,9,19,0.0,27.5,NASA_POWER_SARAH3_LiuJordan1960
6765,10,9,20,0.0,24.5,NASA_POWER_SARAH3_LiuJordan1960
6766,10,9,21,0.0,24.5,NASA_POWER_SARAH3_LiuJordan1960
6767,10,9,22,0.0,24.5,NASA_POWER_SARAH3_LiuJordan1960
6768,10,9,23,0.0,24.5,NASA_POWER_SARAH3_LiuJordan1960
6769,10,10,0,0.0,24.5,NASA_POWER_SARAH3_LiuJordan1960
6770,10,10,1,0.0,24.5,NASA_POWER_SARAH3_LiuJordan1960
6771,10,10,2,0.0,24.5,NASA_POWER_SARAH3_LiuJordan1960
6772,10,10,3,0.0,24.5,NASA_POWER_SARAH3_LiuJordan1960
6773,10,10,4,0.0,24.5,NASA_POWER_SARAH3_LiuJordan1960
6774,10,10,5,0.0,27.5,NASA_POWER_SARAH3_LiuJordan1960
6775,10,10,6,0.050907,28.835,NASA_POWER_SARAH3_LiuJordan1960
6776,10,10,7,0.223793,30.103,NASA_POWER_SARAH3_LiuJordan1960
6777,10,10,8,0.378799,31.241,NASA_POWER_SARAH3_LiuJordan1960
6778,10,10,9,0.50536,32.191,NASA_POWER_SARAH3_LiuJordan1960
6779,10,10,10,0.594852,32.906,NASA_POWER_SARAH3_LiuJordan1960
6780,10,10,11,0.641177,33.35,NASA_POWER_SARAH3_LiuJordan1960
6781,10,10,12,0.641177,33.5,NASA_POWER_SARAH3_LiuJordan1960
6782,10,10,13,0.594852,33.35,NASA_POWER_SARAH3_LiuJordan1960
6783,10,10,14,0.50536,32.906,NASA_POWER_SARAH3_LiuJordan1960
6784,10,10,15,0.378799,32.191,NASA_POWER_SARAH3_LiuJordan1960
6785,10,10,16,0.223793,31.241,NASA_POWER_SARAH3_LiuJordan1960
6786,10,10,17,0.050907,30.103,NASA_POWER_SARAH3_LiuJordan1960
6787,10,10,18,0.0,28.835,NASA_POWER_SARAH3_LiuJordan1960
6788,10,10,19,0.0,27.5,NASA_POWER_SARAH3_LiuJordan1960
6789,10,10,20,0.0,24.5,NASA_POWER_SARAH3_LiuJordan1960
6790,10,10,21,0.0,24.5,NASA_POWER_SARAH3_LiuJordan1960
6791,10,10,22,0.0,24.5,NASA_POWER_SARAH3_LiuJordan1960
6792,10,10,23,0.0,24.5,NASA_POWER_SARAH3_LiuJordan1960
6793,10,11,0,0.0,24.5,NASA_POWER_SARAH3_LiuJordan1960
6794,10,11,1,0.0,24.5,NASA_POWER_SARAH3_LiuJordan1960
6795,10,11,2,0.0,24.5,NASA_POWER_SARAH3_LiuJordan1960
6796,10,11,3,0.0,24.5,NASA_POWER_SARAH3_LiuJordan1960
6797,10,11,4,0.0,24.5,NASA_POWER_SARAH3_LiuJordan1960
6798,10,11,5,0.0,27.5,NASA_POWER_SARAH3_LiuJordan1960
6799,10,11,6,0.04897,28.835,NASA_POWER_SARAH3_LiuJordan1960
6800,10,11,7,0.221803,30.103,NASA_POWER_SARAH3_LiuJordan1960
6801,10,11,8,0.376762,31.241,NASA_POWER_SARAH3_LiuJordan1960
6802,10,11,9,0.503285,32.191,NASA_POWER_SARAH3_LiuJordan1960
6803,10,11,10,0.59275,32.906,NASA_POWER_SARAH3_LiuJordan1960
6804,10,11,11,0.63906,33.35,NASA_POWER_SARAH3_LiuJordan1960
6805,10,11,12,0.63906,33.5,NASA_POWER_SARAH3_LiuJordan1960
6806,10,11,13,0.59275,33.35,NASA_POWER_SARAH3_LiuJordan1960
6807,10,11,14,0.503285,32.906,NASA_POWER_SARAH3_LiuJordan1960
6808,10,11,15,0.376762,32.191,NASA_POWER_SARAH3_LiuJordan1960
6809,10,11,16,0.221803,31.241,NASA_POWER_SARAH3_LiuJordan1960
6810,10,11,17,0.04897,30.103,NASA_POWER_SARAH3_LiuJordan1960
6811,10,11,18,0.0,28.835,NASA_POWER_SARAH3_LiuJordan1960
6812,10,11,19,0.0,27.5,NASA_POWER_SARAH3_LiuJordan1960
6813,10,11,20,0.0,24.5,NASA_POWER_SARAH3_LiuJordan1960
6814,10,11,21,0.0,24.5,NASA_POWER_SARAH3_LiuJordan1960
6815,10,11,22,0.0,24.5,NASA_POWER_SARAH3_LiuJordan1960
6816,10,11,23,0.0,24.5,NASA_POWER_SARAH3_LiuJordan1960
6817,10,12,0,0.0,24.5,NASA_POWER_SARAH3_LiuJordan1960
6818,10,12,1,0.0,24.5,NASA_POWER_SARAH3_LiuJordan1960
6819,10,12,2,0.0,24.5,NASA_POWER_SARAH3_LiuJordan1960
6820,10,12,3,0.0,24.5,NASA_POWER_SARAH3_LiuJordan1960
6821,10,12,4,0.0,24.5,NASA_POWER_SARAH3_LiuJordan1960
6822,10,12,5,0.0,27.5,NASA_POWER_SARAH3_LiuJordan1960
6823,10,12,6,0.041495,28.835,NASA_POWER_SARAH3_LiuJordan1960
6824,10,12,7,0.193905,30.103,NASA_POWER_SARAH3_LiuJordan1960
6825,10,12,8,0.330551,31.241,NASA_POWER_SARAH3_LiuJordan1960
6826,10,12,9,0.442123,32.191,NASA_POWER_SARAH3_LiuJordan1960
6827,10,12,10,0.521016,32.906,NASA_POWER_SARAH3_LiuJordan1960
6828,10,12,11,0.561854,33.35,NASA_POWER_SARAH3_LiuJordan1960
6829,10,12,12,0.561854,33.5,NASA_POWER_SARAH3_LiuJordan1960
6830,10,12,13,0.521016,33.35,NASA_POWER_SARAH3_LiuJordan1960
6831,10,12,14,0.442123,32.906,NASA_POWER_SARAH3_LiuJordan1960
6832,10,12,15,0.330551,32.191,NASA_POWER_SARAH3_LiuJordan1960
6833,10,12,16,0.193905,31.241,NASA_POWER_SARAH3_LiuJordan1960
6834,10,12,17,0.041495,30.103,NASA_POWER_SARAH3_LiuJordan1960
6835,10,12,18,0.0,28.835,NASA_POWER_SARAH3_LiuJordan1960
6836,10,12,19,0.0,27.5,NASA_POWER_SARAH3_LiuJordan1960
6837,10,12,20,0.0,24.5,NASA_POWER_SARAH3_LiuJordan1960
6838,10,12,21,0.0,24.5,NASA_POWER_SARAH3_LiuJordan1960
6839,10,12,22,0.0,24.5,NASA_POWER_SARAH3_LiuJordan1960
6840,10,12,23,0.0,24.5,NASA_POWER_SARAH3_LiuJordan1960
6841,10,13,0,0.0,24.5,NASA_POWER_SARAH3_LiuJordan1960
6842,10,13,1,0.0,24.5,NASA_POWER_SARAH3_LiuJordan1960
6843,10,13,2,0.0,24.5,NASA_POWER_SARAH3_LiuJordan1960
6844,10,13,3,0.0,24.5,NASA_POWER_SARAH3_LiuJordan1960
6845,10,13,4,0.0,24.5,NASA_POWER_SARAH3_LiuJordan1960
6846,10,13,5,0.0,27.5,NASA_POWER_SARAH3_LiuJordan1960
6847,10,13,6,0.050257,28.835,NASA_POWER_SARAH3_LiuJordan1960
6848,10,13,7,0.242637,30.103,NASA_POWER_SARAH3_LiuJordan1960
6849,10,13,8,0.415121,31.241,NASA_POWER_SARAH3_LiuJordan1960
6850,10,13,9,0.555953,32.191,NASA_POWER_SARAH3_LiuJordan1960
6851,10,13,10,0.655536,32.906,NASA_POWER_SARAH3_LiuJordan1960
6852,10,13,11,0.707084,33.35,NASA_POWER_SARAH3_LiuJordan1960
6853,10,13,12,0.707084,33.5,NASA_POWER_SARAH3_LiuJordan1960
6854,10,13,13,0.655536,33.35,NASA_POWER_SARAH3_LiuJordan1960
6855,10,13,14,0.555953,32.906,NASA_POWER_SARAH3_LiuJordan1960
6856,10,13,15,0.415121,32.191,NASA_POWER_SARAH3_LiuJordan1960
6857,10,13,16,0.242637,31.241,NASA_POWER_SARAH3_LiuJordan1960
6858,10,13,17,0.050257,30.103,NASA_POWER_SARAH3_LiuJordan1960
6859,10,13,18,0.0,28.835,NASA_POWER_SARAH3_LiuJordan1960
6860,10,13,19,0.0,27.5,NASA_POWER_SARAH3_LiuJordan1960
6861,10,13,20,0.0,24.5,NASA_POWER_SARAH3_LiuJordan1960
6862,10,13,21,0.0,24.5,NASA_POWER_SARAH3_LiuJordan1960
6863,10,13,22,0.0,24.5,NASA_POWER_SARAH3_LiuJordan1960
6864,10,13,23,0.0,24.5,NASA_POWER_SARAH3_LiuJordan1960
6865,10,14,0,0.0,24.5,NASA_POWER_SARAH3_LiuJordan1960
6866,10,14,1,0.0,24.5,NASA_POWER_SARAH3_LiuJordan1960
6867,10,14,2,0.0,24.5,NASA_POWER_SARAH3_LiuJordan1960
6868,10,14,3,0.0,24.5,NASA_POWER_SARAH3_LiuJordan1960
6869,10,14,4,0.0,24.5,NASA_POWER_SARAH3_LiuJordan1960
6870,10,14,5,0.0,27.5,NASA_POWER_SARAH3_LiuJordan1960
6871,10,14,6,0.040828,28.835,NASA_POWER_SARAH3_LiuJordan1960
6872,10,14,7,0.203962,30.103,NASA_POWER_SARAH3_LiuJordan1960
6873,10,14,8,0.350224,31.241,NASA_POWER_SARAH3_LiuJordan1960
6874,10,14,9,0.469646,32.191,NASA_POWER_SARAH3_LiuJordan1960
6875,10,14,10,0.55409,32.906,NASA_POWER_SARAH3_LiuJordan1960
6876,10,14,11,0.597802,33.35,NASA_POWER_SARAH3_LiuJordan1960
6877,10,14,12,0.597802,33.5,NASA_POWER_SARAH3_LiuJordan1960
6878,10,14,13,0.55409,33.35,NASA_POWER_SARAH3_LiuJordan1960
6879,10,14,14,0.469646,32.906,NASA_POWER_SARAH3_LiuJordan1960
6880,10,14,15,0.350224,32.191,NASA_POWER_SARAH3_LiuJordan1960
6881,10,14,16,0.203962,31.241,NASA_POWER_SARAH3_LiuJordan1960
6882,10,14,17,0.040828,30.103,NASA_POWER_SARAH3_LiuJordan1960
6883,10,14,18,0.0,28.835,NASA_POWER_SARAH3_LiuJordan1960
6884,10,14,19,0.0,27.5,NASA_POWER_SARAH3_LiuJordan1960
6885,10,14,20,0.0,24.5,NASA_POWER_SARAH3_LiuJordan1960
6886,10,14,21,0.0,24.5,NASA_POWER_SARAH3_LiuJordan1960
6887,10,14,22,0.0,24.5,NASA_POWER_SARAH3_LiuJordan1960
6888,10,14,23,0.0,24.5,NASA_POWER_SARAH3_LiuJordan1960
6889,10,15,0,0.0,24.5,NASA_POWER_SARAH3_LiuJordan1960
6890,10,15,1,0.0,24.5,NASA_POWER_SARAH3_LiuJordan1960
6891,10,15,2,0.0,24.5,NASA_POWER_SARAH3_LiuJordan1960
6892,10,15,3,0.0,24.5,NASA_POWER_SARAH3_LiuJordan1960
6893,10,15,4,0.0,24.5,NASA_POWER_SARAH3_LiuJordan1960
6894,10,15,5,0.0,27.5,NASA_POWER_SARAH3_LiuJordan1960
6895,10,15,6,0.041035,28.835,NASA_POWER_SARAH3_LiuJordan1960
6896,10,15,7,0.212466,30.103,NASA_POWER_SARAH3_LiuJordan1960
6897,10,15,8,0.366167,31.241,NASA_POWER_SARAH3_LiuJordan1960
6898,10,15,9,0.491663,32.191,NASA_POWER_SARAH3_LiuJordan1960
6899,10,15,10,0.580402,32.906,NASA_POWER_SARAH3_LiuJordan1960
6900,10,15,11,0.626337,33.35,NASA_POWER_SARAH3_LiuJordan1960
6901,10,15,12,0.626337,33.5,NASA_POWER_SARAH3_LiuJordan1960
6902,10,15,13,0.580402,33.35,NASA_POWER_SARAH3_LiuJordan1960
6903,10,15,14,0.491663,32.906,NASA_POWER_SARAH3_LiuJordan1960
6904,10,15,15,0.366167,32.191,NASA_POWER_SARAH3_LiuJordan1960
6905,10,15,16,0.212466,31.241,NASA_POWER_SARAH3_LiuJordan1960
6906,10,15,17,0.041035,30.103,NASA_POWER_SARAH3_LiuJordan1960
6907,10,15,18,0.0,28.835,NASA_POWER_SARAH3_LiuJordan1960
6908,10,15,19,0.0,27.5,NASA_POWER_SARAH3_LiuJordan1960
6909,10,15,20,0.0,24.5,NASA_POWER_SARAH3_LiuJordan1960
6910,10,15,21,0.0,24.5,NASA_POWER_SARAH3_LiuJordan1960
6911,10,15,22,0.0,24.5,NASA_POWER_SARAH3_LiuJordan1960
6912,10,15,23,0.0,24.5,NASA_POWER_SARAH3_LiuJordan1960
6913,10,16,0,0.0,24.5,NASA_POWER_SARAH3_LiuJordan1960
6914,10,16,1,0.0,24.5,NASA_POWER_SARAH3_LiuJordan1960
6915,10,16,2,0.0,24.5,NASA_POWER_SARAH3_LiuJordan1960
6916,10,16,3,0.0,24.5,NASA_POWER_SARAH3_LiuJordan1960
6917,10,16,4,0.0,24.5,NASA_POWER_SARAH3_LiuJordan1960
6918,10,16,5,0.0,27.5,NASA_POWER_SARAH3_LiuJordan1960
6919,10,16,6,0.04317,28.835,NASA_POWER_SARAH3_LiuJordan1960
6920,10,16,7,0.232084,30.103,NASA_POWER_SARAH3_LiuJordan1960
6921,10,16,8,0.40146,31.241,NASA_POWER_SARAH3_LiuJordan1960
6922,10,16,9,0.539754,32.191,NASA_POWER_SARAH3_LiuJordan1960
6923,10,16,10,0.637543,32.906,NASA_POWER_SARAH3_LiuJordan1960
6924,10,16,11,0.688163,33.35,NASA_POWER_SARAH3_LiuJordan1960
6925,10,16,12,0.688163,33.5,NASA_POWER_SARAH3_LiuJordan1960
6926,10,16,13,0.637543,33.35,NASA_POWER_SARAH3_LiuJordan1960
6927,10,16,14,0.539754,32.906,NASA_POWER_SARAH3_LiuJordan1960
6928,10,16,15,0.40146,32.191,NASA_POWER_SARAH3_LiuJordan1960
6929,10,16,16,0.232084,31.241,NASA_POWER_SARAH3_LiuJordan1960
6930,10,16,17,0.04317,30.103,NASA_POWER_SARAH3_LiuJordan1960
6931,10,16,18,0.0,28.835,NASA_POWER_SARAH3_LiuJordan1960
6932,10,16,19,0.0,27.5,NASA_POWER_SARAH3_LiuJordan1960
6933,10,16,20,0.0,24.5,NASA_POWER_SARAH3_LiuJordan1960
6934,10,16,21,0.0,24.5,NASA_POWER_SARAH3_LiuJordan1960
6935,10,16,22,0.0,24.5,NASA_POWER_SARAH3_LiuJordan1960
6936,10,16,23,0.0,24.5,NASA_POWER_SARAH3_LiuJordan1960
6937,10,17,0,0.0,24.5,NASA_POWER_SARAH3_LiuJordan1960
6938,10,17,1,0.0,24.5,NASA_POWER_SARAH3_LiuJordan1960
6939,10,17,2,0.0,24.5,NASA_POWER_SARAH3_LiuJordan1960
6940,10,17,3,0.0,24.5,NASA_POWER_SARAH3_LiuJordan1960
6941,10,17,4,0.0,24.5,NASA_POWER_SARAH3_LiuJordan1960
6942,10,17,5,0.0,27.5,NASA_POWER_SARAH3_LiuJordan1960
6943,10,17,6,0.038227,28.835,NASA_POWER_SARAH3_LiuJordan1960
6944,10,17,7,0.213797,30.103,NASA_POWER_SARAH3_LiuJordan1960
6945,10,17,8,0.371208,31.241,NASA_POWER_SARAH3_LiuJordan1960
6946,10,17,9,0.499734,32.191,NASA_POWER_SARAH3_LiuJordan1960
6947,10,17,10,0.590615,32.906,NASA_POWER_SARAH3_LiuJordan1960
6948,10,17,11,0.637659,33.35,NASA_POWER_SARAH3_LiuJordan1960
6949,10,17,12,0.637659,33.5,NASA_POWER_SARAH3_LiuJordan1960
6950,10,17,13,0.590615,33.35,NASA_POWER_SARAH3_LiuJordan1960
6951,10,17,14,0.499734,32.906,NASA_POWER_SARAH3_LiuJordan1960
6952,10,17,15,0.371208,32.191,NASA_POWER_SARAH3_LiuJordan1960
6953,10,17,16,0.213797,31.241,NASA_POWER_SARAH3_LiuJordan1960
6954,10,17,17,0.038227,30.103,NASA_POWER_SARAH3_LiuJordan1960
6955,10,17,18,0.0,28.835,NASA_POWER_SARAH3_LiuJordan1960
6956,10,17,19,0.0,27.5,NASA_POWER_SARAH3_LiuJordan1960
6957,10,17,20,0.0,24.5,NASA_POWER_SARAH3_LiuJordan1960
6958,10,17,21,0.0,24.5,NASA_POWER_SARAH3_LiuJordan1960
6959,10,17,22,0.0,24.5,NASA_POWER_SARAH3_LiuJordan1960
6960,10,17,23,0.0,24.5,NASA_POWER_SARAH3_LiuJordan1960
6961,10,18,0,0.0,24.5,NASA_POWER_SARAH3_LiuJordan1960
6962,10,18,1,0.0,24.5,NASA_POWER_SARAH3_LiuJordan1960
6963,10,18,2,0.0,24.5,NASA_POWER_SARAH3_LiuJordan1960
6964,10,18,3,0.0,24.5,NASA_POWER_SARAH3_LiuJordan1960
6965,10,18,4,0.0,24.5,NASA_POWER_SARAH3_LiuJordan1960
6966,10,18,5,0.0,27.5,NASA_POWER_SARAH3_LiuJordan1960
6967,10,18,6,0.033996,28.835,NASA_POWER_SARAH3_LiuJordan1960
6968,10,18,7,0.198218,30.103,NASA_POWER_SARAH3_LiuJordan1960
6969,10,18,8,0.345455,31.241,NASA_POWER_SARAH3_LiuJordan1960
6970,10,18,9,0.465674,32.191,NASA_POWER_SARAH3_LiuJordan1960
6971,10,18,10,0.550682,32.906,NASA_POWER_SARAH3_LiuJordan1960
6972,10,18,11,0.594685,33.35,NASA_POWER_SARAH3_LiuJordan1960
6973,10,18,12,0.594685,33.5,NASA_POWER_SARAH3_LiuJordan1960
6974,10,18,13,0.550682,33.35,NASA_POWER_SARAH3_LiuJordan1960
6975,10,18,14,0.465674,32.906,NASA_POWER_SARAH3_LiuJordan1960
6976,10,18,15,0.345455,32.191,NASA_POWER_SARAH3_LiuJordan1960
6977,10,18,16,0.198218,31.241,NASA_POWER_SARAH3_LiuJordan1960
6978,10,18,17,0.033996,30.103,NASA_POWER_SARAH3_LiuJordan1960
6979,10,18,18,0.0,28.835,NASA_POWER_SARAH3_LiuJordan1960
6980,10,18,19,0.0,27.5,NASA_POWER_SARAH3_LiuJordan1960
6981,10,18,20,0.0,24.5,NASA_POWER_SARAH3_LiuJordan1960
6982,10,18,21,0.0,24.5,NASA_POWER_SARAH3_LiuJordan1960
6983,10,18,22,0.0,24.5,NASA_POWER_SARAH3_LiuJordan1960
6984,10,18,23,0.0,24.5,NASA_POWER_SARAH3_LiuJordan1960
6985,10,19,0,0.0,24.5,NASA_POWER_SARAH3_LiuJordan1960
6986,10,19,1,0.0,24.5,NASA_POWER_SARAH3_LiuJordan1960
6987,10,19,2,0.0,24.5,NASA_POWER_SARAH3_LiuJordan1960
6988,10,19,3,0.0,24.5,NASA_POWER_SARAH3_LiuJordan1960
6989,10,19,4,0.0,24.5,NASA_POWER_SARAH3_LiuJordan1960
6990,10,19,5,0.0,27.5,NASA_POWER_SARAH3_LiuJordan1960
6991,10,19,6,0.041665,28.835,NASA_POWER_SARAH3_LiuJordan1960
6992,10,19,7,0.253848,30.103,NASA_POWER_SARAH3_LiuJordan1960
6993,10,19,8,0.444087,31.241,NASA_POWER_SARAH3_LiuJordan1960
6994,10,19,9,0.599416,32.191,NASA_POWER_SARAH3_LiuJordan1960
6995,10,19,10,0.70925,32.906,NASA_POWER_SARAH3_LiuJordan1960
6996,10,19,11,0.766104,33.35,NASA_POWER_SARAH3_LiuJordan1960
6997,10,19,12,0.766104,33.5,NASA_POWER_SARAH3_LiuJordan1960
6998,10,19,13,0.70925,33.35,NASA_POWER_SARAH3_LiuJordan1960
6999,10,19,14,0.599416,32.906,NASA_POWER_SARAH3_LiuJordan1960
7000,10,19,15,0.444087,32.191,NASA_POWER_SARAH3_LiuJordan1960
7001,10,19,16,0.253848,31.241,NASA_POWER_SARAH3_LiuJordan1960
7002,10,19,17,0.041665,30.103,NASA_POWER_SARAH3_LiuJordan1960
7003,10,19,18,0.0,28.835,NASA_POWER_SARAH3_LiuJordan1960
7004,10,19,19,0.0,27.5,NASA_POWER_SARAH3_LiuJordan1960
7005,10,19,20,0.0,24.5,NASA_POWER_SARAH3_LiuJordan1960
7006,10,19,21,0.0,24.5,NASA_POWER_SARAH3_LiuJordan1960
7007,10,19,22,0.0,24.5,NASA_POWER_SARAH3_LiuJordan1960
7008,10,19,23,0.0,24.5,NASA_POWER_SARAH3_LiuJordan1960
7009,10,20,0,0.0,24.5,NASA_POWER_SARAH3_LiuJordan1960
7010,10,20,1,0.0,24.5,NASA_POWER_SARAH3_LiuJordan1960
7011,10,20,2,0.0,24.5,NASA_POWER_SARAH3_LiuJordan1960
7012,10,20,3,0.0,24.5,NASA_POWER_SARAH3_LiuJordan1960
7013,10,20,4,0.0,24.5,NASA_POWER_SARAH3_LiuJordan1960
7014,10,20,5,0.0,27.5,NASA_POWER_SARAH3_LiuJordan1960
7015,10,20,6,0.032854,28.835,NASA_POWER_SARAH3_LiuJordan1960
7016,10,20,7,0.209695,30.103,NASA_POWER_SARAH3_LiuJordan1960
7017,10,20,8,0.368247,31.241,NASA_POWER_SARAH3_LiuJordan1960
7018,10,20,9,0.497704,32.191,NASA_POWER_SARAH3_LiuJordan1960
7019,10,20,10,0.589243,32.906,NASA_POWER_SARAH3_LiuJordan1960
7020,10,20,11,0.636628,33.35,NASA_POWER_SARAH3_LiuJordan1960
7021,10,20,12,0.636628,33.5,NASA_POWER_SARAH3_LiuJordan1960
7022,10,20,13,0.589243,33.35,NASA_POWER_SARAH3_LiuJordan1960
7023,10,20,14,0.497704,32.906,NASA_POWER_SARAH3_LiuJordan1960
7024,10,20,15,0.368247,32.191,NASA_POWER_SARAH3_LiuJordan1960
7025,10,20,16,0.209695,31.241,NASA_POWER_SARAH3_LiuJordan1960
7026,10,20,17,0.032854,30.103,NASA_POWER_SARAH3_LiuJordan1960
7027,10,20,18,0.0,28.835,NASA_POWER_SARAH3_LiuJordan1960
7028,10,20,19,0.0,27.5,NASA_POWER_SARAH3_LiuJordan1960
7029,10,20,20,0.0,24.5,NASA_POWER_SARAH3_LiuJordan1960
7030,10,20,21,0.0,24.5,NASA_POWER_SARAH3_LiuJordan1960
7031,10,20,22,0.0,24.5,NASA_POWER_SARAH3_LiuJordan1960
7032,10,20,23,0.0,24.5,NASA_POWER_SARAH3_LiuJordan1960
7033,10,21,0,0.0,24.5,NASA_POWER_SARAH3_LiuJordan1960
7034,10,21,1,0.0,24.5,NASA_POWER_SARAH3_LiuJordan1960
7035,10,21,2,0.0,24.5,NASA_POWER_SARAH3_LiuJordan1960
7036,10,21,3,0.0,24.5,NASA_POWER_SARAH3_LiuJordan1960
7037,10,21,4,0.0,24.5,NASA_POWER_SARAH3_LiuJordan1960
7038,10,21,5,0.0,27.5,NASA_POWER_SARAH3_LiuJordan1960
7039,10,21,6,0.035571,28.835,NASA_POWER_SARAH3_LiuJordan1960
7040,10,21,7,0.238511,30.103,NASA_POWER_SARAH3_LiuJordan1960
7041,10,21,8,0.420461,31.241,NASA_POWER_SARAH3_LiuJordan1960
7042,10,21,9,0.569023,32.191,NASA_POWER_SARAH3_LiuJordan1960
7043,10,21,10,0.674072,32.906,NASA_POWER_SARAH3_LiuJordan1960
7044,10,21,11,0.72845,33.35,NASA_POWER_SARAH3_LiuJordan1960
7045,10,21,12,0.72845,33.5,NASA_POWER_SARAH3_LiuJordan1960
7046,10,21,13,0.674072,33.35,NASA_POWER_SARAH3_LiuJordan1960
7047,10,21,14,0.569023,32.906,NASA_POWER_SARAH3_LiuJordan1960
7048,10,21,15,0.420461,32.191,NASA_POWER_SARAH3_LiuJordan1960
7049,10,21,16,0.238511,31.241,NASA_POWER_SARAH3_LiuJordan1960
7050,10,21,17,0.035571,30.103,NASA_POWER_SARAH3_LiuJordan1960
7051,10,21,18,0.0,28.835,NASA_POWER_SARAH3_LiuJordan1960
7052,10,21,19,0.0,27.5,NASA_POWER_SARAH3_LiuJordan1960
7053,10,21,20,0.0,24.5,NASA_POWER_SARAH3_LiuJordan1960
7054,10,21,21,0.0,24.5,NASA_POWER_SARAH3_LiuJordan1960
7055,10,21,22,0.0,24.5,NASA_POWER_SARAH3_LiuJordan1960
7056,10,21,23,0.0,24.5,NASA_POWER_SARAH3_LiuJordan1960
7057,10,22,0,0.0,24.5,NASA_POWER_SARAH3_LiuJordan1960
7058,10,22,1,0.0,24.5,NASA_POWER_SARAH3_LiuJordan1960
7059,10,22,2,0.0,24.5,NASA_POWER_SARAH3_LiuJordan1960
7060,10,22,3,0.0,24.5,NASA_POWER_SARAH3_LiuJordan1960
7061,10,22,4,0.0,24.5,NASA_POWER_SARAH3_LiuJordan1960
7062,10,22,5,0.0,27.5,NASA_POWER_SARAH3_LiuJordan1960
7063,10,22,6,0.030949,28.835,NASA_POWER_SARAH3_LiuJordan1960
7064,10,22,7,0.218683,30.103,NASA_POWER_SARAH3_LiuJordan1960
7065,10,22,8,0.387002,31.241,NASA_POWER_SARAH3_LiuJordan1960
7066,10,22,9,0.524433,32.191,NASA_POWER_SARAH3_LiuJordan1960
7067,10,22,10,0.621612,32.906,NASA_POWER_SARAH3_LiuJordan1960
7068,10,22,11,0.671915,33.35,NASA_POWER_SARAH3_LiuJordan1960
7069,10,22,12,0.671915,33.5,NASA_POWER_SARAH3_LiuJordan1960
7070,10,22,13,0.621612,33.35,NASA_POWER_SARAH3_LiuJordan1960
7071,10,22,14,0.524433,32.906,NASA_POWER_SARAH3_LiuJordan1960
7072,10,22,15,0.387002,32.191,NASA_POWER_SARAH3_LiuJordan1960
7073,10,22,16,0.218683,31.241,NASA_POWER_SARAH3_LiuJordan1960
7074,10,22,17,0.030949,30.103,NASA_POWER_SARAH3_LiuJordan1960
7075,10,22,18,0.0,28.835,NASA_POWER_SARAH3_LiuJordan1960
7076,10,22,19,0.0,27.5,NASA_POWER_SARAH3_LiuJordan1960
7077,10,22,20,0.0,24.5,NASA_POWER_SARAH3_LiuJordan1960
7078,10,22,21,0.0,24.5,NASA_POWER_SARAH3_LiuJordan1960
7079,10,22,22,0.0,24.5,NASA_POWER_SARAH3_LiuJordan1960
7080,10,22,23,0.0,24.5,NASA_POWER_SARAH3_LiuJordan1960
7081,10,23,0,0.0,24.5,NASA_POWER_SARAH3_LiuJordan1960
7082,10,23,1,0.0,24.5,NASA_POWER_SARAH3_LiuJordan1960
7083,10,23,2,0.0,24.5,NASA_POWER_SARAH3_LiuJordan1960
7084,10,23,3,0.0,24.5,NASA_POWER_SARAH3_LiuJordan1960
7085,10,23,4,0.0,24.5,NASA_POWER_SARAH3_LiuJordan1960
7086,10,23,5,0.0,27.5,NASA_POWER_SARAH3_LiuJordan1960
7087,10,23,6,0.02938,28.835,NASA_POWER_SARAH3_LiuJordan1960
7088,10,23,7,0.219533,30.103,NASA_POWER_SARAH3_LiuJordan1960
7089,10,23,8,0.390019,31.241,NASA_POWER_SARAH3_LiuJordan1960
7090,10,23,9,0.52922,32.191,NASA_POWER_SARAH3_LiuJordan1960
7091,10,23,10,0.62765,32.906,NASA_POWER_SARAH3_LiuJordan1960
7092,10,23,11,0.678602,33.35,NASA_POWER_SARAH3_LiuJordan1960
7093,10,23,12,0.678602,33.5,NASA_POWER_SARAH3_LiuJordan1960
7094,10,23,13,0.62765,33.35,NASA_POWER_SARAH3_LiuJordan1960
7095,10,23,14,0.52922,32.906,NASA_POWER_SARAH3_LiuJordan1960
7096,10,23,15,0.390019,32.191,NASA_POWER_SARAH3_LiuJordan1960
7097,10,23,16,0.219533,31.241,NASA_POWER_SARAH3_LiuJordan1960
7098,10,23,17,0.02938,30.103,NASA_POWER_SARAH3_LiuJordan1960
7099,10,23,18,0.0,28.835,NASA_POWER_SARAH3_LiuJordan1960
7100,10,23,19,0.0,27.5,NASA_POWER_SARAH3_LiuJordan1960
7101,10,23,20,0.0,24.5,NASA_POWER_SARAH3_LiuJordan1960
7102,10,23,21,0.0,24.5,NASA_POWER_SARAH3_LiuJordan1960
7103,10,23,22,0.0,24.5,NASA_POWER_SARAH3_LiuJordan1960
7104,10,23,23,0.0,24.5,NASA_POWER_SARAH3_LiuJordan1960
7105,10,24,0,0.0,24.5,NASA_POWER_SARAH3_LiuJordan1960
7106,10,24,1,0.0,24.5,NASA_POWER_SARAH3_LiuJordan1960
7107,10,24,2,0.0,24.5,NASA_POWER_SARAH3_LiuJordan1960
7108,10,24,3,0.0,24.5,NASA_POWER_SARAH3_LiuJordan1960
7109,10,24,4,0.0,24.5,NASA_POWER_SARAH3_LiuJordan1960
7110,10,24,5,0.0,27.5,NASA_POWER_SARAH3_LiuJordan1960
7111,10,24,6,0.031304,28.835,NASA_POWER_SARAH3_LiuJordan1960
7112,10,24,7,0.248315,30.103,NASA_POWER_SARAH3_LiuJordan1960
7113,10,24,8,0.442882,31.241,NASA_POWER_SARAH3_LiuJordan1960
7114,10,24,9,0.601745,32.191,NASA_POWER_SARAH3_LiuJordan1960
7115,10,24,10,0.714078,32.906,NASA_POWER_SARAH3_LiuJordan1960
7116,10,24,11,0.772226,33.35,NASA_POWER_SARAH3_LiuJordan1960
7117,10,24,12,0.772226,33.5,NASA_POWER_SARAH3_LiuJordan1960
7118,10,24,13,0.714078,33.35,NASA_POWER_SARAH3_LiuJordan1960
7119,10,24,14,0.601745,32.906,NASA_POWER_SARAH3_LiuJordan1960
7120,10,24,15,0.442882,32.191,NASA_POWER_SARAH3_LiuJordan1960
7121,10,24,16,0.248315,31.241,NASA_POWER_SARAH3_LiuJordan1960
7122,10,24,17,0.031304,30.103,NASA_POWER_SARAH3_LiuJordan1960
7123,10,24,18,0.0,28.835,NASA_POWER_SARAH3_LiuJordan1960
7124,10,24,19,0.0,27.5,NASA_POWER_SARAH3_LiuJordan1960
7125,10,24,20,0.0,24.5,NASA_POWER_SARAH3_LiuJordan1960
7126,10,24,21,0.0,24.5,NASA_POWER_SARAH3_LiuJordan1960
7127,10,24,22,0.0,24.5,NASA_POWER_SARAH3_LiuJordan1960
7128,10,24,23,0.0,24.5,NASA_POWER_SARAH3_LiuJordan1960
7129,10,25,0,0.0,24.5,NASA_POWER_SARAH3_LiuJordan1960
7130,10,25,1,0.0,24.5,NASA_POWER_SARAH3_LiuJordan1960
7131,10,25,2,0.0,24.5,NASA_POWER_SARAH3_LiuJordan1960
7132,10,25,3,0.0,24.5,NASA_POWER_SARAH3_LiuJordan1960
7133,10,25,4,0.0,24.5,NASA_POWER_SARAH3_LiuJordan1960
7134,10,25,5,0.0,27.5,NASA_POWER_SARAH3_LiuJordan1960
7135,10,25,6,0.024655,28.835,NASA_POWER_SARAH3_LiuJordan1960
7136,10,25,7,0.208543,30.103,NASA_POWER_SARAH3_LiuJordan1960
7137,10,25,8,0.373413,31.241,NASA_POWER_SARAH3_LiuJordan1960
7138,10,25,9,0.508028,32.191,NASA_POWER_SARAH3_LiuJordan1960
7139,10,25,10,0.603216,32.906,NASA_POWER_SARAH3_LiuJordan1960
7140,10,25,11,0.652488,33.35,NASA_POWER_SARAH3_LiuJordan1960
7141,10,25,12,0.652488,33.5,NASA_POWER_SARAH3_LiuJordan1960
7142,10,25,13,0.603216,33.35,NASA_POWER_SARAH3_LiuJordan1960
7143,10,25,14,0.508028,32.906,NASA_POWER_SARAH3_LiuJordan1960
7144,10,25,15,0.373413,32.191,NASA_POWER_SARAH3_LiuJordan1960
7145,10,25,16,0.208543,31.241,NASA_POWER_SARAH3_LiuJordan1960
7146,10,25,17,0.024655,30.103,NASA_POWER_SARAH3_LiuJordan1960
7147,10,25,18,0.0,28.835,NASA_POWER_SARAH3_LiuJordan1960
7148,10,25,19,0.0,27.5,NASA_POWER_SARAH3_LiuJordan1960
7149,10,25,20,0.0,24.5,NASA_POWER_SARAH3_LiuJordan1960
7150,10,25,21,0.0,24.5,NASA_POWER_SARAH3_LiuJordan1960
7151,10,25,22,0.0,24.5,NASA_POWER_SARAH3_LiuJordan1960
7152,10,25,23,0.0,24.5,NASA_POWER_SARAH3_LiuJordan1960
7153,10,26,0,0.0,24.5,NASA_POWER_SARAH3_LiuJordan1960
7154,10,26,1,0.0,24.5,NASA_POWER_SARAH3_LiuJordan1960
7155,10,26,2,0.0,24.5,NASA_POWER_SARAH3_LiuJordan1960
7156,10,26,3,0.0,24.5,NASA_POWER_SARAH3_LiuJordan1960
7157,10,26,4,0.0,24.5,NASA_POWER_SARAH3_LiuJordan1960
7158,10,26,5,0.0,27.5,NASA_POWER_SARAH3_LiuJordan1960
7159,10,26,6,0.026984,28.835,NASA_POWER_SARAH3_LiuJordan1960
7160,10,26,7,0.244614,30.103,NASA_POWER_SARAH3_LiuJordan1960
7161,10,26,8,0.439735,31.241,NASA_POWER_SARAH3_LiuJordan1960
7162,10,26,9,0.599051,32.191,NASA_POWER_SARAH3_LiuJordan1960
7163,10,26,10,0.711705,32.906,NASA_POWER_SARAH3_LiuJordan1960
7164,10,26,11,0.770018,33.35,NASA_POWER_SARAH3_LiuJordan1960
7165,10,26,12,0.770018,33.5,NASA_POWER_SARAH3_LiuJordan1960
7166,10,26,13,0.711705,33.35,NASA_POWER_SARAH3_LiuJordan1960
7167,10,26,14,0.599051,32.906,NASA_POWER_SARAH3_LiuJordan1960
7168,10,26,15,0.439735,32.191,NASA_POWER_SARAH3_LiuJordan1960
7169,10,26,16,0.244614,31.241,NASA_POWER_SARAH3_LiuJordan1960
7170,10,26,17,0.026984,30.103,NASA_POWER_SARAH3_LiuJordan1960
7171,10,26,18,0.0,28.835,NASA_POWER_SARAH3_LiuJordan1960
7172,10,26,19,0.0,27.5,NASA_POWER_SARAH3_LiuJordan1960
7173,10,26,20,0.0,24.5,NASA_POWER_SARAH3_LiuJordan1960
7174,10,26,21,0.0,24.5,NASA_POWER_SARAH3_LiuJordan1960
7175,10,26,22,0.0,24.5,NASA_POWER_SARAH3_LiuJordan1960
7176,10,26,23,0.0,24.5,NASA_POWER_SARAH3_LiuJordan1960
7177,10,27,0,0.0,24.5,NASA_POWER_SARAH3_LiuJordan1960
7178,10,27,1,0.0,24.5,NASA_POWER_SARAH3_LiuJordan1960
7179,10,27,2,0.0,24.5,NASA_POWER_SARAH3_LiuJordan1960
7180,10,27,3,0.0,24.5,NASA_POWER_SARAH3_LiuJordan1960
7181,10,27,4,0.0,24.5,NASA_POWER_SARAH3_LiuJordan1960
7182,10,27,5,0.0,27.5,NASA_POWER_SARAH3_LiuJordan1960
7183,10,27,6,0.019176,28.835,NASA_POWER_SARAH3_LiuJordan1960
7184,10,27,7,0.187386,30.103,NASA_POWER_SARAH3_LiuJordan1960
7185,10,27,8,0.338199,31.241,NASA_POWER_SARAH3_LiuJordan1960
7186,10,27,9,0.461337,32.191,NASA_POWER_SARAH3_LiuJordan1960
7187,10,27,10,0.548409,32.906,NASA_POWER_SARAH3_LiuJordan1960
7188,10,27,11,0.593481,33.35,NASA_POWER_SARAH3_LiuJordan1960
7189,10,27,12,0.593481,33.5,NASA_POWER_SARAH3_LiuJordan1960
7190,10,27,13,0.548409,33.35,NASA_POWER_SARAH3_LiuJordan1960
7191,10,27,14,0.461337,32.906,NASA_POWER_SARAH3_LiuJordan1960
7192,10,27,15,0.338199,32.191,NASA_POWER_SARAH3_LiuJordan1960
7193,10,27,16,0.187386,31.241,NASA_POWER_SARAH3_LiuJordan1960
7194,10,27,17,0.019176,30.103,NASA_POWER_SARAH3_LiuJordan1960
7195,10,27,18,0.0,28.835,NASA_POWER_SARAH3_LiuJordan1960
7196,10,27,19,0.0,27.5,NASA_POWER_SARAH3_LiuJordan1960
7197,10,27,20,0.0,24.5,NASA_POWER_SARAH3_LiuJordan1960
7198,10,27,21,0.0,24.5,NASA_POWER_SARAH3_LiuJordan1960
7199,10,27,22,0.0,24.5,NASA_POWER_SARAH3_LiuJordan1960
7200,10,27,23,0.0,24.5,NASA_POWER_SARAH3_LiuJordan1960
7201,10,28,0,0.0,24.5,NASA_POWER_SARAH3_LiuJordan1960
7202,10,28,1,0.0,24.5,NASA_POWER_SARAH3_LiuJordan1960
7203,10,28,2,0.0,24.5,NASA_POWER_SARAH3_LiuJordan1960
7204,10,28,3,0.0,24.5,NASA_POWER_SARAH3_LiuJordan1960
7205,10,28,4,0.0,24.5,NASA_POWER_SARAH3_LiuJordan1960
7206,10,28,5,0.0,27.5,NASA_POWER_SARAH3_LiuJordan1960
7207,10,28,6,0.020673,28.835,NASA_POWER_SARAH3_LiuJordan1960
7208,10,28,7,0.219248,30.103,NASA_POWER_SARAH3_LiuJordan1960
7209,10,28,8,0.397286,31.241,NASA_POWER_SARAH3_LiuJordan1960
7210,10,28,9,0.542653,32.191,NASA_POWER_SARAH3_LiuJordan1960
7211,10,28,10,0.645444,32.906,NASA_POWER_SARAH3_LiuJordan1960
7212,10,28,11,0.698652,33.35,NASA_POWER_SARAH3_LiuJordan1960
7213,10,28,12,0.698652,33.5,NASA_POWER_SARAH3_LiuJordan1960
7214,10,28,13,0.645444,33.35,NASA_POWER_SARAH3_LiuJordan1960
7215,10,28,14,0.542653,32.906,NASA_POWER_SARAH3_LiuJordan1960
7216,10,28,15,0.397286,32.191,NASA_POWER_SARAH3_LiuJordan1960
7217,10,28,16,0.219248,31.241,NASA_POWER_SARAH3_LiuJordan1960
7218,10,28,17,0.020673,30.103,NASA_POWER_SARAH3_LiuJordan1960
7219,10,28,18,0.0,28.835,NASA_POWER_SARAH3_LiuJordan1960
7220,10,28,19,0.0,27.5,NASA_POWER_SARAH3_LiuJordan1960
7221,10,28,20,0.0,24.5,NASA_POWER_SARAH3_LiuJordan1960
7222,10,28,21,0.0,24.5,NASA_POWER_SARAH3_LiuJordan1960
7223,10,28,22,0.0,24.5,NASA_POWER_SARAH3_LiuJordan1960
7224,10,28,23,0.0,24.5,NASA_POWER_SARAH3_LiuJordan1960
7225,10,29,0,0.0,24.5,NASA_POWER_SARAH3_LiuJordan1960
7226,10,29,1,0.0,24.5,NASA_POWER_SARAH3_LiuJordan1960
7227,10,29,2,0.0,24.5,NASA_POWER_SARAH3_LiuJordan1960
7228,10,29,3,0.0,24.5,NASA_POWER_SARAH3_LiuJordan1960
7229,10,29,4,0.0,24.5,NASA_POWER_SARAH3_LiuJordan1960
7230,10,29,5,0.0,27.5,NASA_POWER_SARAH3_LiuJordan1960
7231,10,29,6,0.016489,28.835,NASA_POWER_SARAH3_LiuJordan1960
7232,10,29,7,0.19132,30.103,NASA_POWER_SARAH3_LiuJordan1960
7233,10,29,8,0.34807,31.241,NASA_POWER_SARAH3_LiuJordan1960
7234,10,29,9,0.476056,32.191,NASA_POWER_SARAH3_LiuJordan1960
7235,10,29,10,0.566555,32.906,NASA_POWER_SARAH3_LiuJordan1960
7236,10,29,11,0.613401,33.35,NASA_POWER_SARAH3_LiuJordan1960
7237,10,29,12,0.613401,33.5,NASA_POWER_SARAH3_LiuJordan1960
7238,10,29,13,0.566555,33.35,NASA_POWER_SARAH3_LiuJordan1960
7239,10,29,14,0.476056,32.906,NASA_POWER_SARAH3_LiuJordan1960
7240,10,29,15,0.34807,32.191,NASA_POWER_SARAH3_LiuJordan1960
7241,10,29,16,0.19132,31.241,NASA_POWER_SARAH3_LiuJordan1960
7242,10,29,17,0.016489,30.103,NASA_POWER_SARAH3_LiuJordan1960
7243,10,29,18,0.0,28.835,NASA_POWER_SARAH3_LiuJordan1960
7244,10,29,19,0.0,27.5,NASA_POWER_SARAH3_LiuJordan1960
7245,10,29,20,0.0,24.5,NASA_POWER_SARAH3_LiuJordan1960
7246,10,29,21,0.0,24.5,NASA_POWER_SARAH3_LiuJordan1960
7247,10,29,22,0.0,24.5,NASA_POWER_SARAH3_LiuJordan1960
7248,10,29,23,0.0,24.5,NASA_POWER_SARAH3_LiuJordan1960
7249,10,30,0,0.0,24.5,NASA_POWER_SARAH3_LiuJordan1960
7250,10,30,1,0.0,24.5,NASA_POWER_SARAH3_LiuJordan1960
7251,10,30,2,0.0,24.5,NASA_POWER_SARAH3_LiuJordan1960
7252,10,30,3,0.0,24.5,NASA_POWER_SARAH3_LiuJordan1960
7253,10,30,4,0.0,24.5,NASA_POWER_SARAH3_LiuJordan1960
7254,10,30,5,0.0,27.5,NASA_POWER_SARAH3_LiuJordan1960
7255,10,30,6,0.018777,28.835,NASA_POWER_SARAH3_LiuJordan1960
7256,10,30,7,0.240675,30.103,NASA_POWER_SARAH3_LiuJordan1960
7257,10,30,8,0.439623,31.241,NASA_POWER_SARAH3_LiuJordan1960
7258,10,30,9,0.602064,32.191,NASA_POWER_SARAH3_LiuJordan1960
7259,10,30,10,0.716926,32.906,NASA_POWER_SARAH3_LiuJordan1960
7260,10,30,11,0.776384,33.35,NASA_POWER_SARAH3_LiuJordan1960
7261,10,30,12,0.776384,33.5,NASA_POWER_SARAH3_LiuJordan1960
7262,10,30,13,0.716926,33.35,NASA_POWER_SARAH3_LiuJordan1960
7263,10,30,14,0.602064,32.906,NASA_POWER_SARAH3_LiuJordan1960
7264,10,30,15,0.439623,32.191,NASA_POWER_SARAH3_LiuJordan1960
7265,10,30,16,0.240675,31.241,NASA_POWER_SARAH3_LiuJordan1960
7266,10,30,17,0.018777,30.103,NASA_POWER_SARAH3_LiuJordan1960
7267,10,30,18,0.0,28.835,NASA_POWER_SARAH3_LiuJordan1960
7268,10,30,19,0.0,27.5,NASA_POWER_SARAH3_LiuJordan1960
7269,10,30,20,0.0,24.5,NASA_POWER_SARAH3_LiuJordan1960
7270,10,30,21,0.0,24.5,NASA_POWER_SARAH3_LiuJordan1960
7271,10,30,22,0.0,24.5,NASA_POWER_SARAH3_LiuJordan1960
7272,10,30,23,0.0,24.5,NASA_POWER_SARAH3_LiuJordan1960
7273,10,31,0,0.0,24.5,NASA_POWER_SARAH3_LiuJordan1960
7274,10,31,1,0.0,24.5,NASA_POWER_SARAH3_LiuJordan1960
7275,10,31,2,0.0,24.5,NASA_POWER_SARAH3_LiuJordan1960
7276,10,31,3,0.0,24.5,NASA_POWER_SARAH3_LiuJordan1960
7277,10,31,4,0.0,24.5,NASA_POWER_SARAH3_LiuJordan1960
7278,10,31,5,0.0,27.5,NASA_POWER_SARAH3_LiuJordan1960
7279,10,31,6,0.013951,28.835,NASA_POWER_SARAH3_LiuJordan1960
7280,10,31,7,0.199868,30.103,NASA_POWER_SARAH3_LiuJordan1960
7281,10,31,8,0.366557,31.241,NASA_POWER_SARAH3_LiuJordan1960
7282,10,31,9,0.502658,32.191,NASA_POWER_SARAH3_LiuJordan1960
7283,10,31,10,0.598896,32.906,NASA_POWER_SARAH3_LiuJordan1960
7284,10,31,11,0.648713,33.35,NASA_POWER_SARAH3_LiuJordan1960
7285,10,31,12,0.648713,33.5,NASA_POWER_SARAH3_LiuJordan1960
7286,10,31,13,0.598896,33.35,NASA_POWER_SARAH3_LiuJordan1960
7287,10,31,14,0.502658,32.906,NASA_POWER_SARAH3_LiuJordan1960
7288,10,31,15,0.366557,32.191,NASA_POWER_SARAH3_LiuJordan1960
7289,10,31,16,0.199868,31.241,NASA_POWER_SARAH3_LiuJordan1960
7290,10,31,17,0.013951,30.103,NASA_POWER_SARAH3_LiuJordan1960
7291,10,31,18,0.0,28.835,NASA_POWER_SARAH3_LiuJordan1960
7292,10,31,19,0.0,27.5,NASA_POWER_SARAH3_LiuJordan1960
7293,10,31,20,0.0,24.5,NASA_POWER_SARAH3_LiuJordan1960
7294,10,31,21,0.0,24.5,NASA_POWER_SARAH3_LiuJordan1960
7295,10,31,22,0.0,24.5,NASA_POWER_SARAH3_LiuJordan1960
7296,10,31,23,0.0,24.5,NASA_POWER_SARAH3_LiuJordan1960
7297,11,1,0,0.0,19.75,NASA_POWER_SARAH3_LiuJordan1960
7298,11,1,1,0.0,19.75,NASA_POWER_SARAH3_LiuJordan1960
7299,11,1,2,0.0,19.75,NASA_POWER_SARAH3_LiuJordan1960
7300,11,1,3,0.0,19.75,NASA_POWER_SARAH3_LiuJordan1960
7301,11,1,4,0.0,19.75,NASA_POWER_SARAH3_LiuJordan1960
7302,11,1,5,0.0,23.5,NASA_POWER_SARAH3_LiuJordan1960
7303,11,1,6,0.011365,25.169,NASA_POWER_SARAH3_LiuJordan1960
7304,11,1,7,0.184707,26.754,NASA_POWER_SARAH3_LiuJordan1960
7305,11,1,8,0.340122,28.176,NASA_POWER_SARAH3_LiuJordan1960
7306,11,1,9,0.467018,29.364,NASA_POWER_SARAH3_LiuJordan1960
7307,11,1,10,0.556747,30.257,NASA_POWER_SARAH3_LiuJordan1960
7308,11,1,11,0.603194,30.812,NASA_POWER_SARAH3_LiuJordan1960
7309,11,1,12,0.603194,31.0,NASA_POWER_SARAH3_LiuJordan1960
7310,11,1,13,0.556747,30.812,NASA_POWER_SARAH3_LiuJordan1960
7311,11,1,14,0.467018,30.257,NASA_POWER_SARAH3_LiuJordan1960
7312,11,1,15,0.340122,29.364,NASA_POWER_SARAH3_LiuJordan1960
7313,11,1,16,0.184707,28.176,NASA_POWER_SARAH3_LiuJordan1960
7314,11,1,17,0.011365,26.754,NASA_POWER_SARAH3_LiuJordan1960
7315,11,1,18,0.0,25.169,NASA_POWER_SARAH3_LiuJordan1960
7316,11,1,19,0.0,23.5,NASA_POWER_SARAH3_LiuJordan1960
7317,11,1,20,0.0,19.75,NASA_POWER_SARAH3_LiuJordan1960
7318,11,1,21,0.0,19.75,NASA_POWER_SARAH3_LiuJordan1960
7319,11,1,22,0.0,19.75,NASA_POWER_SARAH3_LiuJordan1960
7320,11,1,23,0.0,19.75,NASA_POWER_SARAH3_LiuJordan1960
7321,11,2,0,0.0,19.75,NASA_POWER_SARAH3_LiuJordan1960
7322,11,2,1,0.0,19.75,NASA_POWER_SARAH3_LiuJordan1960
7323,11,2,2,0.0,19.75,NASA_POWER_SARAH3_LiuJordan1960
7324,11,2,3,0.0,19.75,NASA_POWER_SARAH3_LiuJordan1960
7325,11,2,4,0.0,19.75,NASA_POWER_SARAH3_LiuJordan1960
7326,11,2,5,0.0,23.5,NASA_POWER_SARAH3_LiuJordan1960
7327,11,2,6,0.009306,25.169,NASA_POWER_SARAH3_LiuJordan1960
7328,11,2,7,0.174889,26.754,NASA_POWER_SARAH3_LiuJordan1960
7329,11,2,8,0.323346,28.176,NASA_POWER_SARAH3_LiuJordan1960
7330,11,2,9,0.444562,29.364,NASA_POWER_SARAH3_LiuJordan1960
7331,11,2,10,0.530274,30.257,NASA_POWER_SARAH3_LiuJordan1960
7332,11,2,11,0.574641,30.812,NASA_POWER_SARAH3_LiuJordan1960
7333,11,2,12,0.574641,31.0,NASA_POWER_SARAH3_LiuJordan1960
7334,11,2,13,0.530274,30.812,NASA_POWER_SARAH3_LiuJordan1960
7335,11,2,14,0.444562,30.257,NASA_POWER_SARAH3_LiuJordan1960
7336,11,2,15,0.323346,29.364,NASA_POWER_SARAH3_LiuJordan1960
7337,11,2,16,0.174889,28.176,NASA_POWER_SARAH3_LiuJordan1960
7338,11,2,17,0.009306,26.754,NASA_POWER_SARAH3_LiuJordan1960
7339,11,2,18,0.0,25.169,NASA_POWER_SARAH3_LiuJordan1960
7340,11,2,19,0.0,23.5,NASA_POWER_SARAH3_LiuJordan1960
7341,11,2,20,0.0,19.75,NASA_POWER_SARAH3_LiuJordan1960
7342,11,2,21,0.0,19.75,NASA_POWER_SARAH3_LiuJordan1960
7343,11,2,22,0.0,19.75,NASA_POWER_SARAH3_LiuJordan1960
7344,11,2,23,0.0,19.75,NASA_POWER_SARAH3_LiuJordan1960
7345,11,3,0,0.0,19.75,NASA_POWER_SARAH3_LiuJordan1960
7346,11,3,1,0.0,19.75,NASA_POWER_SARAH3_LiuJordan1960
7347,11,3,2,0.0,19.75,NASA_POWER_SARAH3_LiuJordan1960
7348,11,3,3,0.0,19.75,NASA_POWER_SARAH3_LiuJordan1960
7349,11,3,4,0.0,19.75,NASA_POWER_SARAH3_LiuJordan1960
7350,11,3,5,0.0,23.5,NASA_POWER_SARAH3_LiuJordan1960
7351,11,3,6,0.008733,25.169,NASA_POWER_SARAH3_LiuJordan1960
7352,11,3,7,0.194715,26.754,NASA_POWER_SARAH3_LiuJordan1960
7353,11,3,8,0.361462,28.176,NASA_POWER_SARAH3_LiuJordan1960
7354,11,3,9,0.497611,29.364,NASA_POWER_SARAH3_LiuJordan1960
7355,11,3,10,0.593882,30.257,NASA_POWER_SARAH3_LiuJordan1960
7356,11,3,11,0.643716,30.812,NASA_POWER_SARAH3_LiuJordan1960
7357,11,3,12,0.643716,31.0,NASA_POWER_SARAH3_LiuJordan1960
7358,11,3,13,0.593882,30.812,NASA_POWER_SARAH3_LiuJordan1960
7359,11,3,14,0.497611,30.257,NASA_POWER_SARAH3_LiuJordan1960
7360,11,3,15,0.361462,29.364,NASA_POWER_SARAH3_LiuJordan1960
7361,11,3,16,0.194715,28.176,NASA_POWER_SARAH3_LiuJordan1960
7362,11,3,17,0.008733,26.754,NASA_POWER_SARAH3_LiuJordan1960
7363,11,3,18,0.0,25.169,NASA_POWER_SARAH3_LiuJordan1960
7364,11,3,19,0.0,23.5,NASA_POWER_SARAH3_LiuJordan1960
7365,11,3,20,0.0,19.75,NASA_POWER_SARAH3_LiuJordan1960
7366,11,3,21,0.0,19.75,NASA_POWER_SARAH3_LiuJordan1960
7367,11,3,22,0.0,19.75,NASA_POWER_SARAH3_LiuJordan1960
7368,11,3,23,0.0,19.75,NASA_POWER_SARAH3_LiuJordan1960
7369,11,4,0,0.0,19.75,NASA_POWER_SARAH3_LiuJordan1960
7370,11,4,1,0.0,19.75,NASA_POWER_SARAH3_LiuJordan1960
7371,11,4,2,0.0,19.75,NASA_POWER_SARAH3_LiuJordan1960
7372,11,4,3,0.0,19.75,NASA_POWER_SARAH3_LiuJordan1960
7373,11,4,4,0.0,19.75,NASA_POWER_SARAH3_LiuJordan1960
7374,11,4,5,0.0,23.5,NASA_POWER_SARAH3_LiuJordan1960
7375,11,4,6,0.0061,25.169,NASA_POWER_SARAH3_LiuJordan1960
7376,11,4,7,0.167352,26.754,NASA_POWER_SARAH3_LiuJordan1960
7377,11,4,8,0.311926,28.176,NASA_POWER_SARAH3_LiuJordan1960
7378,11,4,9,0.42997,29.364,NASA_POWER_SARAH3_LiuJordan1960
7379,11,4,10,0.51344,30.257,NASA_POWER_SARAH3_LiuJordan1960
7380,11,4,11,0.556648,30.812,NASA_POWER_SARAH3_LiuJordan1960
7381,11,4,12,0.556648,31.0,NASA_POWER_SARAH3_LiuJordan1960
7382,11,4,13,0.51344,30.812,NASA_POWER_SARAH3_LiuJordan1960
7383,11,4,14,0.42997,30.257,NASA_POWER_SARAH3_LiuJordan1960
7384,11,4,15,0.311926,29.364,NASA_POWER_SARAH3_LiuJordan1960
7385,11,4,16,0.167352,28.176,NASA_POWER_SARAH3_LiuJordan1960
7386,11,4,17,0.0061,26.754,NASA_POWER_SARAH3_LiuJordan1960
7387,11,4,18,0.0,25.169,NASA_POWER_SARAH3_LiuJordan1960
7388,11,4,19,0.0,23.5,NASA_POWER_SARAH3_LiuJordan1960
7389,11,4,20,0.0,19.75,NASA_POWER_SARAH3_LiuJordan1960
7390,11,4,21,0.0,19.75,NASA_POWER_SARAH3_LiuJordan1960
7391,11,4,22,0.0,19.75,NASA_POWER_SARAH3_LiuJordan1960
7392,11,4,23,0.0,19.75,NASA_POWER_SARAH3_LiuJordan1960
7393,11,5,0,0.0,19.75,NASA_POWER_SARAH3_LiuJordan1960
7394,11,5,1,0.0,19.75,NASA_POWER_SARAH3_LiuJordan1960
7395,11,5,2,0.0,19.75,NASA_POWER_SARAH3_LiuJordan1960
7396,11,5,3,0.0,19.75,NASA_POWER_SARAH3_LiuJordan1960
7397,11,5,4,0.0,19.75,NASA_POWER_SARAH3_LiuJordan1960
7398,11,5,5,0.0,23.5,NASA_POWER_SARAH3_LiuJordan1960
7399,11,5,6,0.005715,25.169,NASA_POWER_SARAH3_LiuJordan1960
7400,11,5,7,0.203964,26.754,NASA_POWER_SARAH3_LiuJordan1960
7401,11,5,8,0.381709,28.176,NASA_POWER_SARAH3_LiuJordan1960
7402,11,5,9,0.526837,29.364,NASA_POWER_SARAH3_LiuJordan1960
7403,11,5,10,0.629458,30.257,NASA_POWER_SARAH3_LiuJordan1960
7404,11,5,11,0.682579,30.812,NASA_POWER_SARAH3_LiuJordan1960
7405,11,5,12,0.682579,31.0,NASA_POWER_SARAH3_LiuJordan1960
7406,11,5,13,0.629458,30.812,NASA_POWER_SARAH3_LiuJordan1960
7407,11,5,14,0.526837,30.257,NASA_POWER_SARAH3_LiuJordan1960
7408,11,5,15,0.381709,29.364,NASA_POWER_SARAH3_LiuJordan1960
7409,11,5,16,0.203964,28.176,NASA_POWER_SARAH3_LiuJordan1960
7410,11,5,17,0.005715,26.754,NASA_POWER_SARAH3_LiuJordan1960
7411,11,5,18,0.0,25.169,NASA_POWER_SARAH3_LiuJordan1960
7412,11,5,19,0.0,23.5,NASA_POWER_SARAH3_LiuJordan1960
7413,11,5,20,0.0,19.75,NASA_POWER_SARAH3_LiuJordan1960
7414,11,5,21,0.0,19.75,NASA_POWER_SARAH3_LiuJordan1960
7415,11,5,22,0.0,19.75,NASA_POWER_SARAH3_LiuJordan1960
7416,11,5,23,0.0,19.75,NASA_POWER_SARAH3_LiuJordan1960
7417,11,6,0,0.0,19.75,NASA_POWER_SARAH3_LiuJordan1960
7418,11,6,1,0.0,19.75,NASA_POWER_SARAH3_LiuJordan1960
7419,11,6,2,0.0,19.75,NASA_POWER_SARAH3_LiuJordan1960
7420,11,6,3,0.0,19.75,NASA_POWER_SARAH3_LiuJordan1960
7421,11,6,4,0.0,19.75,NASA_POWER_SARAH3_LiuJordan1960
7422,11,6,5,0.0,23.5,NASA_POWER_SARAH3_LiuJordan1960
7423,11,6,6,0.003845,25.169,NASA_POWER_SARAH3_LiuJordan1960
7424,11,6,7,0.196553,26.754,NASA_POWER_SARAH3_LiuJordan1960
7425,11,6,8,0.36933,28.176,NASA_POWER_SARAH3_LiuJordan1960
7426,11,6,9,0.510402,29.364,NASA_POWER_SARAH3_LiuJordan1960
7427,11,6,10,0.610155,30.257,NASA_POWER_SARAH3_LiuJordan1960
7428,11,6,11,0.661791,30.812,NASA_POWER_SARAH3_LiuJordan1960
7429,11,6,12,0.661791,31.0,NASA_POWER_SARAH3_LiuJordan1960
7430,11,6,13,0.610155,30.812,NASA_POWER_SARAH3_LiuJordan1960
7431,11,6,14,0.510402,30.257,NASA_POWER_SARAH3_LiuJordan1960
7432,11,6,15,0.36933,29.364,NASA_POWER_SARAH3_LiuJordan1960
7433,11,6,16,0.196553,28.176,NASA_POWER_SARAH3_LiuJordan1960
7434,11,6,17,0.003845,26.754,NASA_POWER_SARAH3_LiuJordan1960
7435,11,6,18,0.0,25.169,NASA_POWER_SARAH3_LiuJordan1960
7436,11,6,19,0.0,23.5,NASA_POWER_SARAH3_LiuJordan1960
7437,11,6,20,0.0,19.75,NASA_POWER_SARAH3_LiuJordan1960
7438,11,6,21,0.0,19.75,NASA_POWER_SARAH3_LiuJordan1960
7439,11,6,22,0.0,19.75,NASA_POWER_SARAH3_LiuJordan1960
7440,11,6,23,0.0,19.75,NASA_POWER_SARAH3_LiuJordan1960
7441,11,7,0,0.0,19.75,NASA_POWER_SARAH3_LiuJordan1960
7442,11,7,1,0.0,19.75,NASA_POWER_SARAH3_LiuJordan1960
7443,11,7,2,0.0,19.75,NASA_POWER_SARAH3_LiuJordan1960
7444,11,7,3,0.0,19.75,NASA_POWER_SARAH3_LiuJordan1960
7445,11,7,4,0.0,19.75,NASA_POWER_SARAH3_LiuJordan1960
7446,11,7,5,0.0,23.5,NASA_POWER_SARAH3_LiuJordan1960
7447,11,7,6,0.00211,25.169,NASA_POWER_SARAH3_LiuJordan1960
7448,11,7,7,0.190402,26.754,NASA_POWER_SARAH3_LiuJordan1960
7449,11,7,8,0.359219,28.176,NASA_POWER_SARAH3_LiuJordan1960
7450,11,7,9,0.497059,29.364,NASA_POWER_SARAH3_LiuJordan1960
7451,11,7,10,0.594526,30.257,NASA_POWER_SARAH3_LiuJordan1960
7452,11,7,11,0.644978,30.812,NASA_POWER_SARAH3_LiuJordan1960
7453,11,7,12,0.644978,31.0,NASA_POWER_SARAH3_LiuJordan1960
7454,11,7,13,0.594526,30.812,NASA_POWER_SARAH3_LiuJordan1960
7455,11,7,14,0.497059,30.257,NASA_POWER_SARAH3_LiuJordan1960
7456,11,7,15,0.359219,29.364,NASA_POWER_SARAH3_LiuJordan1960
7457,11,7,16,0.190402,28.176,NASA_POWER_SARAH3_LiuJordan1960
7458,11,7,17,0.00211,26.754,NASA_POWER_SARAH3_LiuJordan1960
7459,11,7,18,0.0,25.169,NASA_POWER_SARAH3_LiuJordan1960
7460,11,7,19,0.0,23.5,NASA_POWER_SARAH3_LiuJordan1960
7461,11,7,20,0.0,19.75,NASA_POWER_SARAH3_LiuJordan1960
7462,11,7,21,0.0,19.75,NASA_POWER_SARAH3_LiuJordan1960
7463,11,7,22,0.0,19.75,NASA_POWER_SARAH3_LiuJordan1960
7464,11,7,23,0.0,19.75,NASA_POWER_SARAH3_LiuJordan1960
7465,11,8,0,0.0,19.75,NASA_POWER_SARAH3_LiuJordan1960
7466,11,8,1,0.0,19.75,NASA_POWER_SARAH3_LiuJordan1960
7467,11,8,2,0.0,19.75,NASA_POWER_SARAH3_LiuJordan1960
7468,11,8,3,0.0,19.75,NASA_POWER_SARAH3_LiuJordan1960
7469,11,8,4,0.0,19.75,NASA_POWER_SARAH3_LiuJordan1960
7470,11,8,5,0.0,23.5,NASA_POWER_SARAH3_LiuJordan1960
7471,11,8,6,0.000509,25.169,NASA_POWER_SARAH3_LiuJordan1960
7472,11,8,7,0.196902,26.754,NASA_POWER_SARAH3_LiuJordan1960
7473,11,8,8,0.372983,28.176,NASA_POWER_SARAH3_LiuJordan1960
7474,11,8,9,0.516753,29.364,NASA_POWER_SARAH3_LiuJordan1960
7475,11,8,10,0.618413,30.257,NASA_POWER_SARAH3_LiuJordan1960
7476,11,8,11,0.671037,30.812,NASA_POWER_SARAH3_LiuJordan1960
7477,11,8,12,0.671037,31.0,NASA_POWER_SARAH3_LiuJordan1960
7478,11,8,13,0.618413,30.812,NASA_POWER_SARAH3_LiuJordan1960
7479,11,8,14,0.516753,30.257,NASA_POWER_SARAH3_LiuJordan1960
7480,11,8,15,0.372983,29.364,NASA_POWER_SARAH3_LiuJordan1960
7481,11,8,16,0.196902,28.176,NASA_POWER_SARAH3_LiuJordan1960
7482,11,8,17,0.000509,26.754,NASA_POWER_SARAH3_LiuJordan1960
7483,11,8,18,0.0,25.169,NASA_POWER_SARAH3_LiuJordan1960
7484,11,8,19,0.0,23.5,NASA_POWER_SARAH3_LiuJordan1960
7485,11,8,20,0.0,19.75,NASA_POWER_SARAH3_LiuJordan1960
7486,11,8,21,0.0,19.75,NASA_POWER_SARAH3_LiuJordan1960
7487,11,8,22,0.0,19.75,NASA_POWER_SARAH3_LiuJordan1960
7488,11,8,23,0.0,19.75,NASA_POWER_SARAH3_LiuJordan1960
7489,11,9,0,0.0,19.75,NASA_POWER_SARAH3_LiuJordan1960
7490,11,9,1,0.0,19.75,NASA_POWER_SARAH3_LiuJordan1960
7491,11,9,2,0.0,19.75,NASA_POWER_SARAH3_LiuJordan1960
7492,11,9,3,0.0,19.75,NASA_POWER_SARAH3_LiuJordan1960
7493,11,9,4,0.0,19.75,NASA_POWER_SARAH3_LiuJordan1960
7494,11,9,5,0.0,23.5,NASA_POWER_SARAH3_LiuJordan1960
7495,11,9,6,0.0,25.169,NASA_POWER_SARAH3_LiuJordan1960
7496,11,9,7,0.181221,26.754,NASA_POWER_SARAH3_LiuJordan1960
7497,11,9,8,0.344661,28.176,NASA_POWER_SARAH3_LiuJordan1960
7498,11,9,9,0.478109,29.364,NASA_POWER_SARAH3_LiuJordan1960
7499,11,9,10,0.572471,30.257,NASA_POWER_SARAH3_LiuJordan1960
7500,11,9,11,0.621317,30.812,NASA_POWER_SARAH3_LiuJordan1960
7501,11,9,12,0.621317,31.0,NASA_POWER_SARAH3_LiuJordan1960
7502,11,9,13,0.572471,30.812,NASA_POWER_SARAH3_LiuJordan1960
7503,11,9,14,0.478109,30.257,NASA_POWER_SARAH3_LiuJordan1960
7504,11,9,15,0.344661,29.364,NASA_POWER_SARAH3_LiuJordan1960
7505,11,9,16,0.181221,28.176,NASA_POWER_SARAH3_LiuJordan1960
7506,11,9,17,0.0,26.754,NASA_POWER_SARAH3_LiuJordan1960
7507,11,9,18,0.0,25.169,NASA_POWER_SARAH3_LiuJordan1960
7508,11,9,19,0.0,23.5,NASA_POWER_SARAH3_LiuJordan1960
7509,11,9,20,0.0,19.75,NASA_POWER_SARAH3_LiuJordan1960
7510,11,9,21,0.0,19.75,NASA_POWER_SARAH3_LiuJordan1960
7511,11,9,22,0.0,19.75,NASA_POWER_SARAH3_LiuJordan1960
7512,11,9,23,0.0,19.75,NASA_POWER_SARAH3_LiuJordan1960
7513,11,10,0,0.0,19.75,NASA_POWER_SARAH3_LiuJordan1960
7514,11,10,1,0.0,19.75,NASA_POWER_SARAH3_LiuJordan1960
7515,11,10,2,0.0,19.75,NASA_POWER_SARAH3_LiuJordan1960
7516,11,10,3,0.0,19.75,NASA_POWER_SARAH3_LiuJordan1960
7517,11,10,4,0.0,19.75,NASA_POWER_SARAH3_LiuJordan1960
7518,11,10,5,0.0,23.5,NASA_POWER_SARAH3_LiuJordan1960
7519,11,10,6,0.0,25.169,NASA_POWER_SARAH3_LiuJordan1960
7520,11,10,7,0.199261,26.754,NASA_POWER_SARAH3_LiuJordan1960
7521,11,10,8,0.38049,28.176,NASA_POWER_SARAH3_LiuJordan1960
7522,11,10,9,0.528463,29.364,NASA_POWER_SARAH3_LiuJordan1960
7523,11,10,10,0.633096,30.257,NASA_POWER_SARAH3_LiuJordan1960
7524,11,10,11,0.687257,30.812,NASA_POWER_SARAH3_LiuJordan1960
7525,11,10,12,0.687257,31.0,NASA_POWER_SARAH3_LiuJordan1960
7526,11,10,13,0.633096,30.812,NASA_POWER_SARAH3_LiuJordan1960
7527,11,10,14,0.528463,30.257,NASA_POWER_SARAH3_LiuJordan1960
7528,11,10,15,0.38049,29.364,NASA_POWER_SARAH3_LiuJordan1960
7529,11,10,16,0.199261,28.176,NASA_POWER_SARAH3_LiuJordan1960
7530,11,10,17,0.0,26.754,NASA_POWER_SARAH3_LiuJordan1960
7531,11,10,18,0.0,25.169,NASA_POWER_SARAH3_LiuJordan1960
7532,11,10,19,0.0,23.5,NASA_POWER_SARAH3_LiuJordan1960
7533,11,10,20,0.0,19.75,NASA_POWER_SARAH3_LiuJordan1960
7534,11,10,21,0.0,19.75,NASA_POWER_SARAH3_LiuJordan1960
7535,11,10,22,0.0,19.75,NASA_POWER_SARAH3_LiuJordan1960
7536,11,10,23,0.0,19.75,NASA_POWER_SARAH3_LiuJordan1960
7537,11,11,0,0.0,19.75,NASA_POWER_SARAH3_LiuJordan1960
7538,11,11,1,0.0,19.75,NASA_POWER_SARAH3_LiuJordan1960
7539,11,11,2,0.0,19.75,NASA_POWER_SARAH3_LiuJordan1960
7540,11,11,3,0.0,19.75,NASA_POWER_SARAH3_LiuJordan1960
7541,11,11,4,0.0,19.75,NASA_POWER_SARAH3_LiuJordan1960
7542,11,11,5,0.0,23.5,NASA_POWER_SARAH3_LiuJordan1960
7543,11,11,6,0.0,25.169,NASA_POWER_SARAH3_LiuJordan1960
7544,11,11,7,0.186145,26.754,NASA_POWER_SARAH3_LiuJordan1960
7545,11,11,8,0.356862,28.176,NASA_POWER_SARAH3_LiuJordan1960
7546,11,11,9,0.496253,29.364,NASA_POWER_SARAH3_LiuJordan1960
7547,11,11,10,0.594817,30.257,NASA_POWER_SARAH3_LiuJordan1960
7548,11,11,11,0.645837,30.812,NASA_POWER_SARAH3_LiuJordan1960
7549,11,11,12,0.645837,31.0,NASA_POWER_SARAH3_LiuJordan1960
7550,11,11,13,0.594817,30.812,NASA_POWER_SARAH3_LiuJordan1960
7551,11,11,14,0.496253,30.257,NASA_POWER_SARAH3_LiuJordan1960
7552,11,11,15,0.356862,29.364,NASA_POWER_SARAH3_LiuJordan1960
7553,11,11,16,0.186145,28.176,NASA_POWER_SARAH3_LiuJordan1960
7554,11,11,17,0.0,26.754,NASA_POWER_SARAH3_LiuJordan1960
7555,11,11,18,0.0,25.169,NASA_POWER_SARAH3_LiuJordan1960
7556,11,11,19,0.0,23.5,NASA_POWER_SARAH3_LiuJordan1960
7557,11,11,20,0.0,19.75,NASA_POWER_SARAH3_LiuJordan1960
7558,11,11,21,0.0,19.75,NASA_POWER_SARAH3_LiuJordan1960
7559,11,11,22,0.0,19.75,NASA_POWER_SARAH3_LiuJordan1960
7560,11,11,23,0.0,19.75,NASA_POWER_SARAH3_LiuJordan1960
7561,11,12,0,0.0,19.75,NASA_POWER_SARAH3_LiuJordan1960
7562,11,12,1,0.0,19.75,NASA_POWER_SARAH3_LiuJordan1960
7563,11,12,2,0.0,19.75,NASA_POWER_SARAH3_LiuJordan1960
7564,11,12,3,0.0,19.75,NASA_POWER_SARAH3_LiuJordan1960
7565,11,12,4,0.0,19.75,NASA_POWER_SARAH3_LiuJordan1960
7566,11,12,5,0.0,23.5,NASA_POWER_SARAH3_LiuJordan1960
7567,11,12,6,0.0,25.169,NASA_POWER_SARAH3_LiuJordan1960
7568,11,12,7,0.18294,26.754,NASA_POWER_SARAH3_LiuJordan1960
7569,11,12,8,0.352111,28.176,NASA_POWER_SARAH3_LiuJordan1960
7570,11,12,9,0.490239,29.364,NASA_POWER_SARAH3_LiuJordan1960
7571,11,12,10,0.587909,30.257,NASA_POWER_SARAH3_LiuJordan1960
7572,11,12,11,0.638468,30.812,NASA_POWER_SARAH3_LiuJordan1960
7573,11,12,12,0.638468,31.0,NASA_POWER_SARAH3_LiuJordan1960
7574,11,12,13,0.587909,30.812,NASA_POWER_SARAH3_LiuJordan1960
7575,11,12,14,0.490239,30.257,NASA_POWER_SARAH3_LiuJordan1960
7576,11,12,15,0.352111,29.364,NASA_POWER_SARAH3_LiuJordan1960
7577,11,12,16,0.18294,28.176,NASA_POWER_SARAH3_LiuJordan1960
7578,11,12,17,0.0,26.754,NASA_POWER_SARAH3_LiuJordan1960
7579,11,12,18,0.0,25.169,NASA_POWER_SARAH3_LiuJordan1960
7580,11,12,19,0.0,23.5,NASA_POWER_SARAH3_LiuJordan1960
7581,11,12,20,0.0,19.75,NASA_POWER_SARAH3_LiuJordan1960
7582,11,12,21,0.0,19.75,NASA_POWER_SARAH3_LiuJordan1960
7583,11,12,22,0.0,19.75,NASA_POWER_SARAH3_LiuJordan1960
7584,11,12,23,0.0,19.75,NASA_POWER_SARAH3_LiuJordan1960
7585,11,13,0,0.0,19.75,NASA_POWER_SARAH3_LiuJordan1960
7586,11,13,1,0.0,19.75,NASA_POWER_SARAH3_LiuJordan1960
7587,11,13,2,0.0,19.75,NASA_POWER_SARAH3_LiuJordan1960
7588,11,13,3,0.0,19.75,NASA_POWER_SARAH3_LiuJordan1960
7589,11,13,4,0.0,19.75,NASA_POWER_SARAH3_LiuJordan1960
7590,11,13,5,0.0,23.5,NASA_POWER_SARAH3_LiuJordan1960
7591,11,13,6,0.0,25.169,NASA_POWER_SARAH3_LiuJordan1960
7592,11,13,7,0.188961,26.754,NASA_POWER_SARAH3_LiuJordan1960
7593,11,13,8,0.365134,28.176,NASA_POWER_SARAH3_LiuJordan1960
7594,11,13,9,0.508978,29.364,NASA_POWER_SARAH3_LiuJordan1960
7595,11,13,10,0.610691,30.257,NASA_POWER_SARAH3_LiuJordan1960
7596,11,13,11,0.663342,30.812,NASA_POWER_SARAH3_LiuJordan1960
7597,11,13,12,0.663342,31.0,NASA_POWER_SARAH3_LiuJordan1960
7598,11,13,13,0.610691,30.812,NASA_POWER_SARAH3_LiuJordan1960
7599,11,13,14,0.508978,30.257,NASA_POWER_SARAH3_LiuJordan1960
7600,11,13,15,0.365134,29.364,NASA_POWER_SARAH3_LiuJordan1960
7601,11,13,16,0.188961,28.176,NASA_POWER_SARAH3_LiuJordan1960
7602,11,13,17,0.0,26.754,NASA_POWER_SARAH3_LiuJordan1960
7603,11,13,18,0.0,25.169,NASA_POWER_SARAH3_LiuJordan1960
7604,11,13,19,0.0,23.5,NASA_POWER_SARAH3_LiuJordan1960
7605,11,13,20,0.0,19.75,NASA_POWER_SARAH3_LiuJordan1960
7606,11,13,21,0.0,19.75,NASA_POWER_SARAH3_LiuJordan1960
7607,11,13,22,0.0,19.75,NASA_POWER_SARAH3_LiuJordan1960
7608,11,13,23,0.0,19.75,NASA_POWER_SARAH3_LiuJordan1960
7609,11,14,0,0.0,19.75,NASA_POWER_SARAH3_LiuJordan1960
7610,11,14,1,0.0,19.75,NASA_POWER_SARAH3_LiuJordan1960
7611,11,14,2,0.0,19.75,NASA_POWER_SARAH3_LiuJordan1960
7612,11,14,3,0.0,19.75,NASA_POWER_SARAH3_LiuJordan1960
7613,11,14,4,0.0,19.75,NASA_POWER_SARAH3_LiuJordan1960
7614,11,14,5,0.0,23.5,NASA_POWER_SARAH3_LiuJordan1960
7615,11,14,6,0.0,25.169,NASA_POWER_SARAH3_LiuJordan1960
7616,11,14,7,0.187685,26.754,NASA_POWER_SARAH3_LiuJordan1960
7617,11,14,8,0.364088,28.176,NASA_POWER_SARAH3_LiuJordan1960
7618,11,14,9,0.508119,29.364,NASA_POWER_SARAH3_LiuJordan1960
7619,11,14,10,0.609965,30.257,NASA_POWER_SARAH3_LiuJordan1960
7620,11,14,11,0.662685,30.812,NASA_POWER_SARAH3_LiuJordan1960
7621,11,14,12,0.662685,31.0,NASA_POWER_SARAH3_LiuJordan1960
7622,11,14,13,0.609965,30.812,NASA_POWER_SARAH3_LiuJordan1960
7623,11,14,14,0.508119,30.257,NASA_POWER_SARAH3_LiuJordan1960
7624,11,14,15,0.364088,29.364,NASA_POWER_SARAH3_LiuJordan1960
7625,11,14,16,0.187685,28.176,NASA_POWER_SARAH3_LiuJordan1960
7626,11,14,17,0.0,26.754,NASA_POWER_SARAH3_LiuJordan1960
7627,11,14,18,0.0,25.169,NASA_POWER_SARAH3_LiuJordan1960
7628,11,14,19,0.0,23.5,NASA_POWER_SARAH3_LiuJordan1960
7629,11,14,20,0.0,19.75,NASA_POWER_SARAH3_LiuJordan1960
7630,11,14,21,0.0,19.75,NASA_POWER_SARAH3_LiuJordan1960
7631,11,14,22,0.0,19.75,NASA_POWER_SARAH3_LiuJordan1960
7632,11,14,23,0.0,19.75,NASA_POWER_SARAH3_LiuJordan1960
7633,11,15,0,0.0,19.75,NASA_POWER_SARAH3_LiuJordan1960
7634,11,15,1,0.0,19.75,NASA_POWER_SARAH3_LiuJordan1960
7635,11,15,2,0.0,19.75,NASA_POWER_SARAH3_LiuJordan1960
7636,11,15,3,0.0,19.75,NASA_POWER_SARAH3_LiuJordan1960
7637,11,15,4,0.0,19.75,NASA_POWER_SARAH3_LiuJordan1960
7638,11,15,5,0.0,23.5,NASA_POWER_SARAH3_LiuJordan1960
7639,11,15,6,0.0,25.169,NASA_POWER_SARAH3_LiuJordan1960
7640,11,15,7,0.193905,26.754,NASA_POWER_SARAH3_LiuJordan1960
7641,11,15,8,0.377613,28.176,NASA_POWER_SARAH3_LiuJordan1960
7642,11,15,9,0.52761,29.364,NASA_POWER_SARAH3_LiuJordan1960
7643,11,15,10,0.633673,30.257,NASA_POWER_SARAH3_LiuJordan1960
7644,11,15,11,0.688576,30.812,NASA_POWER_SARAH3_LiuJordan1960
7645,11,15,12,0.688576,31.0,NASA_POWER_SARAH3_LiuJordan1960
7646,11,15,13,0.633673,30.812,NASA_POWER_SARAH3_LiuJordan1960
7647,11,15,14,0.52761,30.257,NASA_POWER_SARAH3_LiuJordan1960
7648,11,15,15,0.377613,29.364,NASA_POWER_SARAH3_LiuJordan1960
7649,11,15,16,0.193905,28.176,NASA_POWER_SARAH3_LiuJordan1960
7650,11,15,17,0.0,26.754,NASA_POWER_SARAH3_LiuJordan1960
7651,11,15,18,0.0,25.169,NASA_POWER_SARAH3_LiuJordan1960
7652,11,15,19,0.0,23.5,NASA_POWER_SARAH3_LiuJordan1960
7653,11,15,20,0.0,19.75,NASA_POWER_SARAH3_LiuJordan1960
7654,11,15,21,0.0,19.75,NASA_POWER_SARAH3_LiuJordan1960
7655,11,15,22,0.0,19.75,NASA_POWER_SARAH3_LiuJordan1960
7656,11,15,23,0.0,19.75,NASA_POWER_SARAH3_LiuJordan1960
7657,11,16,0,0.0,19.75,NASA_POWER_SARAH3_LiuJordan1960
7658,11,16,1,0.0,19.75,NASA_POWER_SARAH3_LiuJordan1960
7659,11,16,2,0.0,19.75,NASA_POWER_SARAH3_LiuJordan1960
7660,11,16,3,0.0,19.75,NASA_POWER_SARAH3_LiuJordan1960
7661,11,16,4,0.0,19.75,NASA_POWER_SARAH3_LiuJordan1960
7662,11,16,5,0.0,23.5,NASA_POWER_SARAH3_LiuJordan1960
7663,11,16,6,0.0,25.169,NASA_POWER_SARAH3_LiuJordan1960
7664,11,16,7,0.176657,26.754,NASA_POWER_SARAH3_LiuJordan1960
7665,11,16,8,0.345346,28.176,NASA_POWER_SARAH3_LiuJordan1960
7666,11,16,9,0.48308,29.364,NASA_POWER_SARAH3_LiuJordan1960
7667,11,16,10,0.580473,30.257,NASA_POWER_SARAH3_LiuJordan1960
7668,11,16,11,0.630887,30.812,NASA_POWER_SARAH3_LiuJordan1960
7669,11,16,12,0.630887,31.0,NASA_POWER_SARAH3_LiuJordan1960
7670,11,16,13,0.580473,30.812,NASA_POWER_SARAH3_LiuJordan1960
7671,11,16,14,0.48308,30.257,NASA_POWER_SARAH3_LiuJordan1960
7672,11,16,15,0.345346,29.364,NASA_POWER_SARAH3_LiuJordan1960
7673,11,16,16,0.176657,28.176,NASA_POWER_SARAH3_LiuJordan1960
7674,11,16,17,0.0,26.754,NASA_POWER_SARAH3_LiuJordan1960
7675,11,16,18,0.0,25.169,NASA_POWER_SARAH3_LiuJordan1960
7676,11,16,19,0.0,23.5,NASA_POWER_SARAH3_LiuJordan1960
7677,11,16,20,0.0,19.75,NASA_POWER_SARAH3_LiuJordan1960
7678,11,16,21,0.0,19.75,NASA_POWER_SARAH3_LiuJordan1960
7679,11,16,22,0.0,19.75,NASA_POWER_SARAH3_LiuJordan1960
7680,11,16,23,0.0,19.75,NASA_POWER_SARAH3_LiuJordan1960
7681,11,17,0,0.0,19.75,NASA_POWER_SARAH3_LiuJordan1960
7682,11,17,1,0.0,19.75,NASA_POWER_SARAH3_LiuJordan1960
7683,11,17,2,0.0,19.75,NASA_POWER_SARAH3_LiuJordan1960
7684,11,17,3,0.0,19.75,NASA_POWER_SARAH3_LiuJordan1960
7685,11,17,4,0.0,19.75,NASA_POWER_SARAH3_LiuJordan1960
7686,11,17,5,0.0,23.5,NASA_POWER_SARAH3_LiuJordan1960
7687,11,17,6,0.0,25.169,NASA_POWER_SARAH3_LiuJordan1960
7688,11,17,7,0.190672,26.754,NASA_POWER_SARAH3_LiuJordan1960
7689,11,17,8,0.374161,28.176,NASA_POWER_SARAH3_LiuJordan1960
7690,11,17,9,0.523979,29.364,NASA_POWER_SARAH3_LiuJordan1960
7691,11,17,10,0.629917,30.257,NASA_POWER_SARAH3_LiuJordan1960
7692,11,17,11,0.684754,30.812,NASA_POWER_SARAH3_LiuJordan1960
7693,11,17,12,0.684754,31.0,NASA_POWER_SARAH3_LiuJordan1960
7694,11,17,13,0.629917,30.812,NASA_POWER_SARAH3_LiuJordan1960
7695,11,17,14,0.523979,30.257,NASA_POWER_SARAH3_LiuJordan1960
7696,11,17,15,0.374161,29.364,NASA_POWER_SARAH3_LiuJordan1960
7697,11,17,16,0.190672,28.176,NASA_POWER_SARAH3_LiuJordan1960
7698,11,17,17,0.0,26.754,NASA_POWER_SARAH3_LiuJordan1960
7699,11,17,18,0.0,25.169,NASA_POWER_SARAH3_LiuJordan1960
7700,11,17,19,0.0,23.5,NASA_POWER_SARAH3_LiuJordan1960
7701,11,17,20,0.0,19.75,NASA_POWER_SARAH3_LiuJordan1960
7702,11,17,21,0.0,19.75,NASA_POWER_SARAH3_LiuJordan1960
7703,11,17,22,0.0,19.75,NASA_POWER_SARAH3_LiuJordan1960
7704,11,17,23,0.0,19.75,NASA_POWER_SARAH3_LiuJordan1960
7705,11,18,0,0.0,19.75,NASA_POWER_SARAH3_LiuJordan1960
7706,11,18,1,0.0,19.75,NASA_POWER_SARAH3_LiuJordan1960
7707,11,18,2,0.0,19.75,NASA_POWER_SARAH3_LiuJordan1960
7708,11,18,3,0.0,19.75,NASA_POWER_SARAH3_LiuJordan1960
7709,11,18,4,0.0,19.75,NASA_POWER_SARAH3_LiuJordan1960
7710,11,18,5,0.0,23.5,NASA_POWER_SARAH3_LiuJordan1960
7711,11,18,6,0.0,25.169,NASA_POWER_SARAH3_LiuJordan1960
7712,11,18,7,0.17923,26.754,NASA_POWER_SARAH3_LiuJordan1960
7713,11,18,8,0.353029,28.176,NASA_POWER_SARAH3_LiuJordan1960
7714,11,18,9,0.494936,29.364,NASA_POWER_SARAH3_LiuJordan1960
7715,11,18,10,0.595279,30.257,NASA_POWER_SARAH3_LiuJordan1960
7716,11,18,11,0.647221,30.812,NASA_POWER_SARAH3_LiuJordan1960
7717,11,18,12,0.647221,31.0,NASA_POWER_SARAH3_LiuJordan1960
7718,11,18,13,0.595279,30.812,NASA_POWER_SARAH3_LiuJordan1960
7719,11,18,14,0.494936,30.257,NASA_POWER_SARAH3_LiuJordan1960
7720,11,18,15,0.353029,29.364,NASA_POWER_SARAH3_LiuJordan1960
7721,11,18,16,0.17923,28.176,NASA_POWER_SARAH3_LiuJordan1960
7722,11,18,17,0.0,26.754,NASA_POWER_SARAH3_LiuJordan1960
7723,11,18,18,0.0,25.169,NASA_POWER_SARAH3_LiuJordan1960
7724,11,18,19,0.0,23.5,NASA_POWER_SARAH3_LiuJordan1960
7725,11,18,20,0.0,19.75,NASA_POWER_SARAH3_LiuJordan1960
7726,11,18,21,0.0,19.75,NASA_POWER_SARAH3_LiuJordan1960
7727,11,18,22,0.0,19.75,NASA_POWER_SARAH3_LiuJordan1960
7728,11,18,23,0.0,19.75,NASA_POWER_SARAH3_LiuJordan1960
7729,11,19,0,0.0,19.75,NASA_POWER_SARAH3_LiuJordan1960
7730,11,19,1,0.0,19.75,NASA_POWER_SARAH3_LiuJordan1960
7731,11,19,2,0.0,19.75,NASA_POWER_SARAH3_LiuJordan1960
7732,11,19,3,0.0,19.75,NASA_POWER_SARAH3_LiuJordan1960
7733,11,19,4,0.0,19.75,NASA_POWER_SARAH3_LiuJordan1960
7734,11,19,5,0.0,23.5,NASA_POWER_SARAH3_LiuJordan1960
7735,11,19,6,0.0,25.169,NASA_POWER_SARAH3_LiuJordan1960
7736,11,19,7,0.186627,26.754,NASA_POWER_SARAH3_LiuJordan1960
7737,11,19,8,0.368963,28.176,NASA_POWER_SARAH3_LiuJordan1960
7738,11,19,9,0.51784,29.364,NASA_POWER_SARAH3_LiuJordan1960
7739,11,19,10,0.623112,30.257,NASA_POWER_SARAH3_LiuJordan1960
7740,11,19,11,0.677604,30.812,NASA_POWER_SARAH3_LiuJordan1960
7741,11,19,12,0.677604,31.0,NASA_POWER_SARAH3_LiuJordan1960
7742,11,19,13,0.623112,30.812,NASA_POWER_SARAH3_LiuJordan1960
7743,11,19,14,0.51784,30.257,NASA_POWER_SARAH3_LiuJordan1960
7744,11,19,15,0.368963,29.364,NASA_POWER_SARAH3_LiuJordan1960
7745,11,19,16,0.186627,28.176,NASA_POWER_SARAH3_LiuJordan1960
7746,11,19,17,0.0,26.754,NASA_POWER_SARAH3_LiuJordan1960
7747,11,19,18,0.0,25.169,NASA_POWER_SARAH3_LiuJordan1960
7748,11,19,19,0.0,23.5,NASA_POWER_SARAH3_LiuJordan1960
7749,11,19,20,0.0,19.75,NASA_POWER_SARAH3_LiuJordan1960
7750,11,19,21,0.0,19.75,NASA_POWER_SARAH3_LiuJordan1960
7751,11,19,22,0.0,19.75,NASA_POWER_SARAH3_LiuJordan1960
7752,11,19,23,0.0,19.75,NASA_POWER_SARAH3_LiuJordan1960
7753,11,20,0,0.0,19.75,NASA_POWER_SARAH3_LiuJordan1960
7754,11,20,1,0.0,19.75,NASA_POWER_SARAH3_LiuJordan1960
7755,11,20,2,0.0,19.75,NASA_POWER_SARAH3_LiuJordan1960
7756,11,20,3,0.0,19.75,NASA_POWER_SARAH3_LiuJordan1960
7757,11,20,4,0.0,19.75,NASA_POWER_SARAH3_LiuJordan1960
7758,11,20,5,0.0,23.5,NASA_POWER_SARAH3_LiuJordan1960
7759,11,20,6,0.0,25.169,NASA_POWER_SARAH3_LiuJordan1960
7760,11,20,7,0.170964,26.754,NASA_POWER_SARAH3_LiuJordan1960
7761,11,20,8,0.339233,28.176,NASA_POWER_SARAH3_LiuJordan1960
7762,11,20,9,0.476624,29.364,NASA_POWER_SARAH3_LiuJordan1960
7763,11,20,10,0.573774,30.257,NASA_POWER_SARAH3_LiuJordan1960
7764,11,20,11,0.624063,30.812,NASA_POWER_SARAH3_LiuJordan1960
7765,11,20,12,0.624063,31.0,NASA_POWER_SARAH3_LiuJordan1960
7766,11,20,13,0.573774,30.812,NASA_POWER_SARAH3_LiuJordan1960
7767,11,20,14,0.476624,30.257,NASA_POWER_SARAH3_LiuJordan1960
7768,11,20,15,0.339233,29.364,NASA_POWER_SARAH3_LiuJordan1960
7769,11,20,16,0.170964,28.176,NASA_POWER_SARAH3_LiuJordan1960
7770,11,20,17,0.0,26.754,NASA_POWER_SARAH3_LiuJordan1960
7771,11,20,18,0.0,25.169,NASA_POWER_SARAH3_LiuJordan1960
7772,11,20,19,0.0,23.5,NASA_POWER_SARAH3_LiuJordan1960
7773,11,20,20,0.0,19.75,NASA_POWER_SARAH3_LiuJordan1960
7774,11,20,21,0.0,19.75,NASA_POWER_SARAH3_LiuJordan1960
7775,11,20,22,0.0,19.75,NASA_POWER_SARAH3_LiuJordan1960
7776,11,20,23,0.0,19.75,NASA_POWER_SARAH3_LiuJordan1960
7777,11,21,0,0.0,19.75,NASA_POWER_SARAH3_LiuJordan1960
7778,11,21,1,0.0,19.75,NASA_POWER_SARAH3_LiuJordan1960
7779,11,21,2,0.0,19.75,NASA_POWER_SARAH3_LiuJordan1960
7780,11,21,3,0.0,19.75,NASA_POWER_SARAH3_LiuJordan1960
7781,11,21,4,0.0,19.75,NASA_POWER_SARAH3_LiuJordan1960
7782,11,21,5,0.0,23.5,NASA_POWER_SARAH3_LiuJordan1960
7783,11,21,6,0.0,25.169,NASA_POWER_SARAH3_LiuJordan1960
7784,11,21,7,0.189764,26.754,NASA_POWER_SARAH3_LiuJordan1960
7785,11,21,8,0.37789,28.176,NASA_POWER_SARAH3_LiuJordan1960
7786,11,21,9,0.531494,29.364,NASA_POWER_SARAH3_LiuJordan1960
7787,11,21,10,0.640109,30.257,NASA_POWER_SARAH3_LiuJordan1960
7788,11,21,11,0.696332,30.812,NASA_POWER_SARAH3_LiuJordan1960
7789,11,21,12,0.696332,31.0,NASA_POWER_SARAH3_LiuJordan1960
7790,11,21,13,0.640109,30.812,NASA_POWER_SARAH3_LiuJordan1960
7791,11,21,14,0.531494,30.257,NASA_POWER_SARAH3_LiuJordan1960
7792,11,21,15,0.37789,29.364,NASA_POWER_SARAH3_LiuJordan1960
7793,11,21,16,0.189764,28.176,NASA_POWER_SARAH3_LiuJordan1960
7794,11,21,17,0.0,26.754,NASA_POWER_SARAH3_LiuJordan1960
7795,11,21,18,0.0,25.169,NASA_POWER_SARAH3_LiuJordan1960
7796,11,21,19,0.0,23.5,NASA_POWER_SARAH3_LiuJordan1960
7797,11,21,20,0.0,19.75,NASA_POWER_SARAH3_LiuJordan1960
7798,11,21,21,0.0,19.75,NASA_POWER_SARAH3_LiuJordan1960
7799,11,21,22,0.0,19.75,NASA_POWER_SARAH3_LiuJordan1960
7800,11,21,23,0.0,19.75,NASA_POWER_SARAH3_LiuJordan1960
7801,11,22,0,0.0,19.75,NASA_POWER_SARAH3_LiuJordan1960
7802,11,22,1,0.0,19.75,NASA_POWER_SARAH3_LiuJordan1960
7803,11,22,2,0.0,19.75,NASA_POWER_SARAH3_LiuJordan1960
7804,11,22,3,0.0,19.75,NASA_POWER_SARAH3_LiuJordan1960
7805,11,22,4,0.0,19.75,NASA_POWER_SARAH3_LiuJordan1960
7806,11,22,5,0.0,23.5,NASA_POWER_SARAH3_LiuJordan1960
7807,11,22,6,0.0,25.169,NASA_POWER_SARAH3_LiuJordan1960
7808,11,22,7,0.175747,26.754,NASA_POWER_SARAH3_LiuJordan1960
7809,11,22,8,0.351216,28.176,NASA_POWER_SARAH3_LiuJordan1960
7810,11,22,9,0.494485,29.364,NASA_POWER_SARAH3_LiuJordan1960
7811,11,22,10,0.595792,30.257,NASA_POWER_SARAH3_LiuJordan1960
7812,11,22,11,0.648232,30.812,NASA_POWER_SARAH3_LiuJordan1960
7813,11,22,12,0.648232,31.0,NASA_POWER_SARAH3_LiuJordan1960
7814,11,22,13,0.595792,30.812,NASA_POWER_SARAH3_LiuJordan1960
7815,11,22,14,0.494485,30.257,NASA_POWER_SARAH3_LiuJordan1960
7816,11,22,15,0.351216,29.364,NASA_POWER_SARAH3_LiuJordan1960
7817,11,22,16,0.175747,28.176,NASA_POWER_SARAH3_LiuJordan1960
7818,11,22,17,0.0,26.754,NASA_POWER_SARAH3_LiuJordan1960
7819,11,22,18,0.0,25.169,NASA_POWER_SARAH3_LiuJordan1960
7820,11,22,19,0.0,23.5,NASA_POWER_SARAH3_LiuJordan1960
7821,11,22,20,0.0,19.75,NASA_POWER_SARAH3_LiuJordan1960
7822,11,22,21,0.0,19.75,NASA_POWER_SARAH3_LiuJordan1960
7823,11,22,22,0.0,19.75,NASA_POWER_SARAH3_LiuJordan1960
7824,11,22,23,0.0,19.75,NASA_POWER_SARAH3_LiuJordan1960
7825,11,23,0,0.0,19.75,NASA_POWER_SARAH3_LiuJordan1960
7826,11,23,1,0.0,19.75,NASA_POWER_SARAH3_LiuJordan1960
7827,11,23,2,0.0,19.75,NASA_POWER_SARAH3_LiuJordan1960
7828,11,23,3,0.0,19.75,NASA_POWER_SARAH3_LiuJordan1960
7829,11,23,4,0.0,19.75,NASA_POWER_SARAH3_LiuJordan1960
7830,11,23,5,0.0,23.5,NASA_POWER_SARAH3_LiuJordan1960
7831,11,23,6,0.0,25.169,NASA_POWER_SARAH3_LiuJordan1960
7832,11,23,7,0.188223,26.754,NASA_POWER_SARAH3_LiuJordan1960
7833,11,23,8,0.377452,28.176,NASA_POWER_SARAH3_LiuJordan1960
7834,11,23,9,0.531957,29.364,NASA_POWER_SARAH3_LiuJordan1960
7835,11,23,10,0.641208,30.257,NASA_POWER_SARAH3_LiuJordan1960
7836,11,23,11,0.697761,30.812,NASA_POWER_SARAH3_LiuJordan1960
7837,11,23,12,0.697761,31.0,NASA_POWER_SARAH3_LiuJordan1960
7838,11,23,13,0.641208,30.812,NASA_POWER_SARAH3_LiuJordan1960
7839,11,23,14,0.531957,30.257,NASA_POWER_SARAH3_LiuJordan1960
7840,11,23,15,0.377452,29.364,NASA_POWER_SARAH3_LiuJordan1960
7841,11,23,16,0.188223,28.176,NASA_POWER_SARAH3_LiuJordan1960
7842,11,23,17,0.0,26.754,NASA_POWER_SARAH3_LiuJordan1960
7843,11,23,18,0.0,25.169,NASA_POWER_SARAH3_LiuJordan1960
7844,11,23,19,0.0,23.5,NASA_POWER_SARAH3_LiuJordan1960
7845,11,23,20,0.0,19.75,NASA_POWER_SARAH3_LiuJordan1960
7846,11,23,21,0.0,19.75,NASA_POWER_SARAH3_LiuJordan1960
7847,11,23,22,0.0,19.75,NASA_POWER_SARAH3_LiuJordan1960
7848,11,23,23,0.0,19.75,NASA_POWER_SARAH3_LiuJordan1960
7849,11,24,0,0.0,19.75,NASA_POWER_SARAH3_LiuJordan1960
7850,11,24,1,0.0,19.75,NASA_POWER_SARAH3_LiuJordan1960
7851,11,24,2,0.0,19.75,NASA_POWER_SARAH3_LiuJordan1960
7852,11,24,3,0.0,19.75,NASA_POWER_SARAH3_LiuJordan1960
7853,11,24,4,0.0,19.75,NASA_POWER_SARAH3_LiuJordan1960
7854,11,24,5,0.0,23.5,NASA_POWER_SARAH3_LiuJordan1960
7855,11,24,6,0.0,25.169,NASA_POWER_SARAH3_LiuJordan1960
7856,11,24,7,0.171644,26.754,NASA_POWER_SARAH3_LiuJordan1960
7857,11,24,8,0.345377,28.176,NASA_POWER_SARAH3_LiuJordan1960
7858,11,24,9,0.487229,29.364,NASA_POWER_SARAH3_LiuJordan1960
7859,11,24,10,0.587533,30.257,NASA_POWER_SARAH3_LiuJordan1960
7860,11,24,11,0.639455,30.812,NASA_POWER_SARAH3_LiuJordan1960
7861,11,24,12,0.639455,31.0,NASA_POWER_SARAH3_LiuJordan1960
7862,11,24,13,0.587533,30.812,NASA_POWER_SARAH3_LiuJordan1960
7863,11,24,14,0.487229,30.257,NASA_POWER_SARAH3_LiuJordan1960
7864,11,24,15,0.345377,29.364,NASA_POWER_SARAH3_LiuJordan1960
7865,11,24,16,0.171644,28.176,NASA_POWER_SARAH3_LiuJordan1960
7866,11,24,17,0.0,26.754,NASA_POWER_SARAH3_LiuJordan1960
7867,11,24,18,0.0,25.169,NASA_POWER_SARAH3_LiuJordan1960
7868,11,24,19,0.0,23.5,NASA_POWER_SARAH3_LiuJordan1960
7869,11,24,20,0.0,19.75,NASA_POWER_SARAH3_LiuJordan1960
7870,11,24,21,0.0,19.75,NASA_POWER_SARAH3_LiuJordan1960
7871,11,24,22,0.0,19.75,NASA_POWER_SARAH3_LiuJordan1960
7872,11,24,23,0.0,19.75,NASA_POWER_SARAH3_LiuJordan1960
7873,11,25,0,0.0,19.75,NASA_POWER_SARAH3_LiuJordan1960
7874,11,25,1,0.0,19.75,NASA_POWER_SARAH3_LiuJordan1960
7875,11,25,2,0.0,19.75,NASA_POWER_SARAH3_LiuJordan1960
7876,11,25,3,0.0,19.75,NASA_POWER_SARAH3_LiuJordan1960
7877,11,25,4,0.0,19.75,NASA_POWER_SARAH3_LiuJordan1960
7878,11,25,5,0.0,23.5,NASA_POWER_SARAH3_LiuJordan1960
7879,11,25,6,0.0,25.169,NASA_POWER_SARAH3_LiuJordan1960
7880,11,25,7,0.151306,26.754,NASA_POWER_SARAH3_LiuJordan1960
7881,11,25,8,0.305464,28.176,NASA_POWER_SARAH3_LiuJordan1960
7882,11,25,9,0.431333,29.364,NASA_POWER_SARAH3_LiuJordan1960
7883,11,25,10,0.520336,30.257,NASA_POWER_SARAH3_LiuJordan1960
7884,11,25,11,0.566408,30.812,NASA_POWER_SARAH3_LiuJordan1960
7885,11,25,12,0.566408,31.0,NASA_POWER_SARAH3_LiuJordan1960
7886,11,25,13,0.520336,30.812,NASA_POWER_SARAH3_LiuJordan1960
7887,11,25,14,0.431333,30.257,NASA_POWER_SARAH3_LiuJordan1960
7888,11,25,15,0.305464,29.364,NASA_POWER_SARAH3_LiuJordan1960
7889,11,25,16,0.151306,28.176,NASA_POWER_SARAH3_LiuJordan1960
7890,11,25,17,0.0,26.754,NASA_POWER_SARAH3_LiuJordan1960
7891,11,25,18,0.0,25.169,NASA_POWER_SARAH3_LiuJordan1960
7892,11,25,19,0.0,23.5,NASA_POWER_SARAH3_LiuJordan1960
7893,11,25,20,0.0,19.75,NASA_POWER_SARAH3_LiuJordan1960
7894,11,25,21,0.0,19.75,NASA_POWER_SARAH3_LiuJordan1960
7895,11,25,22,0.0,19.75,NASA_POWER_SARAH3_LiuJordan1960
7896,11,25,23,0.0,19.75,NASA_POWER_SARAH3_LiuJordan1960
7897,11,26,0,0.0,19.75,NASA_POWER_SARAH3_LiuJordan1960
7898,11,26,1,0.0,19.75,NASA_POWER_SARAH3_LiuJordan1960
7899,11,26,2,0.0,19.75,NASA_POWER_SARAH3_LiuJordan1960
7900,11,26,3,0.0,19.75,NASA_POWER_SARAH3_LiuJordan1960
7901,11,26,4,0.0,19.75,NASA_POWER_SARAH3_LiuJordan1960
7902,11,26,5,0.0,23.5,NASA_POWER_SARAH3_LiuJordan1960
7903,11,26,6,0.0,25.169,NASA_POWER_SARAH3_LiuJordan1960
7904,11,26,7,0.170054,26.754,NASA_POWER_SARAH3_LiuJordan1960
7905,11,26,8,0.344428,28.176,NASA_POWER_SARAH3_LiuJordan1960
7906,11,26,9,0.486804,29.364,NASA_POWER_SARAH3_LiuJordan1960
7907,11,26,10,0.587478,30.257,NASA_POWER_SARAH3_LiuJordan1960
7908,11,26,11,0.639591,30.812,NASA_POWER_SARAH3_LiuJordan1960
7909,11,26,12,0.639591,31.0,NASA_POWER_SARAH3_LiuJordan1960
7910,11,26,13,0.587478,30.812,NASA_POWER_SARAH3_LiuJordan1960
7911,11,26,14,0.486804,30.257,NASA_POWER_SARAH3_LiuJordan1960
7912,11,26,15,0.344428,29.364,NASA_POWER_SARAH3_LiuJordan1960
7913,11,26,16,0.170054,28.176,NASA_POWER_SARAH3_LiuJordan1960
7914,11,26,17,0.0,26.754,NASA_POWER_SARAH3_LiuJordan1960
7915,11,26,18,0.0,25.169,NASA_POWER_SARAH3_LiuJordan1960
7916,11,26,19,0.0,23.5,NASA_POWER_SARAH3_LiuJordan1960
7917,11,26,20,0.0,19.75,NASA_POWER_SARAH3_LiuJordan1960
7918,11,26,21,0.0,19.75,NASA_POWER_SARAH3_LiuJordan1960
7919,11,26,22,0.0,19.75,NASA_POWER_SARAH3_LiuJordan1960
7920,11,26,23,0.0,19.75,NASA_POWER_SARAH3_LiuJordan1960
7921,11,27,0,0.0,19.75,NASA_POWER_SARAH3_LiuJordan1960
7922,11,27,1,0.0,19.75,NASA_POWER_SARAH3_LiuJordan1960
7923,11,27,2,0.0,19.75,NASA_POWER_SARAH3_LiuJordan1960
7924,11,27,3,0.0,19.75,NASA_POWER_SARAH3_LiuJordan1960
7925,11,27,4,0.0,19.75,NASA_POWER_SARAH3_LiuJordan1960
7926,11,27,5,0.0,23.5,NASA_POWER_SARAH3_LiuJordan1960
7927,11,27,6,0.0,25.169,NASA_POWER_SARAH3_LiuJordan1960
7928,11,27,7,0.168044,26.754,NASA_POWER_SARAH3_LiuJordan1960
7929,11,27,8,0.341432,28.176,NASA_POWER_SARAH3_LiuJordan1960
7930,11,27,9,0.483003,29.364,NASA_POWER_SARAH3_LiuJordan1960
7931,11,27,10,0.583109,30.257,NASA_POWER_SARAH3_LiuJordan1960
7932,11,27,11,0.634927,30.812,NASA_POWER_SARAH3_LiuJordan1960
7933,11,27,12,0.634927,31.0,NASA_POWER_SARAH3_LiuJordan1960
7934,11,27,13,0.583109,30.812,NASA_POWER_SARAH3_LiuJordan1960
7935,11,27,14,0.483003,30.257,NASA_POWER_SARAH3_LiuJordan1960
7936,11,27,15,0.341432,29.364,NASA_POWER_SARAH3_LiuJordan1960
7937,11,27,16,0.168044,28.176,NASA_POWER_SARAH3_LiuJordan1960
7938,11,27,17,0.0,26.754,NASA_POWER_SARAH3_LiuJordan1960
7939,11,27,18,0.0,25.169,NASA_POWER_SARAH3_LiuJordan1960
7940,11,27,19,0.0,23.5,NASA_POWER_SARAH3_LiuJordan1960
7941,11,27,20,0.0,19.75,NASA_POWER_SARAH3_LiuJordan1960
7942,11,27,21,0.0,19.75,NASA_POWER_SARAH3_LiuJordan1960
7943,11,27,22,0.0,19.75,NASA_POWER_SARAH3_LiuJordan1960
7944,11,27,23,0.0,19.75,NASA_POWER_SARAH3_LiuJordan1960
7945,11,28,0,0.0,19.75,NASA_POWER_SARAH3_LiuJordan1960
7946,11,28,1,0.0,19.75,NASA_POWER_SARAH3_LiuJordan1960
7947,11,28,2,0.0,19.75,NASA_POWER_SARAH3_LiuJordan1960
7948,11,28,3,0.0,19.75,NASA_POWER_SARAH3_LiuJordan1960
7949,11,28,4,0.0,19.75,NASA_POWER_SARAH3_LiuJordan1960
7950,11,28,5,0.0,23.5,NASA_POWER_SARAH3_LiuJordan1960
7951,11,28,6,0.0,25.169,NASA_POWER_SARAH3_LiuJordan1960
7952,11,28,7,0.158775,26.754,NASA_POWER_SARAH3_LiuJordan1960
7953,11,28,8,0.323591,28.176,NASA_POWER_SARAH3_LiuJordan1960
7954,11,28,9,0.458163,29.364,NASA_POWER_SARAH3_LiuJordan1960
7955,11,28,10,0.553319,30.257,NASA_POWER_SARAH3_LiuJordan1960
7956,11,28,11,0.602576,30.812,NASA_POWER_SARAH3_LiuJordan1960
7957,11,28,12,0.602576,31.0,NASA_POWER_SARAH3_LiuJordan1960
7958,11,28,13,0.553319,30.812,NASA_POWER_SARAH3_LiuJordan1960
7959,11,28,14,0.458163,30.257,NASA_POWER_SARAH3_LiuJordan1960
7960,11,28,15,0.323591,29.364,NASA_POWER_SARAH3_LiuJordan1960
7961,11,28,16,0.158775,28.176,NASA_POWER_SARAH3_LiuJordan1960
7962,11,28,17,0.0,26.754,NASA_POWER_SARAH3_LiuJordan1960
7963,11,28,18,0.0,25.169,NASA_POWER_SARAH3_LiuJordan1960
7964,11,28,19,0.0,23.5,NASA_POWER_SARAH3_LiuJordan1960
7965,11,28,20,0.0,19.75,NASA_POWER_SARAH3_LiuJordan1960
7966,11,28,21,0.0,19.75,NASA_POWER_SARAH3_LiuJordan1960
7967,11,28,22,0.0,19.75,NASA_POWER_SARAH3_LiuJordan1960
7968,11,28,23,0.0,19.75,NASA_POWER_SARAH3_LiuJordan1960
7969,11,29,0,0.0,19.75,NASA_POWER_SARAH3_LiuJordan1960
7970,11,29,1,0.0,19.75,NASA_POWER_SARAH3_LiuJordan1960
7971,11,29,2,0.0,19.75,NASA_POWER_SARAH3_LiuJordan1960
7972,11,29,3,0.0,19.75,NASA_POWER_SARAH3_LiuJordan1960
7973,11,29,4,0.0,19.75,NASA_POWER_SARAH3_LiuJordan1960
7974,11,29,5,0.0,23.5,NASA_POWER_SARAH3_LiuJordan1960
7975,11,29,6,0.0,25.169,NASA_POWER_SARAH3_LiuJordan1960
7976,11,29,7,0.183472,26.754,NASA_POWER_SARAH3_LiuJordan1960
7977,11,29,8,0.375039,28.176,NASA_POWER_SARAH3_LiuJordan1960
7978,11,29,9,0.531452,29.364,NASA_POWER_SARAH3_LiuJordan1960
7979,11,29,10,0.642053,30.257,NASA_POWER_SARAH3_LiuJordan1960
7980,11,29,11,0.699304,30.812,NASA_POWER_SARAH3_LiuJordan1960
7981,11,29,12,0.699304,31.0,NASA_POWER_SARAH3_LiuJordan1960
7982,11,29,13,0.642053,30.812,NASA_POWER_SARAH3_LiuJordan1960
7983,11,29,14,0.531452,30.257,NASA_POWER_SARAH3_LiuJordan1960
7984,11,29,15,0.375039,29.364,NASA_POWER_SARAH3_LiuJordan1960
7985,11,29,16,0.183472,28.176,NASA_POWER_SARAH3_LiuJordan1960
7986,11,29,17,0.0,26.754,NASA_POWER_SARAH3_LiuJordan1960
7987,11,29,18,0.0,25.169,NASA_POWER_SARAH3_LiuJordan1960
7988,11,29,19,0.0,23.5,NASA_POWER_SARAH3_LiuJordan1960
7989,11,29,20,0.0,19.75,NASA_POWER_SARAH3_LiuJordan1960
7990,11,29,21,0.0,19.75,NASA_POWER_SARAH3_LiuJordan1960
7991,11,29,22,0.0,19.75,NASA_POWER_SARAH3_LiuJordan1960
7992,11,29,23,0.0,19.75,NASA_POWER_SARAH3_LiuJordan1960
7993,11,30,0,0.0,19.75,NASA_POWER_SARAH3_LiuJordan1960
7994,11,30,1,0.0,19.75,NASA_POWER_SARAH3_LiuJordan1960
7995,11,30,2,0.0,19.75,NASA_POWER_SARAH3_LiuJordan1960
7996,11,30,3,0.0,19.75,NASA_POWER_SARAH3_LiuJordan1960
7997,11,30,4,0.0,19.75,NASA_POWER_SARAH3_LiuJordan1960
7998,11,30,5,0.0,23.5,NASA_POWER_SARAH3_LiuJordan1960
7999,11,30,6,0.0,25.169,NASA_POWER_SARAH3_LiuJordan1960
8000,11,30,7,0.172151,26.754,NASA_POWER_SARAH3_LiuJordan1960
8001,11,30,8,0.352911,28.176,NASA_POWER_SARAH3_LiuJordan1960
8002,11,30,9,0.5005,29.364,NASA_POWER_SARAH3_LiuJordan1960
8003,11,30,10,0.604862,30.257,NASA_POWER_SARAH3_LiuJordan1960
8004,11,30,11,0.658883,30.812,NASA_POWER_SARAH3_LiuJordan1960
8005,11,30,12,0.658883,31.0,NASA_POWER_SARAH3_LiuJordan1960
8006,11,30,13,0.604862,30.812,NASA_POWER_SARAH3_LiuJordan1960
8007,11,30,14,0.5005,30.257,NASA_POWER_SARAH3_LiuJordan1960
8008,11,30,15,0.352911,29.364,NASA_POWER_SARAH3_LiuJordan1960
8009,11,30,16,0.172151,28.176,NASA_POWER_SARAH3_LiuJordan1960
8010,11,30,17,0.0,26.754,NASA_POWER_SARAH3_LiuJordan1960
8011,11,30,18,0.0,25.169,NASA_POWER_SARAH3_LiuJordan1960
8012,11,30,19,0.0,23.5,NASA_POWER_SARAH3_LiuJordan1960
8013,11,30,20,0.0,19.75,NASA_POWER_SARAH3_LiuJordan1960
8014,11,30,21,0.0,19.75,NASA_POWER_SARAH3_LiuJordan1960
8015,11,30,22,0.0,19.75,NASA_POWER_SARAH3_LiuJordan1960
8016,11,30,23,0.0,19.75,NASA_POWER_SARAH3_LiuJordan1960
8017,12,1,0,0.0,15.5,NASA_POWER_SARAH3_LiuJordan1960
8018,12,1,1,0.0,15.5,NASA_POWER_SARAH3_LiuJordan1960
8019,12,1,2,0.0,15.5,NASA_POWER_SARAH3_LiuJordan1960
8020,12,1,3,0.0,15.5,NASA_POWER_SARAH3_LiuJordan1960
8021,12,1,4,0.0,15.5,NASA_POWER_SARAH3_LiuJordan1960
8022,12,1,5,0.0,19.5,NASA_POWER_SARAH3_LiuJordan1960
8023,12,1,6,0.0,21.28,NASA_POWER_SARAH3_LiuJordan1960
8024,12,1,7,0.149861,22.971,NASA_POWER_SARAH3_LiuJordan1960
8025,12,1,8,0.30807,24.488,NASA_POWER_SARAH3_LiuJordan1960
8026,12,1,9,0.437246,25.755,NASA_POWER_SARAH3_LiuJordan1960
8027,12,1,10,0.528588,26.708,NASA_POWER_SARAH3_LiuJordan1960
8028,12,1,11,0.57587,27.299,NASA_POWER_SARAH3_LiuJordan1960
8029,12,1,12,0.57587,27.5,NASA_POWER_SARAH3_LiuJordan1960
8030,12,1,13,0.528588,27.299,NASA_POWER_SARAH3_LiuJordan1960
8031,12,1,14,0.437246,26.708,NASA_POWER_SARAH3_LiuJordan1960
8032,12,1,15,0.30807,25.755,NASA_POWER_SARAH3_LiuJordan1960
8033,12,1,16,0.149861,24.488,NASA_POWER_SARAH3_LiuJordan1960
8034,12,1,17,0.0,22.971,NASA_POWER_SARAH3_LiuJordan1960
8035,12,1,18,0.0,21.28,NASA_POWER_SARAH3_LiuJordan1960
8036,12,1,19,0.0,19.5,NASA_POWER_SARAH3_LiuJordan1960
8037,12,1,20,0.0,15.5,NASA_POWER_SARAH3_LiuJordan1960
8038,12,1,21,0.0,15.5,NASA_POWER_SARAH3_LiuJordan1960
8039,12,1,22,0.0,15.5,NASA_POWER_SARAH3_LiuJordan1960
8040,12,1,23,0.0,15.5,NASA_POWER_SARAH3_LiuJordan1960
8041,12,2,0,0.0,15.5,NASA_POWER_SARAH3_LiuJordan1960
8042,12,2,1,0.0,15.5,NASA_POWER_SARAH3_LiuJordan1960
8043,12,2,2,0.0,15.5,NASA_POWER_SARAH3_LiuJordan1960
8044,12,2,3,0.0,15.5,NASA_POWER_SARAH3_LiuJordan1960
8045,12,2,4,0.0,15.5,NASA_POWER_SARAH3_LiuJordan1960
8046,12,2,5,0.0,19.5,NASA_POWER_SARAH3_LiuJordan1960
8047,12,2,6,0.0,21.28,NASA_POWER_SARAH3_LiuJordan1960
8048,12,2,7,0.140398,22.971,NASA_POWER_SARAH3_LiuJordan1960
8049,12,2,8,0.289388,24.488,NASA_POWER_SARAH3_LiuJordan1960
8050,12,2,9,0.411038,25.755,NASA_POWER_SARAH3_LiuJordan1960
8051,12,2,10,0.497058,26.708,NASA_POWER_SARAH3_LiuJordan1960
8052,12,2,11,0.541584,27.299,NASA_POWER_SARAH3_LiuJordan1960
8053,12,2,12,0.541584,27.5,NASA_POWER_SARAH3_LiuJordan1960
8054,12,2,13,0.497058,27.299,NASA_POWER_SARAH3_LiuJordan1960
8055,12,2,14,0.411038,26.708,NASA_POWER_SARAH3_LiuJordan1960
8056,12,2,15,0.289388,25.755,NASA_POWER_SARAH3_LiuJordan1960
8057,12,2,16,0.140398,24.488,NASA_POWER_SARAH3_LiuJordan1960
8058,12,2,17,0.0,22.971,NASA_POWER_SARAH3_LiuJordan1960
8059,12,2,18,0.0,21.28,NASA_POWER_SARAH3_LiuJordan1960
8060,12,2,19,0.0,19.5,NASA_POWER_SARAH3_LiuJordan1960
8061,12,2,20,0.0,15.5,NASA_POWER_SARAH3_LiuJordan1960
8062,12,2,21,0.0,15.5,NASA_POWER_SARAH3_LiuJordan1960
8063,12,2,22,0.0,15.5,NASA_POWER_SARAH3_LiuJordan1960
8064,12,2,23,0.0,15.5,NASA_POWER_SARAH3_LiuJordan1960
8065,12,3,0,0.0,15.5,NASA_POWER_SARAH3_LiuJordan1960
8066,12,3,1,0.0,15.5,NASA_POWER_SARAH3_LiuJordan1960
8067,12,3,2,0.0,15.5,NASA_POWER_SARAH3_LiuJordan1960
8068,12,3,3,0.0,15.5,NASA_POWER_SARAH3_LiuJordan1960
8069,12,3,4,0.0,15.5,NASA_POWER_SARAH3_LiuJordan1960
8070,12,3,5,0.0,19.5,NASA_POWER_SARAH3_LiuJordan1960
8071,12,3,6,0.0,21.28,NASA_POWER_SARAH3_LiuJordan1960
8072,12,3,7,0.13032,22.971,NASA_POWER_SARAH3_LiuJordan1960
8073,12,3,8,0.269304,24.488,NASA_POWER_SARAH3_LiuJordan1960
8074,12,3,9,0.382783,25.755,NASA_POWER_SARAH3_LiuJordan1960
8075,12,3,10,0.463026,26.708,NASA_POWER_SARAH3_LiuJordan1960
8076,12,3,11,0.504562,27.299,NASA_POWER_SARAH3_LiuJordan1960
8077,12,3,12,0.504562,27.5,NASA_POWER_SARAH3_LiuJordan1960
8078,12,3,13,0.463026,27.299,NASA_POWER_SARAH3_LiuJordan1960
8079,12,3,14,0.382783,26.708,NASA_POWER_SARAH3_LiuJordan1960
8080,12,3,15,0.269304,25.755,NASA_POWER_SARAH3_LiuJordan1960
8081,12,3,16,0.13032,24.488,NASA_POWER_SARAH3_LiuJordan1960
8082,12,3,17,0.0,22.971,NASA_POWER_SARAH3_LiuJordan1960
8083,12,3,18,0.0,21.28,NASA_POWER_SARAH3_LiuJordan1960
8084,12,3,19,0.0,19.5,NASA_POWER_SARAH3_LiuJordan1960
8085,12,3,20,0.0,15.5,NASA_POWER_SARAH3_LiuJordan1960
8086,12,3,21,0.0,15.5,NASA_POWER_SARAH3_LiuJordan1960
8087,12,3,22,0.0,15.5,NASA_POWER_SARAH3_LiuJordan1960
8088,12,3,23,0.0,15.5,NASA_POWER_SARAH3_LiuJordan1960
8089,12,4,0,0.0,15.5,NASA_POWER_SARAH3_LiuJordan1960
8090,12,4,1,0.0,15.5,NASA_POWER_SARAH3_LiuJordan1960
8091,12,4,2,0.0,15.5,NASA_POWER_SARAH3_LiuJordan1960
8092,12,4,3,0.0,15.5,NASA_POWER_SARAH3_LiuJordan1960
8093,12,4,4,0.0,15.5,NASA_POWER_SARAH3_LiuJordan1960
8094,12,4,5,0.0,19.5,NASA_POWER_SARAH3_LiuJordan1960
8095,12,4,6,0.0,21.28,NASA_POWER_SARAH3_LiuJordan1960
8096,12,4,7,0.136308,22.971,NASA_POWER_SARAH3_LiuJordan1960
8097,12,4,8,0.282368,24.488,NASA_POWER_SARAH3_LiuJordan1960
8098,12,4,9,0.401625,25.755,NASA_POWER_SARAH3_LiuJordan1960
8099,12,4,10,0.485953,26.708,NASA_POWER_SARAH3_LiuJordan1960
8100,12,4,11,0.529604,27.299,NASA_POWER_SARAH3_LiuJordan1960
8101,12,4,12,0.529604,27.5,NASA_POWER_SARAH3_LiuJordan1960
8102,12,4,13,0.485953,27.299,NASA_POWER_SARAH3_LiuJordan1960
8103,12,4,14,0.401625,26.708,NASA_POWER_SARAH3_LiuJordan1960
8104,12,4,15,0.282368,25.755,NASA_POWER_SARAH3_LiuJordan1960
8105,12,4,16,0.136308,24.488,NASA_POWER_SARAH3_LiuJordan1960
8106,12,4,17,0.0,22.971,NASA_POWER_SARAH3_LiuJordan1960
8107,12,4,18,0.0,21.28,NASA_POWER_SARAH3_LiuJordan1960
8108,12,4,19,0.0,19.5,NASA_POWER_SARAH3_LiuJordan1960
8109,12,4,20,0.0,15.5,NASA_POWER_SARAH3_LiuJordan1960
8110,12,4,21,0.0,15.5,NASA_POWER_SARAH3_LiuJordan1960
8111,12,4,22,0.0,15.5,NASA_POWER_SARAH3_LiuJordan1960
8112,12,4,23,0.0,15.5,NASA_POWER_SARAH3_LiuJordan1960
8113,12,5,0,0.0,15.5,NASA_POWER_SARAH3_LiuJordan1960
8114,12,5,1,0.0,15.5,NASA_POWER_SARAH3_LiuJordan1960
8115,12,5,2,0.0,15.5,NASA_POWER_SARAH3_LiuJordan1960
8116,12,5,3,0.0,15.5,NASA_POWER_SARAH3_LiuJordan1960
8117,12,5,4,0.0,15.5,NASA_POWER_SARAH3_LiuJordan1960
8118,12,5,5,0.0,19.5,NASA_POWER_SARAH3_LiuJordan1960
8119,12,5,6,0.0,21.28,NASA_POWER_SARAH3_LiuJordan1960
8120,12,5,7,0.134931,22.971,NASA_POWER_SARAH3_LiuJordan1960
8121,12,5,8,0.280166,24.488,NASA_POWER_SARAH3_LiuJordan1960
8122,12,5,9,0.39875,25.755,NASA_POWER_SARAH3_LiuJordan1960
8123,12,5,10,0.482602,26.708,NASA_POWER_SARAH3_LiuJordan1960
8124,12,5,11,0.526006,27.299,NASA_POWER_SARAH3_LiuJordan1960
8125,12,5,12,0.526006,27.5,NASA_POWER_SARAH3_LiuJordan1960
8126,12,5,13,0.482602,27.299,NASA_POWER_SARAH3_LiuJordan1960
8127,12,5,14,0.39875,26.708,NASA_POWER_SARAH3_LiuJordan1960
8128,12,5,15,0.280166,25.755,NASA_POWER_SARAH3_LiuJordan1960
8129,12,5,16,0.134931,24.488,NASA_POWER_SARAH3_LiuJordan1960
8130,12,5,17,0.0,22.971,NASA_POWER_SARAH3_LiuJordan1960
8131,12,5,18,0.0,21.28,NASA_POWER_SARAH3_LiuJordan1960
8132,12,5,19,0.0,19.5,NASA_POWER_SARAH3_LiuJordan1960
8133,12,5,20,0.0,15.5,NASA_POWER_SARAH3_LiuJordan1960
8134,12,5,21,0.0,15.5,NASA_POWER_SARAH3_LiuJordan1960
8135,12,5,22,0.0,15.5,NASA_POWER_SARAH3_LiuJordan1960
8136,12,5,23,0.0,15.5,NASA_POWER_SARAH3_LiuJordan1960
8137,12,6,0,0.0,15.5,NASA_POWER_SARAH3_LiuJordan1960
8138,12,6,1,0.0,15.5,NASA_POWER_SARAH3_LiuJordan1960
8139,12,6,2,0.0,15.5,NASA_POWER_SARAH3_LiuJordan1960
8140,12,6,3,0.0,15.5,NASA_POWER_SARAH3_LiuJordan1960
8141,12,6,4,0.0,15.5,NASA_POWER_SARAH3_LiuJordan1960
8142,12,6,5,0.0,19.5,NASA_POWER_SARAH3_LiuJordan1960
8143,12,6,6,0.0,21.28,NASA_POWER_SARAH3_LiuJordan1960
8144,12,6,7,0.141236,22.971,NASA_POWER_SARAH3_LiuJordan1960
8145,12,6,8,0.293905,24.488,NASA_POWER_SARAH3_LiuJordan1960
8146,12,6,9,0.418558,25.755,NASA_POWER_SARAH3_LiuJordan1960
8147,12,6,10,0.506701,26.708,NASA_POWER_SARAH3_LiuJordan1960
8148,12,6,11,0.552328,27.299,NASA_POWER_SARAH3_LiuJordan1960
8149,12,6,12,0.552328,27.5,NASA_POWER_SARAH3_LiuJordan1960
8150,12,6,13,0.506701,27.299,NASA_POWER_SARAH3_LiuJordan1960
8151,12,6,14,0.418558,26.708,NASA_POWER_SARAH3_LiuJordan1960
8152,12,6,15,0.293905,25.755,NASA_POWER_SARAH3_LiuJordan1960
8153,12,6,16,0.141236,24.488,NASA_POWER_SARAH3_LiuJordan1960
8154,12,6,17,0.0,22.971,NASA_POWER_SARAH3_LiuJordan1960
8155,12,6,18,0.0,21.28,NASA_POWER_SARAH3_LiuJordan1960
8156,12,6,19,0.0,19.5,NASA_POWER_SARAH3_LiuJordan1960
8157,12,6,20,0.0,15.5,NASA_POWER_SARAH3_LiuJordan1960
8158,12,6,21,0.0,15.5,NASA_POWER_SARAH3_LiuJordan1960
8159,12,6,22,0.0,15.5,NASA_POWER_SARAH3_LiuJordan1960
8160,12,6,23,0.0,15.5,NASA_POWER_SARAH3_LiuJordan1960
8161,12,7,0,0.0,15.5,NASA_POWER_SARAH3_LiuJordan1960
8162,12,7,1,0.0,15.5,NASA_POWER_SARAH3_LiuJordan1960
8163,12,7,2,0.0,15.5,NASA_POWER_SARAH3_LiuJordan1960
8164,12,7,3,0.0,15.5,NASA_POWER_SARAH3_LiuJordan1960
8165,12,7,4,0.0,15.5,NASA_POWER_SARAH3_LiuJordan1960
8166,12,7,5,0.0,19.5,NASA_POWER_SARAH3_LiuJordan1960
8167,12,7,6,0.0,21.28,NASA_POWER_SARAH3_LiuJordan1960
8168,12,7,7,0.136597,22.971,NASA_POWER_SARAH3_LiuJordan1960
8169,12,7,8,0.284843,24.488,NASA_POWER_SARAH3_LiuJordan1960
8170,12,7,9,0.405885,25.755,NASA_POWER_SARAH3_LiuJordan1960
8171,12,7,10,0.491475,26.708,NASA_POWER_SARAH3_LiuJordan1960
8172,12,7,11,0.53578,27.299,NASA_POWER_SARAH3_LiuJordan1960
8173,12,7,12,0.53578,27.5,NASA_POWER_SARAH3_LiuJordan1960
8174,12,7,13,0.491475,27.299,NASA_POWER_SARAH3_LiuJordan1960
8175,12,7,14,0.405885,26.708,NASA_POWER_SARAH3_LiuJordan1960
8176,12,7,15,0.284843,25.755,NASA_POWER_SARAH3_LiuJordan1960
8177,12,7,16,0.136597,24.488,NASA_POWER_SARAH3_LiuJordan1960
8178,12,7,17,0.0,22.971,NASA_POWER_SARAH3_LiuJordan1960
8179,12,7,18,0.0,21.28,NASA_POWER_SARAH3_LiuJordan1960
8180,12,7,19,0.0,19.5,NASA_POWER_SARAH3_LiuJordan1960
8181,12,7,20,0.0,15.5,NASA_POWER_SARAH3_LiuJordan1960
8182,12,7,21,0.0,15.5,NASA_POWER_SARAH3_LiuJordan1960
8183,12,7,22,0.0,15.5,NASA_POWER_SARAH3_LiuJordan1960
8184,12,7,23,0.0,15.5,NASA_POWER_SARAH3_LiuJordan1960
8185,12,8,0,0.0,15.5,NASA_POWER_SARAH3_LiuJordan1960
8186,12,8,1,0.0,15.5,NASA_POWER_SARAH3_LiuJordan1960
8187,12,8,2,0.0,15.5,NASA_POWER_SARAH3_LiuJordan1960
8188,12,8,3,0.0,15.5,NASA_POWER_SARAH3_LiuJordan1960
8189,12,8,4,0.0,15.5,NASA_POWER_SARAH3_LiuJordan1960
8190,12,8,5,0.0,19.5,NASA_POWER_SARAH3_LiuJordan1960
8191,12,8,6,0.0,21.28,NASA_POWER_SARAH3_LiuJordan1960
8192,12,8,7,0.132189,22.971,NASA_POWER_SARAH3_LiuJordan1960
8193,12,8,8,0.276188,24.488,NASA_POWER_SARAH3_LiuJordan1960
8194,12,8,9,0.393764,25.755,NASA_POWER_SARAH3_LiuJordan1960
8195,12,8,10,0.476902,26.708,NASA_POWER_SARAH3_LiuJordan1960
8196,12,8,11,0.519937,27.299,NASA_POWER_SARAH3_LiuJordan1960
8197,12,8,12,0.519937,27.5,NASA_POWER_SARAH3_LiuJordan1960
8198,12,8,13,0.476902,27.299,NASA_POWER_SARAH3_LiuJordan1960
8199,12,8,14,0.393764,26.708,NASA_POWER_SARAH3_LiuJordan1960
8200,12,8,15,0.276188,25.755,NASA_POWER_SARAH3_LiuJordan1960
8201,12,8,16,0.132189,24.488,NASA_POWER_SARAH3_LiuJordan1960
8202,12,8,17,0.0,22.971,NASA_POWER_SARAH3_LiuJordan1960
8203,12,8,18,0.0,21.28,NASA_POWER_SARAH3_LiuJordan1960
8204,12,8,19,0.0,19.5,NASA_POWER_SARAH3_LiuJordan1960
8205,12,8,20,0.0,15.5,NASA_POWER_SARAH3_LiuJordan1960
8206,12,8,21,0.0,15.5,NASA_POWER_SARAH3_LiuJordan1960
8207,12,8,22,0.0,15.5,NASA_POWER_SARAH3_LiuJordan1960
8208,12,8,23,0.0,15.5,NASA_POWER_SARAH3_LiuJordan1960
8209,12,9,0,0.0,15.5,NASA_POWER_SARAH3_LiuJordan1960
8210,12,9,1,0.0,15.5,NASA_POWER_SARAH3_LiuJordan1960
8211,12,9,2,0.0,15.5,NASA_POWER_SARAH3_LiuJordan1960
8212,12,9,3,0.0,15.5,NASA_POWER_SARAH3_LiuJordan1960
8213,12,9,4,0.0,15.5,NASA_POWER_SARAH3_LiuJordan1960
8214,12,9,5,0.0,19.5,NASA_POWER_SARAH3_LiuJordan1960
8215,12,9,6,0.0,21.28,NASA_POWER_SARAH3_LiuJordan1960
8216,12,9,7,0.142326,22.971,NASA_POWER_SARAH3_LiuJordan1960
8217,12,9,8,0.29791,24.488,NASA_POWER_SARAH3_LiuJordan1960
8218,12,9,9,0.424943,25.755,NASA_POWER_SARAH3_LiuJordan1960
8219,12,9,10,0.514769,26.708,NASA_POWER_SARAH3_LiuJordan1960
8220,12,9,11,0.561267,27.299,NASA_POWER_SARAH3_LiuJordan1960
8221,12,9,12,0.561267,27.5,NASA_POWER_SARAH3_LiuJordan1960
8222,12,9,13,0.514769,27.299,NASA_POWER_SARAH3_LiuJordan1960
8223,12,9,14,0.424943,26.708,NASA_POWER_SARAH3_LiuJordan1960
8224,12,9,15,0.29791,25.755,NASA_POWER_SARAH3_LiuJordan1960
8225,12,9,16,0.142326,24.488,NASA_POWER_SARAH3_LiuJordan1960
8226,12,9,17,0.0,22.971,NASA_POWER_SARAH3_LiuJordan1960
8227,12,9,18,0.0,21.28,NASA_POWER_SARAH3_LiuJordan1960
8228,12,9,19,0.0,19.5,NASA_POWER_SARAH3_LiuJordan1960
8229,12,9,20,0.0,15.5,NASA_POWER_SARAH3_LiuJordan1960
8230,12,9,21,0.0,15.5,NASA_POWER_SARAH3_LiuJordan1960
8231,12,9,22,0.0,15.5,NASA_POWER_SARAH3_LiuJordan1960
8232,12,9,23,0.0,15.5,NASA_POWER_SARAH3_LiuJordan1960
8233,12,10,0,0.0,15.5,NASA_POWER_SARAH3_LiuJordan1960
8234,12,10,1,0.0,15.5,NASA_POWER_SARAH3_LiuJordan1960
8235,12,10,2,0.0,15.5,NASA_POWER_SARAH3_LiuJordan1960
8236,12,10,3,0.0,15.5,NASA_POWER_SARAH3_LiuJordan1960
8237,12,10,4,0.0,15.5,NASA_POWER_SARAH3_LiuJordan1960
8238,12,10,5,0.0,19.5,NASA_POWER_SARAH3_LiuJordan1960
8239,12,10,6,0.0,21.28,NASA_POWER_SARAH3_LiuJordan1960
8240,12,10,7,0.141912,22.971,NASA_POWER_SARAH3_LiuJordan1960
8241,12,10,8,0.297543,24.488,NASA_POWER_SARAH3_LiuJordan1960
8242,12,10,9,0.424616,25.755,NASA_POWER_SARAH3_LiuJordan1960
8243,12,10,10,0.514469,26.708,NASA_POWER_SARAH3_LiuJordan1960
8244,12,10,11,0.560981,27.299,NASA_POWER_SARAH3_LiuJordan1960
8245,12,10,12,0.560981,27.5,NASA_POWER_SARAH3_LiuJordan1960
8246,12,10,13,0.514469,27.299,NASA_POWER_SARAH3_LiuJordan1960
8247,12,10,14,0.424616,26.708,NASA_POWER_SARAH3_LiuJordan1960
8248,12,10,15,0.297543,25.755,NASA_POWER_SARAH3_LiuJordan1960
8249,12,10,16,0.141912,24.488,NASA_POWER_SARAH3_LiuJordan1960
8250,12,10,17,0.0,22.971,NASA_POWER_SARAH3_LiuJordan1960
8251,12,10,18,0.0,21.28,NASA_POWER_SARAH3_LiuJordan1960
8252,12,10,19,0.0,19.5,NASA_POWER_SARAH3_LiuJordan1960
8253,12,10,20,0.0,15.5,NASA_POWER_SARAH3_LiuJordan1960
8254,12,10,21,0.0,15.5,NASA_POWER_SARAH3_LiuJordan1960
8255,12,10,22,0.0,15.5,NASA_POWER_SARAH3_LiuJordan1960
8256,12,10,23,0.0,15.5,NASA_POWER_SARAH3_LiuJordan1960
8257,12,11,0,0.0,15.5,NASA_POWER_SARAH3_LiuJordan1960
8258,12,11,1,0.0,15.5,NASA_POWER_SARAH3_LiuJordan1960
8259,12,11,2,0.0,15.5,NASA_POWER_SARAH3_LiuJordan1960
8260,12,11,3,0.0,15.5,NASA_POWER_SARAH3_LiuJordan1960
8261,12,11,4,0.0,15.5,NASA_POWER_SARAH3_LiuJordan1960
8262,12,11,5,0.0,19.5,NASA_POWER_SARAH3_LiuJordan1960
8263,12,11,6,0.0,21.28,NASA_POWER_SARAH3_LiuJordan1960
8264,12,11,7,0.137132,22.971,NASA_POWER_SARAH3_LiuJordan1960
8265,12,11,8,0.287963,24.488,NASA_POWER_SARAH3_LiuJordan1960
8266,12,11,9,0.411117,25.755,NASA_POWER_SARAH3_LiuJordan1960
8267,12,11,10,0.4982,26.708,NASA_POWER_SARAH3_LiuJordan1960
8268,12,11,11,0.543277,27.299,NASA_POWER_SARAH3_LiuJordan1960
8269,12,11,12,0.543277,27.5,NASA_POWER_SARAH3_LiuJordan1960
8270,12,11,13,0.4982,27.299,NASA_POWER_SARAH3_LiuJordan1960
8271,12,11,14,0.411117,26.708,NASA_POWER_SARAH3_LiuJordan1960
8272,12,11,15,0.287963,25.755,NASA_POWER_SARAH3_LiuJordan1960
8273,12,11,16,0.137132,24.488,NASA_POWER_SARAH3_LiuJordan1960
8274,12,11,17,0.0,22.971,NASA_POWER_SARAH3_LiuJordan1960
8275,12,11,18,0.0,21.28,NASA_POWER_SARAH3_LiuJordan1960
8276,12,11,19,0.0,19.5,NASA_POWER_SARAH3_LiuJordan1960
8277,12,11,20,0.0,15.5,NASA_POWER_SARAH3_LiuJordan1960
8278,12,11,21,0.0,15.5,NASA_POWER_SARAH3_LiuJordan1960
8279,12,11,22,0.0,15.5,NASA_POWER_SARAH3_LiuJordan1960
8280,12,11,23,0.0,15.5,NASA_POWER_SARAH3_LiuJordan1960
8281,12,12,0,0.0,15.5,NASA_POWER_SARAH3_LiuJordan1960
8282,12,12,1,0.0,15.5,NASA_POWER_SARAH3_LiuJordan1960
8283,12,12,2,0.0,15.5,NASA_POWER_SARAH3_LiuJordan1960
8284,12,12,3,0.0,15.5,NASA_POWER_SARAH3_LiuJordan1960
8285,12,12,4,0.0,15.5,NASA_POWER_SARAH3_LiuJordan1960
8286,12,12,5,0.0,19.5,NASA_POWER_SARAH3_LiuJordan1960
8287,12,12,6,0.0,21.28,NASA_POWER_SARAH3_LiuJordan1960
8288,12,12,7,0.137111,22.971,NASA_POWER_SARAH3_LiuJordan1960
8289,12,12,8,0.288324,24.488,NASA_POWER_SARAH3_LiuJordan1960
8290,12,12,9,0.411788,25.755,NASA_POWER_SARAH3_LiuJordan1960
8291,12,12,10,0.499091,26.708,NASA_POWER_SARAH3_LiuJordan1960
8292,12,12,11,0.544282,27.299,NASA_POWER_SARAH3_LiuJordan1960
8293,12,12,12,0.544282,27.5,NASA_POWER_SARAH3_LiuJordan1960
8294,12,12,13,0.499091,27.299,NASA_POWER_SARAH3_LiuJordan1960
8295,12,12,14,0.411788,26.708,NASA_POWER_SARAH3_LiuJordan1960
8296,12,12,15,0.288324,25.755,NASA_POWER_SARAH3_LiuJordan1960
8297,12,12,16,0.137111,24.488,NASA_POWER_SARAH3_LiuJordan1960
8298,12,12,17,0.0,22.971,NASA_POWER_SARAH3_LiuJordan1960
8299,12,12,18,0.0,21.28,NASA_POWER_SARAH3_LiuJordan1960
8300,12,12,19,0.0,19.5,NASA_POWER_SARAH3_LiuJordan1960
8301,12,12,20,0.0,15.5,NASA_POWER_SARAH3_LiuJordan1960
8302,12,12,21,0.0,15.5,NASA_POWER_SARAH3_LiuJordan1960
8303,12,12,22,0.0,15.5,NASA_POWER_SARAH3_LiuJordan1960
8304,12,12,23,0.0,15.5,NASA_POWER_SARAH3_LiuJordan1960
8305,12,13,0,0.0,15.5,NASA_POWER_SARAH3_LiuJordan1960
8306,12,13,1,0.0,15.5,NASA_POWER_SARAH3_LiuJordan1960
8307,12,13,2,0.0,15.5,NASA_POWER_SARAH3_LiuJordan1960
8308,12,13,3,0.0,15.5,NASA_POWER_SARAH3_LiuJordan1960
8309,12,13,4,0.0,15.5,NASA_POWER_SARAH3_LiuJordan1960
8310,12,13,5,0.0,19.5,NASA_POWER_SARAH3_LiuJordan1960
8311,12,13,6,0.0,21.28,NASA_POWER_SARAH3_LiuJordan1960
8312,12,13,7,0.137956,22.971,NASA_POWER_SARAH3_LiuJordan1960
8313,12,13,8,0.290465,24.488,NASA_POWER_SARAH3_LiuJordan1960
8314,12,13,9,0.414988,25.755,NASA_POWER_SARAH3_LiuJordan1960
8315,12,13,10,0.50304,26.708,NASA_POWER_SARAH3_LiuJordan1960
8316,12,13,11,0.548618,27.299,NASA_POWER_SARAH3_LiuJordan1960
8317,12,13,12,0.548618,27.5,NASA_POWER_SARAH3_LiuJordan1960
8318,12,13,13,0.50304,27.299,NASA_POWER_SARAH3_LiuJordan1960
8319,12,13,14,0.414988,26.708,NASA_POWER_SARAH3_LiuJordan1960
8320,12,13,15,0.290465,25.755,NASA_POWER_SARAH3_LiuJordan1960
8321,12,13,16,0.137956,24.488,NASA_POWER_SARAH3_LiuJordan1960
8322,12,13,17,0.0,22.971,NASA_POWER_SARAH3_LiuJordan1960
8323,12,13,18,0.0,21.28,NASA_POWER_SARAH3_LiuJordan1960
8324,12,13,19,0.0,19.5,NASA_POWER_SARAH3_LiuJordan1960
8325,12,13,20,0.0,15.5,NASA_POWER_SARAH3_LiuJordan1960
8326,12,13,21,0.0,15.5,NASA_POWER_SARAH3_LiuJordan1960
8327,12,13,22,0.0,15.5,NASA_POWER_SARAH3_LiuJordan1960
8328,12,13,23,0.0,15.5,NASA_POWER_SARAH3_LiuJordan1960
8329,12,14,0,0.0,15.5,NASA_POWER_SARAH3_LiuJordan1960
8330,12,14,1,0.0,15.5,NASA_POWER_SARAH3_LiuJordan1960
8331,12,14,2,0.0,15.5,NASA_POWER_SARAH3_LiuJordan1960
8332,12,14,3,0.0,15.5,NASA_POWER_SARAH3_LiuJordan1960
8333,12,14,4,0.0,15.5,NASA_POWER_SARAH3_LiuJordan1960
8334,12,14,5,0.0,19.5,NASA_POWER_SARAH3_LiuJordan1960
8335,12,14,6,0.0,21.28,NASA_POWER_SARAH3_LiuJordan1960
8336,12,14,7,0.145542,22.971,NASA_POWER_SARAH3_LiuJordan1960
8337,12,14,8,0.306777,24.488,NASA_POWER_SARAH3_LiuJordan1960
8338,12,14,9,0.438425,25.755,NASA_POWER_SARAH3_LiuJordan1960
8339,12,14,10,0.531514,26.708,NASA_POWER_SARAH3_LiuJordan1960
8340,12,14,11,0.579701,27.299,NASA_POWER_SARAH3_LiuJordan1960
8341,12,14,12,0.579701,27.5,NASA_POWER_SARAH3_LiuJordan1960
8342,12,14,13,0.531514,27.299,NASA_POWER_SARAH3_LiuJordan1960
8343,12,14,14,0.438425,26.708,NASA_POWER_SARAH3_LiuJordan1960
8344,12,14,15,0.306777,25.755,NASA_POWER_SARAH3_LiuJordan1960
8345,12,14,16,0.145542,24.488,NASA_POWER_SARAH3_LiuJordan1960
8346,12,14,17,0.0,22.971,NASA_POWER_SARAH3_LiuJordan1960
8347,12,14,18,0.0,21.28,NASA_POWER_SARAH3_LiuJordan1960
8348,12,14,19,0.0,19.5,NASA_POWER_SARAH3_LiuJordan1960
8349,12,14,20,0.0,15.5,NASA_POWER_SARAH3_LiuJordan1960
8350,12,14,21,0.0,15.5,NASA_POWER_SARAH3_LiuJordan1960
8351,12,14,22,0.0,15.5,NASA_POWER_SARAH3_LiuJordan1960
8352,12,14,23,0.0,15.5,NASA_POWER_SARAH3_LiuJordan1960
8353,12,15,0,0.0,15.5,NASA_POWER_SARAH3_LiuJordan1960
8354,12,15,1,0.0,15.5,NASA_POWER_SARAH3_LiuJordan1960
8355,12,15,2,0.0,15.5,NASA_POWER_SARAH3_LiuJordan1960
8356,12,15,3,0.0,15.5,NASA_POWER_SARAH3_LiuJordan1960
8357,12,15,4,0.0,15.5,NASA_POWER_SARAH3_LiuJordan1960
8358,12,15,5,0.0,19.5,NASA_POWER_SARAH3_LiuJordan1960
8359,12,15,6,0.0,21.28,NASA_POWER_SARAH3_LiuJordan1960
8360,12,15,7,0.138882,22.971,NASA_POWER_SARAH3_LiuJordan1960
8361,12,15,8,0.29302,24.488,NASA_POWER_SARAH3_LiuJordan1960
8362,12,15,9,0.418874,25.755,NASA_POWER_SARAH3_LiuJordan1960
8363,12,15,10,0.507865,26.708,NASA_POWER_SARAH3_LiuJordan1960
8364,12,15,11,0.553931,27.299,NASA_POWER_SARAH3_LiuJordan1960
8365,12,15,12,0.553931,27.5,NASA_POWER_SARAH3_LiuJordan1960
8366,12,15,13,0.507865,27.299,NASA_POWER_SARAH3_LiuJordan1960
8367,12,15,14,0.418874,26.708,NASA_POWER_SARAH3_LiuJordan1960
8368,12,15,15,0.29302,25.755,NASA_POWER_SARAH3_LiuJordan1960
8369,12,15,16,0.138882,24.488,NASA_POWER_SARAH3_LiuJordan1960
8370,12,15,17,0.0,22.971,NASA_POWER_SARAH3_LiuJordan1960
8371,12,15,18,0.0,21.28,NASA_POWER_SARAH3_LiuJordan1960
8372,12,15,19,0.0,19.5,NASA_POWER_SARAH3_LiuJordan1960
8373,12,15,20,0.0,15.5,NASA_POWER_SARAH3_LiuJordan1960
8374,12,15,21,0.0,15.5,NASA_POWER_SARAH3_LiuJordan1960
8375,12,15,22,0.0,15.5,NASA_POWER_SARAH3_LiuJordan1960
8376,12,15,23,0.0,15.5,NASA_POWER_SARAH3_LiuJordan1960
8377,12,16,0,0.0,15.5,NASA_POWER_SARAH3_LiuJordan1960
8378,12,16,1,0.0,15.5,NASA_POWER_SARAH3_LiuJordan1960
8379,12,16,2,0.0,15.5,NASA_POWER_SARAH3_LiuJordan1960
8380,12,16,3,0.0,15.5,NASA_POWER_SARAH3_LiuJordan1960
8381,12,16,4,0.0,15.5,NASA_POWER_SARAH3_LiuJordan1960
8382,12,16,5,0.0,19.5,NASA_POWER_SARAH3_LiuJordan1960
8383,12,16,6,0.0,21.28,NASA_POWER_SARAH3_LiuJordan1960
8384,12,16,7,0.140885,22.971,NASA_POWER_SARAH3_LiuJordan1960
8385,12,16,8,0.297487,24.488,NASA_POWER_SARAH3_LiuJordan1960
8386,12,16,9,0.425352,25.755,NASA_POWER_SARAH3_LiuJordan1960
8387,12,16,10,0.515766,26.708,NASA_POWER_SARAH3_LiuJordan1960
8388,12,16,11,0.562568,27.299,NASA_POWER_SARAH3_LiuJordan1960
8389,12,16,12,0.562568,27.5,NASA_POWER_SARAH3_LiuJordan1960
8390,12,16,13,0.515766,27.299,NASA_POWER_SARAH3_LiuJordan1960
8391,12,16,14,0.425352,26.708,NASA_POWER_SARAH3_LiuJordan1960
8392,12,16,15,0.297487,25.755,NASA_POWER_SARAH3_LiuJordan1960
8393,12,16,16,0.140885,24.488,NASA_POWER_SARAH3_LiuJordan1960
8394,12,16,17,0.0,22.971,NASA_POWER_SARAH3_LiuJordan1960
8395,12,16,18,0.0,21.28,NASA_POWER_SARAH3_LiuJordan1960
8396,12,16,19,0.0,19.5,NASA_POWER_SARAH3_LiuJordan1960
8397,12,16,20,0.0,15.5,NASA_POWER_SARAH3_LiuJordan1960
8398,12,16,21,0.0,15.5,NASA_POWER_SARAH3_LiuJordan1960
8399,12,16,22,0.0,15.5,NASA_POWER_SARAH3_LiuJordan1960
8400,12,16,23,0.0,15.5,NASA_POWER_SARAH3_LiuJordan1960
8401,12,17,0,0.0,15.5,NASA_POWER_SARAH3_LiuJordan1960
8402,12,17,1,0.0,15.5,NASA_POWER_SARAH3_LiuJordan1960
8403,12,17,2,0.0,15.5,NASA_POWER_SARAH3_LiuJordan1960
8404,12,17,3,0.0,15.5,NASA_POWER_SARAH3_LiuJordan1960
8405,12,17,4,0.0,15.5,NASA_POWER_SARAH3_LiuJordan1960
8406,12,17,5,0.0,19.5,NASA_POWER_SARAH3_LiuJordan1960
8407,12,17,6,0.0,21.28,NASA_POWER_SARAH3_LiuJordan1960
8408,12,17,7,0.14513,22.971,NASA_POWER_SARAH3_LiuJordan1960
8409,12,17,8,0.306652,24.488,NASA_POWER_SARAH3_LiuJordan1960
8410,12,17,9,0.438534,25.755,NASA_POWER_SARAH3_LiuJordan1960
8411,12,17,10,0.531789,26.708,NASA_POWER_SARAH3_LiuJordan1960
8412,12,17,11,0.580061,27.299,NASA_POWER_SARAH3_LiuJordan1960
8413,12,17,12,0.580061,27.5,NASA_POWER_SARAH3_LiuJordan1960
8414,12,17,13,0.531789,27.299,NASA_POWER_SARAH3_LiuJordan1960
8415,12,17,14,0.438534,26.708,NASA_POWER_SARAH3_LiuJordan1960
8416,12,17,15,0.306652,25.755,NASA_POWER_SARAH3_LiuJordan1960
8417,12,17,16,0.14513,24.488,NASA_POWER_SARAH3_LiuJordan1960
8418,12,17,17,0.0,22.971,NASA_POWER_SARAH3_LiuJordan1960
8419,12,17,18,0.0,21.28,NASA_POWER_SARAH3_LiuJordan1960
8420,12,17,19,0.0,19.5,NASA_POWER_SARAH3_LiuJordan1960
8421,12,17,20,0.0,15.5,NASA_POWER_SARAH3_LiuJordan1960
8422,12,17,21,0.0,15.5,NASA_POWER_SARAH3_LiuJordan1960
8423,12,17,22,0.0,15.5,NASA_POWER_SARAH3_LiuJordan1960
8424,12,17,23,0.0,15.5,NASA_POWER_SARAH3_LiuJordan1960
8425,12,18,0,0.0,15.5,NASA_POWER_SARAH3_LiuJordan1960
8426,12,18,1,0.0,15.5,NASA_POWER_SARAH3_LiuJordan1960
8427,12,18,2,0.0,15.5,NASA_POWER_SARAH3_LiuJordan1960
8428,12,18,3,0.0,15.5,NASA_POWER_SARAH3_LiuJordan1960
8429,12,18,4,0.0,15.5,NASA_POWER_SARAH3_LiuJordan1960
8430,12,18,5,0.0,19.5,NASA_POWER_SARAH3_LiuJordan1960
8431,12,18,6,0.0,21.28,NASA_POWER_SARAH3_LiuJordan1960
8432,12,18,7,0.13558,22.971,NASA_POWER_SARAH3_LiuJordan1960
8433,12,18,8,0.286617,24.488,NASA_POWER_SARAH3_LiuJordan1960
8434,12,18,9,0.409938,25.755,NASA_POWER_SARAH3_LiuJordan1960
8435,12,18,10,0.497139,26.708,NASA_POWER_SARAH3_LiuJordan1960
8436,12,18,11,0.542278,27.299,NASA_POWER_SARAH3_LiuJordan1960
8437,12,18,12,0.542278,27.5,NASA_POWER_SARAH3_LiuJordan1960
8438,12,18,13,0.497139,27.299,NASA_POWER_SARAH3_LiuJordan1960
8439,12,18,14,0.409938,26.708,NASA_POWER_SARAH3_LiuJordan1960
8440,12,18,15,0.286617,25.755,NASA_POWER_SARAH3_LiuJordan1960
8441,12,18,16,0.13558,24.488,NASA_POWER_SARAH3_LiuJordan1960
8442,12,18,17,0.0,22.971,NASA_POWER_SARAH3_LiuJordan1960
8443,12,18,18,0.0,21.28,NASA_POWER_SARAH3_LiuJordan1960
8444,12,18,19,0.0,19.5,NASA_POWER_SARAH3_LiuJordan1960
8445,12,18,20,0.0,15.5,NASA_POWER_SARAH3_LiuJordan1960
8446,12,18,21,0.0,15.5,NASA_POWER_SARAH3_LiuJordan1960
8447,12,18,22,0.0,15.5,NASA_POWER_SARAH3_LiuJordan1960
8448,12,18,23,0.0,15.5,NASA_POWER_SARAH3_LiuJordan1960
8449,12,19,0,0.0,15.5,NASA_POWER_SARAH3_LiuJordan1960
8450,12,19,1,0.0,15.5,NASA_POWER_SARAH3_LiuJordan1960
8451,12,19,2,0.0,15.5,NASA_POWER_SARAH3_LiuJordan1960
8452,12,19,3,0.0,15.5,NASA_POWER_SARAH3_LiuJordan1960
8453,12,19,4,0.0,15.5,NASA_POWER_SARAH3_LiuJordan1960
8454,12,19,5,0.0,19.5,NASA_POWER_SARAH3_LiuJordan1960
8455,12,19,6,0.0,21.28,NASA_POWER_SARAH3_LiuJordan1960
8456,12,19,7,0.144986,22.971,NASA_POWER_SARAH3_LiuJordan1960
8457,12,19,8,0.306608,24.488,NASA_POWER_SARAH3_LiuJordan1960
8458,12,19,9,0.438572,25.755,NASA_POWER_SARAH3_LiuJordan1960
8459,12,19,10,0.531885,26.708,NASA_POWER_SARAH3_LiuJordan1960
8460,12,19,11,0.580187,27.299,NASA_POWER_SARAH3_LiuJordan1960
8461,12,19,12,0.580187,27.5,NASA_POWER_SARAH3_LiuJordan1960
8462,12,19,13,0.531885,27.299,NASA_POWER_SARAH3_LiuJordan1960
8463,12,19,14,0.438572,26.708,NASA_POWER_SARAH3_LiuJordan1960
8464,12,19,15,0.306608,25.755,NASA_POWER_SARAH3_LiuJordan1960
8465,12,19,16,0.144986,24.488,NASA_POWER_SARAH3_LiuJordan1960
8466,12,19,17,0.0,22.971,NASA_POWER_SARAH3_LiuJordan1960
8467,12,19,18,0.0,21.28,NASA_POWER_SARAH3_LiuJordan1960
8468,12,19,19,0.0,19.5,NASA_POWER_SARAH3_LiuJordan1960
8469,12,19,20,0.0,15.5,NASA_POWER_SARAH3_LiuJordan1960
8470,12,19,21,0.0,15.5,NASA_POWER_SARAH3_LiuJordan1960
8471,12,19,22,0.0,15.5,NASA_POWER_SARAH3_LiuJordan1960
8472,12,19,23,0.0,15.5,NASA_POWER_SARAH3_LiuJordan1960
8473,12,20,0,0.0,15.5,NASA_POWER_SARAH3_LiuJordan1960
8474,12,20,1,0.0,15.5,NASA_POWER_SARAH3_LiuJordan1960
8475,12,20,2,0.0,15.5,NASA_POWER_SARAH3_LiuJordan1960
8476,12,20,3,0.0,15.5,NASA_POWER_SARAH3_LiuJordan1960
8477,12,20,4,0.0,15.5,NASA_POWER_SARAH3_LiuJordan1960
8478,12,20,5,0.0,19.5,NASA_POWER_SARAH3_LiuJordan1960
8479,12,20,6,0.0,21.28,NASA_POWER_SARAH3_LiuJordan1960
8480,12,20,7,0.139517,22.971,NASA_POWER_SARAH3_LiuJordan1960
8481,12,20,8,0.2951,24.488,NASA_POWER_SARAH3_LiuJordan1960
8482,12,20,9,0.422133,25.755,NASA_POWER_SARAH3_LiuJordan1960
8483,12,20,10,0.511959,26.708,NASA_POWER_SARAH3_LiuJordan1960
8484,12,20,11,0.558456,27.299,NASA_POWER_SARAH3_LiuJordan1960
8485,12,20,12,0.558456,27.5,NASA_POWER_SARAH3_LiuJordan1960
8486,12,20,13,0.511959,27.299,NASA_POWER_SARAH3_LiuJordan1960
8487,12,20,14,0.422133,26.708,NASA_POWER_SARAH3_LiuJordan1960
8488,12,20,15,0.2951,25.755,NASA_POWER_SARAH3_LiuJordan1960
8489,12,20,16,0.139517,24.488,NASA_POWER_SARAH3_LiuJordan1960
8490,12,20,17,0.0,22.971,NASA_POWER_SARAH3_LiuJordan1960
8491,12,20,18,0.0,21.28,NASA_POWER_SARAH3_LiuJordan1960
8492,12,20,19,0.0,19.5,NASA_POWER_SARAH3_LiuJordan1960
8493,12,20,20,0.0,15.5,NASA_POWER_SARAH3_LiuJordan1960
8494,12,20,21,0.0,15.5,NASA_POWER_SARAH3_LiuJordan1960
8495,12,20,22,0.0,15.5,NASA_POWER_SARAH3_LiuJordan1960
8496,12,20,23,0.0,15.5,NASA_POWER_SARAH3_LiuJordan1960
8497,12,21,0,0.0,15.5,NASA_POWER_SARAH3_LiuJordan1960
8498,12,21,1,0.0,15.5,NASA_POWER_SARAH3_LiuJordan1960
8499,12,21,2,0.0,15.5,NASA_POWER_SARAH3_LiuJordan1960
8500,12,21,3,0.0,15.5,NASA_POWER_SARAH3_LiuJordan1960
8501,12,21,4,0.0,15.5,NASA_POWER_SARAH3_LiuJordan1960
8502,12,21,5,0.0,19.5,NASA_POWER_SARAH3_LiuJordan1960
8503,12,21,6,0.0,21.28,NASA_POWER_SARAH3_LiuJordan1960
8504,12,21,7,0.131626,22.971,NASA_POWER_SARAH3_LiuJordan1960
8505,12,21,8,0.278422,24.488,NASA_POWER_SARAH3_LiuJordan1960
8506,12,21,9,0.398279,25.755,NASA_POWER_SARAH3_LiuJordan1960
8507,12,21,10,0.483031,26.708,NASA_POWER_SARAH3_LiuJordan1960
8508,12,21,11,0.526902,27.299,NASA_POWER_SARAH3_LiuJordan1960
8509,12,21,12,0.526902,27.5,NASA_POWER_SARAH3_LiuJordan1960
8510,12,21,13,0.483031,27.299,NASA_POWER_SARAH3_LiuJordan1960
8511,12,21,14,0.398279,26.708,NASA_POWER_SARAH3_LiuJordan1960
8512,12,21,15,0.278422,25.755,NASA_POWER_SARAH3_LiuJordan1960
8513,12,21,16,0.131626,24.488,NASA_POWER_SARAH3_LiuJordan1960
8514,12,21,17,0.0,22.971,NASA_POWER_SARAH3_LiuJordan1960
8515,12,21,18,0.0,21.28,NASA_POWER_SARAH3_LiuJordan1960
8516,12,21,19,0.0,19.5,NASA_POWER_SARAH3_LiuJordan1960
8517,12,21,20,0.0,15.5,NASA_POWER_SARAH3_LiuJordan1960
8518,12,21,21,0.0,15.5,NASA_POWER_SARAH3_LiuJordan1960
8519,12,21,22,0.0,15.5,NASA_POWER_SARAH3_LiuJordan1960
8520,12,21,23,0.0,15.5,NASA_POWER_SARAH3_LiuJordan1960
8521,12,22,0,0.0,15.5,NASA_POWER_SARAH3_LiuJordan1960
8522,12,22,1,0.0,15.5,NASA_POWER_SARAH3_LiuJordan1960
8523,12,22,2,0.0,15.5,NASA_POWER_SARAH3_LiuJordan1960
8524,12,22,3,0.0,15.5,NASA_POWER_SARAH3_LiuJordan1960
8525,12,22,4,0.0,15.5,NASA_POWER_SARAH3_LiuJordan1960
8526,12,22,5,0.0,19.5,NASA_POWER_SARAH3_LiuJordan1960
8527,12,22,6,0.0,21.28,NASA_POWER_SARAH3_LiuJordan1960
8528,12,22,7,0.144966,22.971,NASA_POWER_SARAH3_LiuJordan1960
8529,12,22,8,0.306602,24.488,NASA_POWER_SARAH3_LiuJordan1960
8530,12,22,9,0.438578,25.755,NASA_POWER_SARAH3_LiuJordan1960
8531,12,22,10,0.531898,26.708,NASA_POWER_SARAH3_LiuJordan1960
8532,12,22,11,0.580205,27.299,NASA_POWER_SARAH3_LiuJordan1960
8533,12,22,12,0.580205,27.5,NASA_POWER_SARAH3_LiuJordan1960
8534,12,22,13,0.531898,27.299,NASA_POWER_SARAH3_LiuJordan1960
8535,12,22,14,0.438578,26.708,NASA_POWER_SARAH3_LiuJordan1960
8536,12,22,15,0.306602,25.755,NASA_POWER_SARAH3_LiuJordan1960
8537,12,22,16,0.144966,24.488,NASA_POWER_SARAH3_LiuJordan1960
8538,12,22,17,0.0,22.971,NASA_POWER_SARAH3_LiuJordan1960
8539,12,22,18,0.0,21.28,NASA_POWER_SARAH3_LiuJordan1960
8540,12,22,19,0.0,19.5,NASA_POWER_SARAH3_LiuJordan1960
8541,12,22,20,0.0,15.5,NASA_POWER_SARAH3_LiuJordan1960
8542,12,22,21,0.0,15.5,NASA_POWER_SARAH3_LiuJordan1960
8543,12,22,22,0.0,15.5,NASA_POWER_SARAH3_LiuJordan1960
8544,12,22,23,0.0,15.5,NASA_POWER_SARAH3_LiuJordan1960
8545,12,23,0,0.0,15.5,NASA_POWER_SARAH3_LiuJordan1960
8546,12,23,1,0.0,15.5,NASA_POWER_SARAH3_LiuJordan1960
8547,12,23,2,0.0,15.5,NASA_POWER_SARAH3_LiuJordan1960
8548,12,23,3,0.0,15.5,NASA_POWER_SARAH3_LiuJordan1960
8549,12,23,4,0.0,15.5,NASA_POWER_SARAH3_LiuJordan1960
8550,12,23,5,0.0,19.5,NASA_POWER_SARAH3_LiuJordan1960
8551,12,23,6,0.0,21.28,NASA_POWER_SARAH3_LiuJordan1960
8552,12,23,7,0.143295,22.971,NASA_POWER_SARAH3_LiuJordan1960
8553,12,23,8,0.302986,24.488,NASA_POWER_SARAH3_LiuJordan1960
8554,12,23,9,0.433373,25.755,NASA_POWER_SARAH3_LiuJordan1960
8555,12,23,10,0.525571,26.708,NASA_POWER_SARAH3_LiuJordan1960
8556,12,23,11,0.573296,27.299,NASA_POWER_SARAH3_LiuJordan1960
8557,12,23,12,0.573296,27.5,NASA_POWER_SARAH3_LiuJordan1960
8558,12,23,13,0.525571,27.299,NASA_POWER_SARAH3_LiuJordan1960
8559,12,23,14,0.433373,26.708,NASA_POWER_SARAH3_LiuJordan1960
8560,12,23,15,0.302986,25.755,NASA_POWER_SARAH3_LiuJordan1960
8561,12,23,16,0.143295,24.488,NASA_POWER_SARAH3_LiuJordan1960
8562,12,23,17,0.0,22.971,NASA_POWER_SARAH3_LiuJordan1960
8563,12,23,18,0.0,21.28,NASA_POWER_SARAH3_LiuJordan1960
8564,12,23,19,0.0,19.5,NASA_POWER_SARAH3_LiuJordan1960
8565,12,23,20,0.0,15.5,NASA_POWER_SARAH3_LiuJordan1960
8566,12,23,21,0.0,15.5,NASA_POWER_SARAH3_LiuJordan1960
8567,12,23,22,0.0,15.5,NASA_POWER_SARAH3_LiuJordan1960
8568,12,23,23,0.0,15.5,NASA_POWER_SARAH3_LiuJordan1960
8569,12,24,0,0.0,15.5,NASA_POWER_SARAH3_LiuJordan1960
8570,12,24,1,0.0,15.5,NASA_POWER_SARAH3_LiuJordan1960
8571,12,24,2,0.0,15.5,NASA_POWER_SARAH3_LiuJordan1960
8572,12,24,3,0.0,15.5,NASA_POWER_SARAH3_LiuJordan1960
8573,12,24,4,0.0,15.5,NASA_POWER_SARAH3_LiuJordan1960
8574,12,24,5,0.0,19.5,NASA_POWER_SARAH3_LiuJordan1960
8575,12,24,6,0.0,21.28,NASA_POWER_SARAH3_LiuJordan1960
8576,12,24,7,0.145084,22.971,NASA_POWER_SARAH3_LiuJordan1960
8577,12,24,8,0.306638,24.488,NASA_POWER_SARAH3_LiuJordan1960
8578,12,24,9,0.438546,25.755,NASA_POWER_SARAH3_LiuJordan1960
8579,12,24,10,0.531819,26.708,NASA_POWER_SARAH3_LiuJordan1960
8580,12,24,11,0.580101,27.299,NASA_POWER_SARAH3_LiuJordan1960
8581,12,24,12,0.580101,27.5,NASA_POWER_SARAH3_LiuJordan1960
8582,12,24,13,0.531819,27.299,NASA_POWER_SARAH3_LiuJordan1960
8583,12,24,14,0.438546,26.708,NASA_POWER_SARAH3_LiuJordan1960
8584,12,24,15,0.306638,25.755,NASA_POWER_SARAH3_LiuJordan1960
8585,12,24,16,0.145084,24.488,NASA_POWER_SARAH3_LiuJordan1960
8586,12,24,17,0.0,22.971,NASA_POWER_SARAH3_LiuJordan1960
8587,12,24,18,0.0,21.28,NASA_POWER_SARAH3_LiuJordan1960
8588,12,24,19,0.0,19.5,NASA_POWER_SARAH3_LiuJordan1960
8589,12,24,20,0.0,15.5,NASA_POWER_SARAH3_LiuJordan1960
8590,12,24,21,0.0,15.5,NASA_POWER_SARAH3_LiuJordan1960
8591,12,24,22,0.0,15.5,NASA_POWER_SARAH3_LiuJordan1960
8592,12,24,23,0.0,15.5,NASA_POWER_SARAH3_LiuJordan1960
8593,12,25,0,0.0,15.5,NASA_POWER_SARAH3_LiuJordan1960
8594,12,25,1,0.0,15.5,NASA_POWER_SARAH3_LiuJordan1960
8595,12,25,2,0.0,15.5,NASA_POWER_SARAH3_LiuJordan1960
8596,12,25,3,0.0,15.5,NASA_POWER_SARAH3_LiuJordan1960
8597,12,25,4,0.0,15.5,NASA_POWER_SARAH3_LiuJordan1960
8598,12,25,5,0.0,19.5,NASA_POWER_SARAH3_LiuJordan1960
8599,12,25,6,0.0,21.28,NASA_POWER_SARAH3_LiuJordan1960
8600,12,25,7,0.143509,22.971,NASA_POWER_SARAH3_LiuJordan1960
8601,12,25,8,0.303133,24.488,NASA_POWER_SARAH3_LiuJordan1960
8602,12,25,9,0.433465,25.755,NASA_POWER_SARAH3_LiuJordan1960
8603,12,25,10,0.525624,26.708,NASA_POWER_SARAH3_LiuJordan1960
8604,12,25,11,0.573329,27.299,NASA_POWER_SARAH3_LiuJordan1960
8605,12,25,12,0.573329,27.5,NASA_POWER_SARAH3_LiuJordan1960
8606,12,25,13,0.525624,27.299,NASA_POWER_SARAH3_LiuJordan1960
8607,12,25,14,0.433465,26.708,NASA_POWER_SARAH3_LiuJordan1960
8608,12,25,15,0.303133,25.755,NASA_POWER_SARAH3_LiuJordan1960
8609,12,25,16,0.143509,24.488,NASA_POWER_SARAH3_LiuJordan1960
8610,12,25,17,0.0,22.971,NASA_POWER_SARAH3_LiuJordan1960
8611,12,25,18,0.0,21.28,NASA_POWER_SARAH3_LiuJordan1960
8612,12,25,19,0.0,19.5,NASA_POWER_SARAH3_LiuJordan1960
8613,12,25,20,0.0,15.5,NASA_POWER_SARAH3_LiuJordan1960
8614,12,25,21,0.0,15.5,NASA_POWER_SARAH3_LiuJordan1960
8615,12,25,22,0.0,15.5,NASA_POWER_SARAH3_LiuJordan1960
8616,12,25,23,0.0,15.5,NASA_POWER_SARAH3_LiuJordan1960
8617,12,26,0,0.0,15.5,NASA_POWER_SARAH3_LiuJordan1960
8618,12,26,1,0.0,15.5,NASA_POWER_SARAH3_LiuJordan1960
8619,12,26,2,0.0,15.5,NASA_POWER_SARAH3_LiuJordan1960
8620,12,26,3,0.0,15.5,NASA_POWER_SARAH3_LiuJordan1960
8621,12,26,4,0.0,15.5,NASA_POWER_SARAH3_LiuJordan1960
8622,12,26,5,0.0,19.5,NASA_POWER_SARAH3_LiuJordan1960
8623,12,26,6,0.0,21.28,NASA_POWER_SARAH3_LiuJordan1960
8624,12,26,7,0.144324,22.971,NASA_POWER_SARAH3_LiuJordan1960
8625,12,26,8,0.304631,24.488,NASA_POWER_SARAH3_LiuJordan1960
8626,12,26,9,0.435521,25.755,NASA_POWER_SARAH3_LiuJordan1960
8627,12,26,10,0.528075,26.708,NASA_POWER_SARAH3_LiuJordan1960
8628,12,26,11,0.575984,27.299,NASA_POWER_SARAH3_LiuJordan1960
8629,12,26,12,0.575984,27.5,NASA_POWER_SARAH3_LiuJordan1960
8630,12,26,13,0.528075,27.299,NASA_POWER_SARAH3_LiuJordan1960
8631,12,26,14,0.435521,26.708,NASA_POWER_SARAH3_LiuJordan1960
8632,12,26,15,0.304631,25.755,NASA_POWER_SARAH3_LiuJordan1960
8633,12,26,16,0.144324,24.488,NASA_POWER_SARAH3_LiuJordan1960
8634,12,26,17,0.0,22.971,NASA_POWER_SARAH3_LiuJordan1960
8635,12,26,18,0.0,21.28,NASA_POWER_SARAH3_LiuJordan1960
8636,12,26,19,0.0,19.5,NASA_POWER_SARAH3_LiuJordan1960
8637,12,26,20,0.0,15.5,NASA_POWER_SARAH3_LiuJordan1960
8638,12,26,21,0.0,15.5,NASA_POWER_SARAH3_LiuJordan1960
8639,12,26,22,0.0,15.5,NASA_POWER_SARAH3_LiuJordan1960
8640,12,26,23,0.0,15.5,NASA_POWER_SARAH3_LiuJordan1960
8641,12,27,0,0.0,15.5,NASA_POWER_SARAH3_LiuJordan1960
8642,12,27,1,0.0,15.5,NASA_POWER_SARAH3_LiuJordan1960
8643,12,27,2,0.0,15.5,NASA_POWER_SARAH3_LiuJordan1960
8644,12,27,3,0.0,15.5,NASA_POWER_SARAH3_LiuJordan1960
8645,12,27,4,0.0,15.5,NASA_POWER_SARAH3_LiuJordan1960
8646,12,27,5,0.0,19.5,NASA_POWER_SARAH3_LiuJordan1960
8647,12,27,6,0.0,21.28,NASA_POWER_SARAH3_LiuJordan1960
8648,12,27,7,0.145457,22.971,NASA_POWER_SARAH3_LiuJordan1960
8649,12,27,8,0.306752,24.488,NASA_POWER_SARAH3_LiuJordan1960
8650,12,27,9,0.438448,25.755,NASA_POWER_SARAH3_LiuJordan1960
8651,12,27,10,0.531571,26.708,NASA_POWER_SARAH3_LiuJordan1960
8652,12,27,11,0.579775,27.299,NASA_POWER_SARAH3_LiuJordan1960
8653,12,27,12,0.579775,27.5,NASA_POWER_SARAH3_LiuJordan1960
8654,12,27,13,0.531571,27.299,NASA_POWER_SARAH3_LiuJordan1960
8655,12,27,14,0.438448,26.708,NASA_POWER_SARAH3_LiuJordan1960
8656,12,27,15,0.306752,25.755,NASA_POWER_SARAH3_LiuJordan1960
8657,12,27,16,0.145457,24.488,NASA_POWER_SARAH3_LiuJordan1960
8658,12,27,17,0.0,22.971,NASA_POWER_SARAH3_LiuJordan1960
8659,12,27,18,0.0,21.28,NASA_POWER_SARAH3_LiuJordan1960
8660,12,27,19,0.0,19.5,NASA_POWER_SARAH3_LiuJordan1960
8661,12,27,20,0.0,15.5,NASA_POWER_SARAH3_LiuJordan1960
8662,12,27,21,0.0,15.5,NASA_POWER_SARAH3_LiuJordan1960
8663,12,27,22,0.0,15.5,NASA_POWER_SARAH3_LiuJordan1960
8664,12,27,23,0.0,15.5,NASA_POWER_SARAH3_LiuJordan1960
8665,12,28,0,0.0,15.5,NASA_POWER_SARAH3_LiuJordan1960
8666,12,28,1,0.0,15.5,NASA_POWER_SARAH3_LiuJordan1960
8667,12,28,2,0.0,15.5,NASA_POWER_SARAH3_LiuJordan1960
8668,12,28,3,0.0,15.5,NASA_POWER_SARAH3_LiuJordan1960
8669,12,28,4,0.0,15.5,NASA_POWER_SARAH3_LiuJordan1960
8670,12,28,5,0.0,19.5,NASA_POWER_SARAH3_LiuJordan1960
8671,12,28,6,0.0,21.28,NASA_POWER_SARAH3_LiuJordan1960
8672,12,28,7,0.143576,22.971,NASA_POWER_SARAH3_LiuJordan1960
8673,12,28,8,0.302471,24.488,NASA_POWER_SARAH3_LiuJordan1960
8674,12,28,9,0.432208,25.755,NASA_POWER_SARAH3_LiuJordan1960
8675,12,28,10,0.523945,26.708,NASA_POWER_SARAH3_LiuJordan1960
8676,12,28,11,0.571432,27.299,NASA_POWER_SARAH3_LiuJordan1960
8677,12,28,12,0.571432,27.5,NASA_POWER_SARAH3_LiuJordan1960
8678,12,28,13,0.523945,27.299,NASA_POWER_SARAH3_LiuJordan1960
8679,12,28,14,0.432208,26.708,NASA_POWER_SARAH3_LiuJordan1960
8680,12,28,15,0.302471,25.755,NASA_POWER_SARAH3_LiuJordan1960
8681,12,28,16,0.143576,24.488,NASA_POWER_SARAH3_LiuJordan1960
8682,12,28,17,0.0,22.971,NASA_POWER_SARAH3_LiuJordan1960
8683,12,28,18,0.0,21.28,NASA_POWER_SARAH3_LiuJordan1960
8684,12,28,19,0.0,19.5,NASA_POWER_SARAH3_LiuJordan1960
8685,12,28,20,0.0,15.5,NASA_POWER_SARAH3_LiuJordan1960
8686,12,28,21,0.0,15.5,NASA_POWER_SARAH3_LiuJordan1960
8687,12,28,22,0.0,15.5,NASA_POWER_SARAH3_LiuJordan1960
8688,12,28,23,0.0,15.5,NASA_POWER_SARAH3_LiuJordan1960
8689,12,29,0,0.0,15.5,NASA_POWER_SARAH3_LiuJordan1960
8690,12,29,1,0.0,15.5,NASA_POWER_SARAH3_LiuJordan1960
8691,12,29,2,0.0,15.5,NASA_POWER_SARAH3_LiuJordan1960
8692,12,29,3,0.0,15.5,NASA_POWER_SARAH3_LiuJordan1960
8693,12,29,4,0.0,15.5,NASA_POWER_SARAH3_LiuJordan1960
8694,12,29,5,0.0,19.5,NASA_POWER_SARAH3_LiuJordan1960
8695,12,29,6,0.0,21.28,NASA_POWER_SARAH3_LiuJordan1960
8696,12,29,7,0.142768,22.971,NASA_POWER_SARAH3_LiuJordan1960
8697,12,29,8,0.300413,24.488,NASA_POWER_SARAH3_LiuJordan1960
8698,12,29,9,0.42913,25.755,NASA_POWER_SARAH3_LiuJordan1960
8699,12,29,10,0.520146,26.708,NASA_POWER_SARAH3_LiuJordan1960
8700,12,29,11,0.56726,27.299,NASA_POWER_SARAH3_LiuJordan1960
8701,12,29,12,0.56726,27.5,NASA_POWER_SARAH3_LiuJordan1960
8702,12,29,13,0.520146,27.299,NASA_POWER_SARAH3_LiuJordan1960
8703,12,29,14,0.42913,26.708,NASA_POWER_SARAH3_LiuJordan1960
8704,12,29,15,0.300413,25.755,NASA_POWER_SARAH3_LiuJordan1960
8705,12,29,16,0.142768,24.488,NASA_POWER_SARAH3_LiuJordan1960
8706,12,29,17,0.0,22.971,NASA_POWER_SARAH3_LiuJordan1960
8707,12,29,18,0.0,21.28,NASA_POWER_SARAH3_LiuJordan1960
8708,12,29,19,0.0,19.5,NASA_POWER_SARAH3_LiuJordan1960
8709,12,29,20,0.0,15.5,NASA_POWER_SARAH3_LiuJordan1960
8710,12,29,21,0.0,15.5,NASA_POWER_SARAH3_LiuJordan1960
8711,12,29,22,0.0,15.5,NASA_POWER_SARAH3_LiuJordan1960
8712,12,29,23,0.0,15.5,NASA_POWER_SARAH3_LiuJordan1960
8713,12,30,0,0.0,15.5,NASA_POWER_SARAH3_LiuJordan1960
8714,12,30,1,0.0,15.5,NASA_POWER_SARAH3_LiuJordan1960
8715,12,30,2,0.0,15.5,NASA_POWER_SARAH3_LiuJordan1960
8716,12,30,3,0.0,15.5,NASA_POWER_SARAH3_LiuJordan1960
8717,12,30,4,0.0,15.5,NASA_POWER_SARAH3_LiuJordan1960
8718,12,30,5,0.0,19.5,NASA_POWER_SARAH3_LiuJordan1960
8719,12,30,6,0.0,21.28,NASA_POWER_SARAH3_LiuJordan1960
8720,12,30,7,0.146061,22.971,NASA_POWER_SARAH3_LiuJordan1960
8721,12,30,8,0.306934,24.488,NASA_POWER_SARAH3_LiuJordan1960
8722,12,30,9,0.438287,25.755,NASA_POWER_SARAH3_LiuJordan1960
8723,12,30,10,0.531167,26.708,NASA_POWER_SARAH3_LiuJordan1960
8724,12,30,11,0.579246,27.299,NASA_POWER_SARAH3_LiuJordan1960
8725,12,30,12,0.579246,27.5,NASA_POWER_SARAH3_LiuJordan1960
8726,12,30,13,0.531167,27.299,NASA_POWER_SARAH3_LiuJordan1960
8727,12,30,14,0.438287,26.708,NASA_POWER_SARAH3_LiuJordan1960
8728,12,30,15,0.306934,25.755,NASA_POWER_SARAH3_LiuJordan1960
8729,12,30,16,0.146061,24.488,NASA_POWER_SARAH3_LiuJordan1960
8730,12,30,17,0.0,22.971,NASA_POWER_SARAH3_LiuJordan1960
8731,12,30,18,0.0,21.28,NASA_POWER_SARAH3_LiuJordan1960
8732,12,30,19,0.0,19.5,NASA_POWER_SARAH3_LiuJordan1960
8733,12,30,20,0.0,15.5,NASA_POWER_SARAH3_LiuJordan1960
8734,12,30,21,0.0,15.5,NASA_POWER_SARAH3_LiuJordan1960
8735,12,30,22,0.0,15.5,NASA_POWER_SARAH3_LiuJordan1960
8736,12,30,23,0.0,15.5,NASA_POWER_SARAH3_LiuJordan1960
8737,12,31,0,0.0,15.5,NASA_POWER_SARAH3_LiuJordan1960
8738,12,31,1,0.0,15.5,NASA_POWER_SARAH3_LiuJordan1960
8739,12,31,2,0.0,15.5,NASA_POWER_SARAH3_LiuJordan1960
8740,12,31,3,0.0,15.5,NASA_POWER_SARAH3_LiuJordan1960
8741,12,31,4,0.0,15.5,NASA_POWER_SARAH3_LiuJordan1960
8742,12,31,5,0.0,19.5,NASA_POWER_SARAH3_LiuJordan1960
8743,12,31,6,0.0,21.28,NASA_POWER_SARAH3_LiuJordan1960
8744,12,31,7,0.140469,22.971,NASA_POWER_SARAH3_LiuJordan1960
8745,12,31,8,0.29475,24.488,NASA_POWER_SARAH3_LiuJordan1960
8746,12,31,9,0.42072,25.755,NASA_POWER_SARAH3_LiuJordan1960
8747,12,31,10,0.509794,26.708,NASA_POWER_SARAH3_LiuJordan1960
8748,12,31,11,0.555902,27.299,NASA_POWER_SARAH3_LiuJordan1960
8749,12,31,12,0.555902,27.5,NASA_POWER_SARAH3_LiuJordan1960
8750,12,31,13,0.509794,27.299,NASA_POWER_SARAH3_LiuJordan1960
8751,12,31,14,0.42072,26.708,NASA_POWER_SARAH3_LiuJordan1960
8752,12,31,15,0.29475,25.755,NASA_POWER_SARAH3_LiuJordan1960
8753,12,31,16,0.140469,24.488,NASA_POWER_SARAH3_LiuJordan1960
8754,12,31,17,0.0,22.971,NASA_POWER_SARAH3_LiuJordan1960
8755,12,31,18,0.0,21.28,NASA_POWER_SARAH3_LiuJordan1960
8756,12,31,19,0.0,19.5,NASA_POWER_SARAH3_LiuJordan1960
8757,12,31,20,0.0,15.5,NASA_POWER_SARAH3_LiuJordan1960
8758,12,31,21,0.0,15.5,NASA_POWER_SARAH3_LiuJordan1960
8759,12,31,22,0.0,15.5,NASA_POWER_SARAH3_LiuJordan1960
8760,12,31,23,0.0,15.5,NASA_POWER_SARAH3_LiuJordan1960
