hour_of_year,month,day,hour_of_day,national_load_MW,sandwip_load_kW,source
1,1,1,0,7502.5703,30.510453,PGCB_2025
2,1,1,1,6999.0362,28.462747,PGCB_2025
3,1,1,2,6682.3536,27.174905,PGCB_2025
4,1,1,3,6460.4126,26.272345,PGCB_2025
5,1,1,4,6274.4384,25.516049,PGCB_2025
6,1,1,5,6229.6993,25.33411,PGCB_2025
7,1,1,6,6566.5583,26.704004,PGCB_2025
8,1,1,7,6940.314,28.223944,PGCB_2025
9,1,1,8,7686.0094,31.256438,PGCB_2025
10,1,1,9,8235.4054,33.490649,PGCB_2025
11,1,1,10,8048.1591,32.72918,PGCB_2025
12,1,1,11,8250.2833,33.551152,PGCB_2025
13,1,1,12,8699.1919,35.376714,PGCB_2025
14,1,1,13,8917.5713,36.26479,PGCB_2025
15,1,1,14,8486.0408,34.509899,PGCB_2025
16,1,1,15,8152.8399,33.154882,PGCB_2025
17,1,1,16,7913.9506,32.183399,PGCB_2025
18,1,1,17,8147.6554,33.133799,PGCB_2025
19,1,1,18,9106.1597,37.031716,PGCB_2025
20,1,1,19,9006.1547,36.625029,PGCB_2025
21,1,1,20,8973.2583,36.49125,PGCB_2025
22,1,1,21,8739.5009,35.540637,PGCB_2025
23,1,1,22,8399.5979,34.158365,PGCB_2025
24,1,1,23,8002.6481,32.544102,PGCB_2025
25,1,2,0,7439.4619,30.253812,PGCB_2025
26,1,2,1,7109.9628,28.913849,PGCB_2025
27,1,2,2,6748.3482,27.443283,PGCB_2025
28,1,2,3,6449.2015,26.226753,PGCB_2025
29,1,2,4,6213.6897,25.269005,PGCB_2025
30,1,2,5,6098.9997,24.802599,PGCB_2025
31,1,2,6,6477.0626,26.340055,PGCB_2025
32,1,2,7,7052.6179,28.680646,PGCB_2025
33,1,2,8,7807.5593,31.750741,PGCB_2025
34,1,2,9,8192.3067,33.315381,PGCB_2025
35,1,2,10,7940.2327,32.29028,PGCB_2025
36,1,2,11,8135.8916,33.085959,PGCB_2025
37,1,2,12,8568.659,34.84588,PGCB_2025
38,1,2,13,8851.7083,35.996947,PGCB_2025
39,1,2,14,8363.8592,34.013027,PGCB_2025
40,1,2,15,8074.485,32.836239,PGCB_2025
41,1,2,16,7747.5914,31.506872,PGCB_2025
42,1,2,17,8050.361,32.738135,PGCB_2025
43,1,2,18,9067.5613,36.874749,PGCB_2025
44,1,2,19,8876.3236,36.097049,PGCB_2025
45,1,2,20,8746.4925,35.56907,PGCB_2025
46,1,2,21,8622.8021,35.066062,PGCB_2025
47,1,2,22,8272.7845,33.642657,PGCB_2025
48,1,2,23,7806.0943,31.744783,PGCB_2025
49,1,3,0,7469.2353,30.37489,PGCB_2025
50,1,3,1,6838.5018,27.809907,PGCB_2025
51,1,3,2,6527.0826,26.543469,PGCB_2025
52,1,3,3,6245.4895,25.398324,PGCB_2025
53,1,3,4,6070.0421,24.684838,PGCB_2025
54,1,3,5,5988.4591,24.353067,PGCB_2025
55,1,3,6,6442.8679,26.200996,PGCB_2025
56,1,3,7,6933.2434,28.19519,PGCB_2025
57,1,3,8,7800.4011,31.721631,PGCB_2025
58,1,3,9,8316.1375,33.818959,PGCB_2025
59,1,3,10,8320.2079,33.835512,PGCB_2025
60,1,3,11,8483.953,34.501409,PGCB_2025
61,1,3,12,8749.6155,35.58177,PGCB_2025
62,1,3,13,8899.816,36.192585,PGCB_2025
63,1,3,14,8558.1058,34.802964,PGCB_2025
64,1,3,15,8244.8708,33.529141,PGCB_2025
65,1,3,16,8035.4655,32.67756,PGCB_2025
66,1,3,17,8167.1125,33.212924,PGCB_2025
67,1,3,18,9117.4849,37.077772,PGCB_2025
68,1,3,19,9212.1475,37.462733,PGCB_2025
69,1,3,20,9067.7631,36.87557,PGCB_2025
70,1,3,21,8792.9861,35.758143,PGCB_2025
71,1,3,22,8425.5378,34.263854,PGCB_2025
72,1,3,23,7874.589,32.023329,PGCB_2025
73,1,4,0,7837.1699,31.871158,PGCB_2025
74,1,4,1,7799.7509,31.718987,PGCB_2025
75,1,4,2,7762.3318,31.566816,PGCB_2025
76,1,4,3,7724.9127,31.414645,PGCB_2025
77,1,4,4,7687.4936,31.262474,PGCB_2025
78,1,4,5,7650.0746,31.110303,PGCB_2025
79,1,4,6,7612.6555,30.958132,PGCB_2025
80,1,4,7,7575.2364,30.805961,PGCB_2025
81,1,4,8,7537.8173,30.65379,PGCB_2025
82,1,4,9,7500.3983,30.50162,PGCB_2025
83,1,4,10,7462.9792,30.349449,PGCB_2025
84,1,4,11,7425.5601,30.197278,PGCB_2025
85,1,4,12,7388.141,30.045107,PGCB_2025
86,1,4,13,7350.722,29.892936,PGCB_2025
87,1,4,14,7313.3029,29.740765,PGCB_2025
88,1,4,15,7275.8838,29.588594,PGCB_2025
89,1,4,16,7238.4647,29.436423,PGCB_2025
90,1,4,17,7201.0457,29.284253,PGCB_2025
91,1,4,18,7163.6266,29.132082,PGCB_2025
92,1,4,19,7126.2075,28.979911,PGCB_2025
93,1,4,20,7088.7884,28.827739,PGCB_2025
94,1,4,21,7051.3694,28.675569,PGCB_2025
95,1,4,22,7013.9503,28.523398,PGCB_2025
96,1,4,23,6976.5312,28.371227,PGCB_2025
97,1,5,0,6939.1121,28.219056,PGCB_2025
98,1,5,1,6398.778,26.021697,PGCB_2025
99,1,5,2,6079.3233,24.722581,PGCB_2025
100,1,5,3,5892.8227,23.964146,PGCB_2025
101,1,5,4,5621.6687,22.861453,PGCB_2025
102,1,5,5,5554.4022,22.587902,PGCB_2025
103,1,5,6,5945.2815,24.177478,PGCB_2025
104,1,5,7,6379.9086,25.944962,PGCB_2025
105,1,5,8,7204.7834,29.299452,PGCB_2025
106,1,5,9,7597.5663,30.89677,PGCB_2025
107,1,5,10,7585.9078,30.849358,PGCB_2025
108,1,5,11,7762.2763,31.56659,PGCB_2025
109,1,5,12,8288.3467,33.705943,PGCB_2025
110,1,5,13,8510.6912,34.610144,PGCB_2025
111,1,5,14,8293.3996,33.726492,PGCB_2025
112,1,5,15,7765.7853,31.58086,PGCB_2025
113,1,5,16,7546.1865,30.687825,PGCB_2025
114,1,5,17,7949.7507,32.328986,PGCB_2025
115,1,5,18,9140.4685,37.171239,PGCB_2025
116,1,5,19,9159.1712,37.247296,PGCB_2025
117,1,5,20,8904.4829,36.211564,PGCB_2025
118,1,5,21,8744.738,35.561935,PGCB_2025
119,1,5,22,8280.6796,33.674764,PGCB_2025
120,1,5,23,7953.0316,32.342329,PGCB_2025
121,1,6,0,7470.1125,30.378458,PGCB_2025
122,1,6,1,6976.228,28.369994,PGCB_2025
123,1,6,2,6538.5745,26.590203,PGCB_2025
124,1,6,3,6363.127,25.876716,PGCB_2025
125,1,6,4,6060.3925,24.645596,PGCB_2025
126,1,6,5,6030.1278,24.52252,PGCB_2025
127,1,6,6,6472.2553,26.320505,PGCB_2025
128,1,6,7,7019.0109,28.543978,PGCB_2025
129,1,6,8,7854.5266,31.941742,PGCB_2025
130,1,6,9,8201.2195,33.351626,PGCB_2025
131,1,6,10,8257.4504,33.580298,PGCB_2025
132,1,6,11,8276.0039,33.655749,PGCB_2025
133,1,6,12,8820.9612,35.871909,PGCB_2025
134,1,6,13,9004.4529,36.618108,PGCB_2025
135,1,6,14,8650.4877,35.17865,PGCB_2025
136,1,6,15,8164.9545,33.204148,PGCB_2025
137,1,6,16,8027.5178,32.645239,PGCB_2025
138,1,6,17,8172.2268,33.233722,PGCB_2025
139,1,6,18,9513.9522,38.690072,PGCB_2025
140,1,6,19,9253.0969,37.629261,PGCB_2025
141,1,6,20,9147.3899,37.199386,PGCB_2025
142,1,6,21,9044.5689,36.781247,PGCB_2025
143,1,6,22,8564.4044,34.828578,PGCB_2025
144,1,6,23,7916.1876,32.192496,PGCB_2025
145,1,7,0,7682.1934,31.24092,PGCB_2025
146,1,7,1,7300.2794,29.687803,PGCB_2025
147,1,7,2,6726.4874,27.354382,PGCB_2025
148,1,7,3,6453.8246,26.245553,PGCB_2025
149,1,7,4,6267.5257,25.487938,PGCB_2025
150,1,7,5,6213.2423,25.267185,PGCB_2025
151,1,7,6,6609.4377,26.87838,PGCB_2025
152,1,7,7,7353.5804,29.90456,PGCB_2025
153,1,7,8,8195.2192,33.327225,PGCB_2025
154,1,7,9,8363.2803,34.010673,PGCB_2025
155,1,7,10,8156.8664,33.171257,PGCB_2025
156,1,7,11,8270.0914,33.631705,PGCB_2025
157,1,7,12,8774.4501,35.682764,PGCB_2025
158,1,7,13,9080.5619,36.927618,PGCB_2025
159,1,7,14,8643.3031,35.149433,PGCB_2025
160,1,7,15,8388.4745,34.11313,PGCB_2025
161,1,7,16,8126.8473,33.049179,PGCB_2025
162,1,7,17,8286.0834,33.696739,PGCB_2025
163,1,7,18,9463.3005,38.484089,PGCB_2025
164,1,7,19,9433.3516,38.362297,PGCB_2025
165,1,7,20,9259.5095,37.655339,PGCB_2025
166,1,7,21,8908.7814,36.229044,PGCB_2025
167,1,7,22,8470.1628,34.445329,PGCB_2025
168,1,7,23,8034.6146,32.674099,PGCB_2025
169,1,8,0,7578.4513,30.819035,PGCB_2025
170,1,8,1,7153.8686,29.092399,PGCB_2025
171,1,8,2,6658.2296,27.0768,PGCB_2025
172,1,8,3,6638.9304,26.998317,PGCB_2025
173,1,8,4,6423.1301,26.120729,PGCB_2025
174,1,8,5,6273.9997,25.514265,PGCB_2025
175,1,8,6,6824.0274,27.751045,PGCB_2025
176,1,8,7,7344.229,29.866531,PGCB_2025
177,1,8,8,7842.4997,31.892832,PGCB_2025
178,1,8,9,8378.6056,34.072996,PGCB_2025
179,1,8,10,8045.931,32.720119,PGCB_2025
180,1,8,11,8358.9116,33.992907,PGCB_2025
181,1,8,12,8769.7393,35.663606,PGCB_2025
182,1,8,13,9088.1764,36.958584,PGCB_2025
183,1,8,14,8614.4683,35.032171,PGCB_2025
184,1,8,15,8248.6605,33.544553,PGCB_2025
185,1,8,16,8081.9854,32.866741,PGCB_2025
186,1,8,17,8284.6623,33.69096,PGCB_2025
187,1,8,18,9219.5251,37.492735,PGCB_2025
188,1,8,19,9414.4647,38.28549,PGCB_2025
189,1,8,20,9209.972,37.453886,PGCB_2025
190,1,8,21,9007.7162,36.631379,PGCB_2025
191,1,8,22,8565.8255,34.834357,PGCB_2025
192,1,8,23,8038.878,32.691437,PGCB_2025
193,1,9,0,7630.3311,31.030013,PGCB_2025
194,1,9,1,7218.3455,29.354605,PGCB_2025
195,1,9,2,6870.9596,27.941902,PGCB_2025
196,1,9,3,6602.525,26.850268,PGCB_2025
197,1,9,4,6375.3206,25.926304,PGCB_2025
198,1,9,5,6349.8808,25.822849,PGCB_2025
199,1,9,6,6642.8779,27.01437,PGCB_2025
200,1,9,7,7175.7995,29.181585,PGCB_2025
201,1,9,8,8007.6747,32.564544,PGCB_2025
202,1,9,9,8526.4639,34.674287,PGCB_2025
203,1,9,10,8311.9531,33.801943,PGCB_2025
204,1,9,11,8334.5946,33.894018,PGCB_2025
205,1,9,12,8757.1773,35.612521,PGCB_2025
206,1,9,13,8811.1975,35.832203,PGCB_2025
207,1,9,14,8295.4347,33.734768,PGCB_2025
208,1,9,15,8209.3515,33.384696,PGCB_2025
209,1,9,16,8002.3849,32.543032,PGCB_2025
210,1,9,17,8213.0973,33.399929,PGCB_2025
211,1,9,18,9219.104,37.491023,PGCB_2025
212,1,9,19,9393.5865,38.200585,PGCB_2025
213,1,9,20,9171.2507,37.29642,PGCB_2025
214,1,9,21,8919.6065,36.273066,PGCB_2025
215,1,9,22,8681.3752,35.304259,PGCB_2025
216,1,9,23,8055.6244,32.759539,PGCB_2025
217,1,10,0,7669.2541,31.1883,PGCB_2025
218,1,10,1,7039.7225,28.628205,PGCB_2025
219,1,10,2,6651.0801,27.047726,PGCB_2025
220,1,10,3,6463.2022,26.283689,PGCB_2025
221,1,10,4,6374.4522,25.922772,PGCB_2025
222,1,10,5,6279.2193,25.535492,PGCB_2025
223,1,10,6,6728.4437,27.362338,PGCB_2025
224,1,10,7,7329.1493,29.805207,PGCB_2025
225,1,10,8,8254.1344,33.566813,PGCB_2025
226,1,10,9,8430.8977,34.285651,PGCB_2025
227,1,10,10,8212.8516,33.39893,PGCB_2025
228,1,10,11,8408.379,34.194075,PGCB_2025
229,1,10,12,8923.9664,36.290797,PGCB_2025
230,1,10,13,9153.5305,37.224357,PGCB_2025
231,1,10,14,8736.4745,35.52833,PGCB_2025
232,1,10,15,8283.5394,33.686394,PGCB_2025
233,1,10,16,7964.3128,32.388205,PGCB_2025
234,1,10,17,8146.1992,33.127877,PGCB_2025
235,1,10,18,9220.2005,37.495482,PGCB_2025
236,1,10,19,9377.226,38.134052,PGCB_2025
237,1,10,20,9147.3899,37.199386,PGCB_2025
238,1,10,21,8982.4693,36.528708,PGCB_2025
239,1,10,22,8734.2112,35.519126,PGCB_2025
240,1,10,23,8178.0429,33.257374,PGCB_2025
241,1,11,0,7790.3041,31.68057,PGCB_2025
242,1,11,1,7284.1383,29.622162,PGCB_2025
243,1,11,2,7007.8086,28.498422,PGCB_2025
244,1,11,3,6645.5097,27.025073,PGCB_2025
245,1,11,4,6307.7734,25.651612,PGCB_2025
246,1,11,5,6245.4895,25.398324,PGCB_2025
247,1,11,6,6462.1671,26.27948,PGCB_2025
248,1,11,7,6513.9416,26.490029,PGCB_2025
249,1,11,8,6842.0195,27.824213,PGCB_2025
250,1,11,9,7353.3961,29.903811,PGCB_2025
251,1,11,10,7205.9852,29.30434,PGCB_2025
252,1,11,11,7416.4432,30.160202,PGCB_2025
253,1,11,12,7913.0559,32.179761,PGCB_2025
254,1,11,13,8533.052,34.701078,PGCB_2025
255,1,11,14,7243.0309,29.454992,PGCB_2025
256,1,11,15,6605.6919,26.863147,PGCB_2025
257,1,11,16,6392.1987,25.994941,PGCB_2025
258,1,11,17,6753.4712,27.464116,PGCB_2025
259,1,11,18,7820.1301,31.801862,PGCB_2025
260,1,11,19,8057.8614,32.768636,PGCB_2025
261,1,11,20,8163.1298,33.196728,PGCB_2025
262,1,11,21,8074.9061,32.837951,PGCB_2025
263,1,11,22,7818.7178,31.796119,PGCB_2025
264,1,11,23,7495.2103,30.480522,PGCB_2025
265,1,12,0,7017.9845,28.539804,PGCB_2025
266,1,12,1,6618.6837,26.91598,PGCB_2025
267,1,12,2,6301.8345,25.62746,PGCB_2025
268,1,12,3,6118.8165,24.883187,PGCB_2025
269,1,12,4,5920.8767,24.078232,PGCB_2025
270,1,12,5,5785.3085,23.526921,PGCB_2025
271,1,12,6,6114.8602,24.867098,PGCB_2025
272,1,12,7,6608.4815,26.874491,PGCB_2025
273,1,12,8,7526.8961,30.609377,PGCB_2025
274,1,12,9,7770.8382,31.601409,PGCB_2025
275,1,12,10,7592.1625,30.874794,PGCB_2025
276,1,12,11,7721.3796,31.400277,PGCB_2025
277,1,12,12,8253.687,33.564994,PGCB_2025
278,1,12,13,8584.23,34.909202,PGCB_2025
279,1,12,14,8430.7398,34.285009,PGCB_2025
280,1,12,15,7868.2203,31.997429,PGCB_2025
281,1,12,16,7672.0788,31.199787,PGCB_2025
282,1,12,17,7841.8593,31.890228,PGCB_2025
283,1,12,18,9299.1519,37.816551,PGCB_2025
284,1,12,19,9408.8065,38.26248,PGCB_2025
285,1,12,20,9132.4768,37.138739,PGCB_2025
286,1,12,21,9018.436,36.674973,PGCB_2025
287,1,12,22,8492.971,34.538082,PGCB_2025
288,1,12,23,8156.9892,33.171756,PGCB_2025
289,1,13,0,7686.7901,31.259613,PGCB_2025
290,1,13,1,7185.0105,29.219043,PGCB_2025
291,1,13,2,6817.4481,27.724289,PGCB_2025
292,1,13,3,6542.8729,26.607683,PGCB_2025
293,1,13,4,6296.3693,25.605235,PGCB_2025
294,1,13,5,6331.4588,25.747932,PGCB_2025
295,1,13,6,6611.2974,26.885943,PGCB_2025
296,1,13,7,7304.0515,29.703143,PGCB_2025
297,1,13,8,8161.4719,33.189986,PGCB_2025
298,1,13,9,8550.3686,34.771499,PGCB_2025
299,1,13,10,8349.1129,33.953059,PGCB_2025
300,1,13,11,8469.6979,34.443438,PGCB_2025
301,1,13,12,8810.4694,35.829242,PGCB_2025
302,1,13,13,9171.4349,37.297169,PGCB_2025
303,1,13,14,8735.2463,35.523335,PGCB_2025
304,1,13,15,8363.9557,34.01342,PGCB_2025
305,1,13,16,8246.0726,33.534029,PGCB_2025
306,1,13,17,8344.7442,33.935293,PGCB_2025
307,1,13,18,9444.7732,38.408744,PGCB_2025
308,1,13,19,9627.6772,39.152554,PGCB_2025
309,1,13,20,9297.836,37.8112,PGCB_2025
310,1,13,21,9175.9001,37.315327,PGCB_2025
311,1,13,22,8810.0922,35.827708,PGCB_2025
312,1,13,23,8271.4686,33.637306,PGCB_2025
313,1,14,0,7900.3973,32.128282,PGCB_2025
314,1,14,1,7449.4975,30.294623,PGCB_2025
315,1,14,2,7025.7919,28.571554,PGCB_2025
316,1,14,3,6822.2729,27.74391,PGCB_2025
317,1,14,4,6584.5417,26.777136,PGCB_2025
318,1,14,5,6575.7693,26.741462,PGCB_2025
319,1,14,6,6829.8172,27.77459,PGCB_2025
320,1,14,7,7606.6633,30.933764,PGCB_2025
321,1,14,8,8235.0019,33.489008,PGCB_2025
322,1,14,9,8580.3614,34.89347,PGCB_2025
323,1,14,10,8454.8024,34.382863,PGCB_2025
324,1,14,11,8549.351,34.767361,PGCB_2025
325,1,14,12,8934.3353,36.332964,PGCB_2025
326,1,14,13,9140.6965,37.172166,PGCB_2025
327,1,14,14,8888.5172,36.146637,PGCB_2025
328,1,14,15,8545.4298,34.751415,PGCB_2025
329,1,14,16,8359.9468,33.997117,PGCB_2025
330,1,14,17,8522.3584,34.657591,PGCB_2025
331,1,14,18,9445.6505,38.412312,PGCB_2025
332,1,14,19,9786.0185,39.796475,PGCB_2025
333,1,14,20,9400.4728,38.228589,PGCB_2025
334,1,14,21,9334.8028,37.961531,PGCB_2025
335,1,14,22,8829.7686,35.907726,PGCB_2025
336,1,14,23,8317.2955,33.823668,PGCB_2025
337,1,15,0,7977.5503,32.442038,PGCB_2025
338,1,15,1,7464.0596,30.353842,PGCB_2025
339,1,15,2,7079.0929,28.788311,PGCB_2025
340,1,15,3,6733.1544,27.381495,PGCB_2025
341,1,15,4,6594.7176,26.818518,PGCB_2025
342,1,15,5,6552.698,26.647639,PGCB_2025
343,1,15,6,6891.1624,28.02406,PGCB_2025
344,1,15,7,7602.049,30.914999,PGCB_2025
345,1,15,8,8212.299,33.396683,PGCB_2025
346,1,15,9,8646.0138,35.160456,PGCB_2025
347,1,15,10,8490.8832,34.529592,PGCB_2025
348,1,15,11,8521.3496,34.653488,PGCB_2025
349,1,15,12,8987.259,36.548187,PGCB_2025
350,1,15,13,9181.6723,37.338801,PGCB_2025
351,1,15,14,8959.4945,36.435278,PGCB_2025
352,1,15,15,8546.1666,34.754411,PGCB_2025
353,1,15,16,8348.4374,33.950312,PGCB_2025
354,1,15,17,8524.0778,34.664583,PGCB_2025
355,1,15,18,9388.016,38.177932,PGCB_2025
356,1,15,19,9563.9196,38.893273,PGCB_2025
357,1,15,20,9409.596,38.26569,PGCB_2025
358,1,15,21,9174.5842,37.309976,PGCB_2025
359,1,15,22,8882.4643,36.122021,PGCB_2025
360,1,15,23,8270.1528,33.631955,PGCB_2025
361,1,16,0,7865.7465,31.987369,PGCB_2025
362,1,16,1,7382.7836,30.02332,PGCB_2025
363,1,16,2,6989.6585,28.424611,PGCB_2025
364,1,16,3,6743.7602,27.424625,PGCB_2025
365,1,16,4,6514.8013,26.493525,PGCB_2025
366,1,16,5,6461.2899,26.275912,PGCB_2025
367,1,16,6,6937.6296,28.213027,PGCB_2025
368,1,16,7,7495.298,30.480879,PGCB_2025
369,1,16,8,8216.3781,33.413271,PGCB_2025
370,1,16,9,8495.2869,34.5475,PGCB_2025
371,1,16,10,8333.1296,33.88806,PGCB_2025
372,1,16,11,8403.5454,34.174418,PGCB_2025
373,1,16,12,8905.0005,36.213669,PGCB_2025
374,1,16,13,9155.1797,37.231064,PGCB_2025
375,1,16,14,8815.2504,35.848685,PGCB_2025
376,1,16,15,8589.0899,34.928966,PGCB_2025
377,1,16,16,8202.3511,33.356228,PGCB_2025
378,1,16,17,8307.7862,33.784997,PGCB_2025
379,1,16,18,9279.2386,37.73557,PGCB_2025
380,1,16,19,9555.7437,38.860024,PGCB_2025
381,1,16,20,9447.405,38.419447,PGCB_2025
382,1,16,21,9350.6018,38.025781,PGCB_2025
383,1,16,22,8821.3384,35.873443,PGCB_2025
384,1,16,23,8360.3327,33.998686,PGCB_2025
385,1,17,0,7952.1543,32.338761,PGCB_2025
386,1,17,1,7515.0358,30.561146,PGCB_2025
387,1,17,2,7072.2855,28.760628,PGCB_2025
388,1,17,3,6799.4648,27.651157,PGCB_2025
389,1,17,4,6648.58,27.037559,PGCB_2025
390,1,17,5,6602.0864,26.848485,PGCB_2025
391,1,17,6,6954.2971,28.280808,PGCB_2025
392,1,17,7,7637.5595,31.059409,PGCB_2025
393,1,17,8,8370.3859,34.039569,PGCB_2025
394,1,17,9,8797.0214,35.774554,PGCB_2025
395,1,17,10,8595.9323,34.956791,PGCB_2025
396,1,17,11,8677.1469,35.287064,PGCB_2025
397,1,17,12,9073.8072,36.900149,PGCB_2025
398,1,17,13,9356.0056,38.047756,PGCB_2025
399,1,17,14,9062.4909,36.85413,PGCB_2025
400,1,17,15,8774.4237,35.682656,PGCB_2025
401,1,17,16,8425.7395,34.264674,PGCB_2025
402,1,17,17,8552.2196,34.779026,PGCB_2025
403,1,17,18,9465.3883,38.492579,PGCB_2025
404,1,17,19,9596.9739,39.027694,PGCB_2025
405,1,17,20,9499.3374,38.630639,PGCB_2025
406,1,17,21,9220.2005,37.495482,PGCB_2025
407,1,17,22,8887.7277,36.143426,PGCB_2025
408,1,17,23,8317.9622,33.82638,PGCB_2025
409,1,18,0,7897.327,32.115796,PGCB_2025
410,1,18,1,7410.013,30.134053,PGCB_2025
411,1,18,2,7116.0947,28.938785,PGCB_2025
412,1,18,3,6896.8381,28.047142,PGCB_2025
413,1,18,4,6688.0557,27.198093,PGCB_2025
414,1,18,5,6552.5225,26.646925,PGCB_2025
415,1,18,6,6797.7103,27.644022,PGCB_2025
416,1,18,7,6915.6197,28.12352,PGCB_2025
417,1,18,8,7432.5492,30.2257,PGCB_2025
418,1,18,9,7715.3617,31.375804,PGCB_2025
419,1,18,10,7538.9844,30.658537,PGCB_2025
420,1,18,11,7680.0003,31.232001,PGCB_2025
421,1,18,12,8304.6896,33.772404,PGCB_2025
422,1,18,13,8944.2305,36.373204,PGCB_2025
423,1,18,14,7602.5578,30.917068,PGCB_2025
424,1,18,15,7015.9493,28.531527,PGCB_2025
425,1,18,16,6612.7098,26.891687,PGCB_2025
426,1,18,17,6862.4416,27.907263,PGCB_2025
427,1,18,18,8263.1349,33.603415,PGCB_2025
428,1,18,19,8407.0018,34.188474,PGCB_2025
429,1,18,20,8380.6846,34.081451,PGCB_2025
430,1,18,21,8392.0887,34.127827,PGCB_2025
431,1,18,22,8111.3729,32.98625,PGCB_2025
432,1,18,23,7732.4064,31.445119,PGCB_2025
433,1,19,0,7336.7725,29.836208,PGCB_2025
434,1,19,1,7063.9518,28.726737,PGCB_2025
435,1,19,2,6500.7655,26.436446,PGCB_2025
436,1,19,3,6333.2132,25.755067,PGCB_2025
437,1,19,4,6133.2032,24.941693,PGCB_2025
438,1,19,5,6134.0804,24.94526,PGCB_2025
439,1,19,6,6529.7144,26.554172,PGCB_2025
440,1,19,7,7180.8173,29.20199,PGCB_2025
441,1,19,8,7801.7959,31.727303,PGCB_2025
442,1,19,9,8005.7535,32.556731,PGCB_2025
443,1,19,10,8023.9913,32.630898,PGCB_2025
444,1,19,11,7979.4539,32.449779,PGCB_2025
445,1,19,12,8571.7557,34.858473,PGCB_2025
446,1,19,13,8899.4651,36.191158,PGCB_2025
447,1,19,14,8496.8747,34.553957,PGCB_2025
448,1,19,15,8055.177,32.75772,PGCB_2025
449,1,19,16,7820.1301,31.801862,PGCB_2025
450,1,19,17,8244.0111,33.525645,PGCB_2025
451,1,19,18,9216.9811,37.48239,PGCB_2025
452,1,19,19,9474.5993,38.530037,PGCB_2025
453,1,19,20,9317.8019,37.892394,PGCB_2025
454,1,19,21,9144.4599,37.18747,PGCB_2025
455,1,19,22,8746.9487,35.570925,PGCB_2025
456,1,19,23,8347.1566,33.945104,PGCB_2025
457,1,20,0,7939.8291,32.288638,PGCB_2025
458,1,20,1,7409.7498,30.132983,PGCB_2025
459,1,20,2,7094.1463,28.849528,PGCB_2025
460,1,20,3,6830.7383,27.778336,PGCB_2025
461,1,20,4,6663.3614,27.09767,PGCB_2025
462,1,20,5,6518.7928,26.509757,PGCB_2025
463,1,20,6,6984.5706,28.40392,PGCB_2025
464,1,20,7,7722.2656,31.40388,PGCB_2025
465,1,20,8,8572.3259,34.860792,PGCB_2025
466,1,20,9,8624.0478,35.071128,PGCB_2025
467,1,20,10,8538.9382,34.725015,PGCB_2025
468,1,20,11,8576.6068,34.878201,PGCB_2025
469,1,20,12,8828.2335,35.901483,PGCB_2025
470,1,20,13,9293.8271,37.794897,PGCB_2025
471,1,20,14,8935.9933,36.339706,PGCB_2025
472,1,20,15,8677.068,35.286743,PGCB_2025
473,1,20,16,8423.9061,34.257218,PGCB_2025
474,1,20,17,8436.3102,34.307661,PGCB_2025
475,1,20,18,9365.1903,38.085107,PGCB_2025
476,1,20,19,9637.6514,39.193116,PGCB_2025
477,1,20,20,9470.1166,38.511808,PGCB_2025
478,1,20,21,9301.0467,37.824257,PGCB_2025
479,1,20,22,8731.0707,35.506354,PGCB_2025
480,1,20,23,8426.3361,34.2671,PGCB_2025
481,1,21,0,7909.4592,32.165134,PGCB_2025
482,1,21,1,7402.6969,30.104301,PGCB_2025
483,1,21,2,7102.9976,28.885524,PGCB_2025
484,1,21,3,6803.1141,27.665997,PGCB_2025
485,1,21,4,6624.5086,26.939668,PGCB_2025
486,1,21,5,6598.5862,26.834251,PGCB_2025
487,1,21,6,6987.2549,28.414837,PGCB_2025
488,1,21,7,7676.351,31.217161,PGCB_2025
489,1,21,8,8436.126,34.306912,PGCB_2025
490,1,21,9,8477.3299,34.474475,PGCB_2025
491,1,21,10,8556.6145,34.796899,PGCB_2025
492,1,21,11,8583.958,34.908096,PGCB_2025
493,1,21,12,9104.9755,37.0269,PGCB_2025
494,1,21,13,9251.0793,37.621056,PGCB_2025
495,1,21,14,8974.0654,36.494533,PGCB_2025
496,1,21,15,8555.018,34.790407,PGCB_2025
497,1,21,16,8399.7821,34.159114,PGCB_2025
498,1,21,17,8563.8693,34.826402,PGCB_2025
499,1,21,18,9331.6097,37.948546,PGCB_2025
500,1,21,19,9620.2207,39.122231,PGCB_2025
501,1,21,20,9428.983,38.344531,PGCB_2025
502,1,21,21,9189.4972,37.370622,PGCB_2025
503,1,21,22,8848.252,35.982891,PGCB_2025
504,1,21,23,8428.9327,34.27766,PGCB_2025
505,1,22,0,8035.9305,32.679451,PGCB_2025
506,1,22,1,7379.7571,30.011012,PGCB_2025
507,1,22,2,7135.8852,29.019266,PGCB_2025
508,1,22,3,6770.0773,27.531648,PGCB_2025
509,1,22,4,6627.0877,26.950157,PGCB_2025
510,1,22,5,6454.272,26.247373,PGCB_2025
511,1,22,6,6766.5684,27.517378,PGCB_2025
512,1,22,7,7629.1819,31.02534,PGCB_2025
513,1,22,8,8415.3267,34.222329,PGCB_2025
514,1,22,9,8851.8399,35.997482,PGCB_2025
515,1,22,10,8667.2078,35.246645,PGCB_2025
516,1,22,11,8698.4989,35.373896,PGCB_2025
517,1,22,12,8803.4252,35.800596,PGCB_2025
518,1,22,13,9308.1173,37.85301,PGCB_2025
519,1,22,14,9018.8308,36.676579,PGCB_2025
520,1,22,15,8536.3504,34.714492,PGCB_2025
521,1,22,16,8450.2495,34.364348,PGCB_2025
522,1,22,17,8528.7359,34.683526,PGCB_2025
523,1,22,18,9358.1198,38.056354,PGCB_2025
524,1,22,19,9708.6374,39.481792,PGCB_2025
525,1,22,20,9532.918,38.7672,PGCB_2025
526,1,22,21,9365.2254,38.08525,PGCB_2025
527,1,22,22,8915.3782,36.255871,PGCB_2025
528,1,22,23,8420.5989,34.243769,PGCB_2025
529,1,23,0,7991.63,32.499295,PGCB_2025
530,1,23,1,7481.078,30.423051,PGCB_2025
531,1,23,2,6969.6488,28.343238,PGCB_2025
532,1,23,3,6818.764,27.72964,PGCB_2025
533,1,23,4,6688.9329,27.20166,PGCB_2025
534,1,23,5,6644.1938,27.019721,PGCB_2025
535,1,23,6,6809.553,27.692182,PGCB_2025
536,1,23,7,7595.3469,30.887744,PGCB_2025
537,1,23,8,8379.5179,34.076706,PGCB_2025
538,1,23,9,8840.5236,35.951463,PGCB_2025
539,1,23,10,8695.0338,35.359804,PGCB_2025
540,1,23,11,8827.3562,35.897915,PGCB_2025
541,1,23,12,9142.9072,37.181156,PGCB_2025
542,1,23,13,9388.9897,38.181891,PGCB_2025
543,1,23,14,9016.6026,36.667517,PGCB_2025
544,1,23,15,8511.5421,34.613605,PGCB_2025
545,1,23,16,8353.8675,33.972395,PGCB_2025
546,1,23,17,8555.4917,34.792333,PGCB_2025
547,1,23,18,9537.006,38.783824,PGCB_2025
548,1,23,19,9712.2692,39.496561,PGCB_2025
549,1,23,20,9580.166,38.959342,PGCB_2025
550,1,23,21,9457.0546,38.458689,PGCB_2025
551,1,23,22,8891.2366,36.157696,PGCB_2025
552,1,23,23,8453.0567,34.375764,PGCB_2025
553,1,24,0,7968.3832,32.404758,PGCB_2025
554,1,24,1,7421.8645,30.182249,PGCB_2025
555,1,24,2,6874.0299,27.954388,PGCB_2025
556,1,24,3,6784.5517,27.59051,PGCB_2025
557,1,24,4,6478.396,26.345477,PGCB_2025
558,1,24,5,6416.1122,26.09219,PGCB_2025
559,1,24,6,6878.8547,27.974009,PGCB_2025
560,1,24,7,7538.3791,30.656075,PGCB_2025
561,1,24,8,8354.1044,33.973358,PGCB_2025
562,1,24,9,8950.7396,36.399674,PGCB_2025
563,1,24,10,8959.5383,36.435456,PGCB_2025
564,1,24,11,9054.3764,36.821131,PGCB_2025
565,1,24,12,9248.7897,37.611745,PGCB_2025
566,1,24,13,9539.1552,38.792564,PGCB_2025
567,1,24,14,9056.5081,36.8298,PGCB_2025
568,1,24,15,8798.2407,35.779512,PGCB_2025
569,1,24,16,8513.1387,34.620097,PGCB_2025
570,1,24,17,8647.5139,35.166557,PGCB_2025
571,1,24,18,9311.7139,37.867637,PGCB_2025
572,1,24,19,9553.9893,38.85289,PGCB_2025
573,1,24,20,9535.1287,38.77619,PGCB_2025
574,1,24,21,9246.9914,37.604432,PGCB_2025
575,1,24,22,8889.7278,36.15156,PGCB_2025
576,1,24,23,8481.4616,34.491277,PGCB_2025
577,1,25,0,8088.0647,32.891463,PGCB_2025
578,1,25,1,7425.3296,30.19634,PGCB_2025
579,1,25,2,7043.6174,28.644044,PGCB_2025
580,1,25,3,6746.8305,27.437111,PGCB_2025
581,1,25,4,6541.8641,26.603581,PGCB_2025
582,1,25,5,6335.5555,25.764592,PGCB_2025
583,1,25,6,6400.6816,26.029439,PGCB_2025
584,1,25,7,6487.5017,26.382507,PGCB_2025
585,1,25,8,7150.7193,29.079592,PGCB_2025
586,1,25,9,7644.4283,31.087342,PGCB_2025
587,1,25,10,7925.2933,32.229526,PGCB_2025
588,1,25,11,8062.2563,32.786509,PGCB_2025
589,1,25,12,8507.1559,34.595767,PGCB_2025
590,1,25,13,9119.1165,37.084407,PGCB_2025
591,1,25,14,7745.8194,31.499666,PGCB_2025
592,1,25,15,7211.3627,29.326208,PGCB_2025
593,1,25,16,6833.6682,27.790251,PGCB_2025
594,1,25,17,7129.9902,28.995293,PGCB_2025
595,1,25,18,8092.9509,32.911334,PGCB_2025
596,1,25,19,8539.4646,34.727156,PGCB_2025
597,1,25,20,8433.3189,34.295497,PGCB_2025
598,1,25,21,8414.8969,34.220581,PGCB_2025
599,1,25,22,8205.2372,33.367965,PGCB_2025
600,1,25,23,7882.8526,32.056934,PGCB_2025
601,1,26,0,7375.8095,29.994959,PGCB_2025
602,1,26,1,7073.1627,28.764195,PGCB_2025
603,1,26,2,6598.5775,26.834215,PGCB_2025
604,1,26,3,6374.4434,25.922736,PGCB_2025
605,1,26,4,6134.9577,24.948828,PGCB_2025
606,1,26,5,6113.0267,24.859642,PGCB_2025
607,1,26,6,6537.6095,26.586279,PGCB_2025
608,1,26,7,7089.6373,28.831192,PGCB_2025
609,1,26,8,7891.1513,32.090682,PGCB_2025
610,1,26,9,8321.1115,33.839187,PGCB_2025
611,1,26,10,8318.0762,33.826843,PGCB_2025
612,1,26,11,8384.6498,34.097576,PGCB_2025
613,1,26,12,8691.8845,35.346997,PGCB_2025
614,1,26,13,9157.4956,37.240482,PGCB_2025
615,1,26,14,8878.7799,36.107038,PGCB_2025
616,1,26,15,8220.3432,33.429396,PGCB_2025
617,1,26,16,8101.6092,32.946544,PGCB_2025
618,1,26,17,8204.6144,33.365432,PGCB_2025
619,1,26,18,9313.1877,37.87363,PGCB_2025
620,1,26,19,9674.6094,39.343412,PGCB_2025
621,1,26,20,9428.983,38.344531,PGCB_2025
622,1,26,21,9243.6316,37.590769,PGCB_2025
623,1,26,22,8779.0906,35.701635,PGCB_2025
624,1,26,23,8426.6957,34.268563,PGCB_2025
625,1,27,0,7942.4345,32.299234,PGCB_2025
626,1,27,1,7429.207,30.212108,PGCB_2025
627,1,27,2,7087.7512,28.823522,PGCB_2025
628,1,27,3,6775.0513,27.551875,PGCB_2025
629,1,27,4,6672.783,27.135984,PGCB_2025
630,1,27,5,6533.8549,26.57101,PGCB_2025
631,1,27,6,6894.4345,28.037367,PGCB_2025
632,1,27,7,7677.1756,31.220514,PGCB_2025
633,1,27,8,8582.5544,34.902388,PGCB_2025
634,1,27,9,9033.7613,36.737296,PGCB_2025
635,1,27,10,8827.1808,35.897202,PGCB_2025
636,1,27,11,8857.1998,36.019279,PGCB_2025
637,1,27,12,9291.9235,37.787156,PGCB_2025
638,1,27,13,9465.8357,38.494399,PGCB_2025
639,1,27,14,9014.12,36.657421,PGCB_2025
640,1,27,15,8703.5605,35.394479,PGCB_2025
641,1,27,16,8301.3912,33.758991,PGCB_2025
642,1,27,17,8282.7587,33.683219,PGCB_2025
643,1,27,18,9423.6845,38.322984,PGCB_2025
644,1,27,19,9621.9751,39.129365,PGCB_2025
645,1,27,20,9493.7143,38.607771,PGCB_2025
646,1,27,21,9302.6608,37.830821,PGCB_2025
647,1,27,22,8807.8991,35.81879,PGCB_2025
648,1,27,23,8356.1045,33.981492,PGCB_2025
649,1,28,0,7903.2484,32.139877,PGCB_2025
650,1,28,1,7439.6724,30.254668,PGCB_2025
651,1,28,2,7157.9653,29.109059,PGCB_2025
652,1,28,3,6945.0861,28.24335,PGCB_2025
653,1,28,4,6695.9508,27.2302,PGCB_2025
654,1,28,5,6667.002,27.112475,PGCB_2025
655,1,28,6,7043.7402,28.644543,PGCB_2025
656,1,28,7,7783.5406,31.653065,PGCB_2025
657,1,28,8,8667.2692,35.246895,PGCB_2025
658,1,28,9,9014.5499,36.65917,PGCB_2025
659,1,28,10,8777.8187,35.696463,PGCB_2025
660,1,28,11,8953.3889,36.410448,PGCB_2025
661,1,28,12,9298.3448,37.813269,PGCB_2025
662,1,28,13,9651.8451,39.250837,PGCB_2025
663,1,28,14,9259.0271,37.653377,PGCB_2025
664,1,28,15,8776.301,35.690291,PGCB_2025
665,1,28,16,8484.839,34.505012,PGCB_2025
666,1,28,17,8687.7615,35.33023,PGCB_2025
667,1,28,18,9360.8918,38.067627,PGCB_2025
668,1,28,19,9672.0829,39.333137,PGCB_2025
669,1,28,20,9475.266,38.532748,PGCB_2025
670,1,28,21,9343.5752,37.997206,PGCB_2025
671,1,28,22,8871.3672,36.076893,PGCB_2025
672,1,28,23,8471.9348,34.452535,PGCB_2025
673,1,29,0,8156.9804,33.17172,PGCB_2025
674,1,29,1,7589.9782,30.865911,PGCB_2025
675,1,29,2,7294.8844,29.665863,PGCB_2025
676,1,29,3,6868.1524,27.930486,PGCB_2025
677,1,29,4,6753.401,27.463831,PGCB_2025
678,1,29,5,6727.7857,27.359662,PGCB_2025
679,1,29,6,7079.5841,28.790309,PGCB_2025
680,1,29,7,7717.7215,31.385401,PGCB_2025
681,1,29,8,8486.7602,34.512825,PGCB_2025
682,1,29,9,9013.4358,36.654639,PGCB_2025
683,1,29,10,8994.6717,36.578332,PGCB_2025
684,1,29,11,9100.484,37.008635,PGCB_2025
685,1,29,12,9504.6973,38.652436,PGCB_2025
686,1,29,13,9794.8172,39.832257,PGCB_2025
687,1,29,14,9538.971,38.791815,PGCB_2025
688,1,29,15,8855.5769,36.012679,PGCB_2025
689,1,29,16,8477.6457,34.475759,PGCB_2025
690,1,29,17,8748.4312,35.576954,PGCB_2025
691,1,29,18,9421.9651,38.315991,PGCB_2025
692,1,29,19,9807.9494,39.885661,PGCB_2025
693,1,29,20,9544.7783,38.815432,PGCB_2025
694,1,29,21,9443.7557,38.404607,PGCB_2025
695,1,29,22,8973.6882,36.492999,PGCB_2025
696,1,29,23,8498.252,34.559558,PGCB_2025
697,1,30,0,8033.2023,32.668356,PGCB_2025
698,1,30,1,7396.1527,30.077688,PGCB_2025
699,1,30,2,7228.9425,29.3977,PGCB_2025
700,1,30,3,6865.2663,27.91875,PGCB_2025
701,1,30,4,6694.5735,27.224599,PGCB_2025
702,1,30,5,6580.6555,26.761332,PGCB_2025
703,1,30,6,7025.6954,28.571161,PGCB_2025
704,1,30,7,7757.3287,31.54647,PGCB_2025
705,1,30,8,8541.9559,34.737287,PGCB_2025
706,1,30,9,9044.4549,36.780783,PGCB_2025
707,1,30,10,9005.7599,36.623424,PGCB_2025
708,1,30,11,9140.1965,37.170132,PGCB_2025
709,1,30,12,9485.4507,38.574166,PGCB_2025
710,1,30,13,9757.9557,39.682353,PGCB_2025
711,1,30,14,9300.9765,37.823971,PGCB_2025
712,1,30,15,8906.29,36.218913,PGCB_2025
713,1,30,16,8582.0456,34.900319,PGCB_2025
714,1,30,17,8723.2106,35.47439,PGCB_2025
715,1,30,18,9633.5898,39.176599,PGCB_2025
716,1,30,19,9773.5091,39.745604,PGCB_2025
717,1,30,20,9668.5915,39.318939,PGCB_2025
718,1,30,21,9422.8423,38.319559,PGCB_2025
719,1,30,22,8977.2059,36.507304,PGCB_2025
720,1,30,23,8443.8457,34.338306,PGCB_2025
721,1,31,0,8011.3678,32.579562,PGCB_2025
722,1,31,1,7595.9961,30.890384,PGCB_2025
723,1,31,2,7172.2905,29.167315,PGCB_2025
724,1,31,3,6956.9288,28.29151,PGCB_2025
725,1,31,4,6750.7781,27.453164,PGCB_2025
726,1,31,5,6663.0544,27.096421,PGCB_2025
727,1,31,6,7141.1486,29.040671,PGCB_2025
728,1,31,7,7862.5358,31.974312,PGCB_2025
729,1,31,8,8613.5034,35.028247,PGCB_2025
730,1,31,9,9156.9254,37.238163,PGCB_2025
731,1,31,10,8950.6168,36.399175,PGCB_2025
732,1,31,11,9051.8675,36.810928,PGCB_2025
733,1,31,12,9487.907,38.584155,PGCB_2025
734,1,31,13,9640.3883,39.204246,PGCB_2025
735,1,31,14,9206.1648,37.438404,PGCB_2025
736,1,31,15,8944.2218,36.373169,PGCB_2025
737,1,31,16,8649.1981,35.173406,PGCB_2025
738,1,31,17,8780.6784,35.708092,PGCB_2025
739,1,31,18,9475.0379,38.531821,PGCB_2025
740,1,31,19,9847.8637,40.047979,PGCB_2025
741,1,31,20,9558.3755,38.870727,PGCB_2025
742,1,31,21,9423.2458,38.3212,PGCB_2025
743,1,31,22,9031.6998,36.728913,PGCB_2025
744,1,31,23,8553.8074,34.785483,PGCB_2025
745,2,1,0,8195.0525,33.326547,PGCB_2025
746,2,1,1,7715.388,31.375911,PGCB_2025
747,2,1,2,7339.5358,29.847446,PGCB_2025
748,2,1,3,7056.1882,28.695165,PGCB_2025
749,2,1,4,6807.0178,27.681872,PGCB_2025
750,2,1,5,6716.0571,27.311966,PGCB_2025
751,2,1,6,6834.3963,27.793212,PGCB_2025
752,2,1,7,7109.3312,28.91128,PGCB_2025
753,2,1,8,7650.1918,31.11078,PGCB_2025
754,2,1,9,8022.3684,32.624298,PGCB_2025
755,2,1,10,8074.678,32.837024,PGCB_2025
756,2,1,11,8265.6262,33.613547,PGCB_2025
757,2,1,12,8678.6733,35.293271,PGCB_2025
758,2,1,13,9267.2205,37.686697,PGCB_2025
759,2,1,14,7904.3186,32.144229,PGCB_2025
760,2,1,15,7497.1841,30.488549,PGCB_2025
761,2,1,16,7182.677,29.209553,PGCB_2025
762,2,1,17,7293.0159,29.658265,PGCB_2025
763,2,1,18,8187.6749,33.296545,PGCB_2025
764,2,1,19,8494.0675,34.542541,PGCB_2025
765,2,1,20,8570.703,34.854192,PGCB_2025
766,2,1,21,8479.3738,34.482787,PGCB_2025
767,2,1,22,8277.5917,33.662206,PGCB_2025
768,2,1,23,7929.3462,32.246008,PGCB_2025
769,2,2,0,7558.1257,30.736378,PGCB_2025
770,2,2,1,7150.3596,29.078129,PGCB_2025
771,2,2,2,6778.4111,27.565538,PGCB_2025
772,2,2,3,6483.6594,26.366882,PGCB_2025
773,2,2,4,6324.0023,25.717609,PGCB_2025
774,2,2,5,6208.207,25.246708,PGCB_2025
775,2,2,6,6531.0302,26.559523,PGCB_2025
776,2,2,7,7177.2382,29.187435,PGCB_2025
777,2,2,8,7920.2404,32.208978,PGCB_2025
778,2,2,9,8369.6139,34.03643,PGCB_2025
779,2,2,10,8440.2754,34.323787,PGCB_2025
780,2,2,11,8603.9766,34.989505,PGCB_2025
781,2,2,12,9059.1749,36.840645,PGCB_2025
782,2,2,13,9231.3853,37.540967,PGCB_2025
783,2,2,14,9066.2016,36.86922,PGCB_2025
784,2,2,15,8769.4849,35.662572,PGCB_2025
785,2,2,16,8528.0605,34.680779,PGCB_2025
786,2,2,17,8477.8036,34.476401,PGCB_2025
787,2,2,18,9404.973,38.24689,PGCB_2025
788,2,2,19,9987.8181,40.617127,PGCB_2025
789,2,2,20,9557.2438,38.866125,PGCB_2025
790,2,2,21,9420.2106,38.308856,PGCB_2025
791,2,2,22,9046.9462,36.790915,PGCB_2025
792,2,2,23,8597.8008,34.96439,PGCB_2025
793,2,3,0,8083.3013,32.872092,PGCB_2025
794,2,3,1,7621.8746,30.995623,PGCB_2025
795,2,3,2,7323.6139,29.782697,PGCB_2025
796,2,3,3,7098.164,28.865867,PGCB_2025
797,2,3,4,6885.8726,28.002549,PGCB_2025
798,2,3,5,6713.0569,27.299765,PGCB_2025
799,2,3,6,7008.6858,28.501989,PGCB_2025
800,2,3,7,7781.7072,31.645609,PGCB_2025
801,2,3,8,8486.3303,34.511077,PGCB_2025
802,2,3,9,8949.1781,36.393324,PGCB_2025
803,2,3,10,8936.6951,36.34256,PGCB_2025
804,2,3,11,9063.7979,36.859445,PGCB_2025
805,2,3,12,9415.7981,38.290912,PGCB_2025
806,2,3,13,9642.6078,39.213272,PGCB_2025
807,2,3,14,9412.3593,38.276928,PGCB_2025
808,2,3,15,9093.0538,36.978419,PGCB_2025
809,2,3,16,8701.3587,35.385525,PGCB_2025
810,2,3,17,8645.6804,35.1591,PGCB_2025
811,2,3,18,9242.1315,37.584668,PGCB_2025
812,2,3,19,9850.934,40.060465,PGCB_2025
813,2,3,20,9513.1977,38.687004,PGCB_2025
814,2,3,21,9197.0239,37.401231,PGCB_2025
815,2,3,22,8893.8683,36.168398,PGCB_2025
816,2,3,23,8576.7296,34.8787,PGCB_2025
817,2,4,0,8202.6581,33.357476,PGCB_2025
818,2,4,1,7811.2174,31.765617,PGCB_2025
819,2,4,2,7323.8771,29.783767,PGCB_2025
820,2,4,3,7008.4051,28.500847,PGCB_2025
821,2,4,4,6809.8425,27.69336,PGCB_2025
822,2,4,5,6637.5356,26.992645,PGCB_2025
823,2,4,6,6793.0258,27.624972,PGCB_2025
824,2,4,7,7092.2777,28.841929,PGCB_2025
825,2,4,8,7944.1627,32.306262,PGCB_2025
826,2,4,9,8886.4732,36.138324,PGCB_2025
827,2,4,10,8951.4677,36.402635,PGCB_2025
828,2,4,11,9000.8562,36.603482,PGCB_2025
829,2,4,12,9451.1332,38.434608,PGCB_2025
830,2,4,13,9861.303,40.102632,PGCB_2025
831,2,4,14,9591.921,39.007145,PGCB_2025
832,2,4,15,9214.402,37.471901,PGCB_2025
833,2,4,16,8754.0368,35.59975,PGCB_2025
834,2,4,17,8777.3976,35.69475,PGCB_2025
835,2,4,18,9492.916,38.604525,PGCB_2025
836,2,4,19,9983.4319,40.59929,PGCB_2025
837,2,4,20,9615.6152,39.103502,PGCB_2025
838,2,4,21,9364.9447,38.084108,PGCB_2025
839,2,4,22,9054.4027,36.821238,PGCB_2025
840,2,4,23,8545.6052,34.752128,PGCB_2025
841,2,5,0,8210.5006,33.389369,PGCB_2025
842,2,5,1,7672.7543,31.202534,PGCB_2025
843,2,5,2,7245.5398,29.465195,PGCB_2025
844,2,5,3,6972.7191,28.355724,PGCB_2025
845,2,5,4,6838.0632,27.808124,PGCB_2025
846,2,5,5,6767.007,27.519162,PGCB_2025
847,2,5,6,7102.9888,28.885488,PGCB_2025
848,2,5,7,7911.2312,32.17234,PGCB_2025
849,2,5,8,8700.6393,35.3826,PGCB_2025
850,2,5,9,9145.8459,37.193107,PGCB_2025
851,2,5,10,9081.5532,36.93165,PGCB_2025
852,2,5,11,8986.3291,36.544405,PGCB_2025
853,2,5,12,9593.7193,39.014458,PGCB_2025
854,2,5,13,9717.3396,39.517181,PGCB_2025
855,2,5,14,9266.8345,37.685127,PGCB_2025
856,2,5,15,8998.5929,36.594278,PGCB_2025
857,2,5,16,8839.2603,35.946325,PGCB_2025
858,2,5,17,8788.0999,35.738273,PGCB_2025
859,2,5,18,9436.0009,38.37307,PGCB_2025
860,2,5,19,10071.5592,40.957674,PGCB_2025
861,2,5,20,9577.236,38.947426,PGCB_2025
862,2,5,21,9392.411,38.195805,PGCB_2025
863,2,5,22,9159.9519,37.250471,PGCB_2025
864,2,5,23,8733.2287,35.51513,PGCB_2025
865,2,6,0,8260.9769,33.594639,PGCB_2025
866,2,6,1,7859.8427,31.96336,PGCB_2025
867,2,6,2,7403.5215,30.107654,PGCB_2025
868,2,6,3,7095.9446,28.856841,PGCB_2025
869,2,6,4,6907.8211,28.091806,PGCB_2025
870,2,6,5,6827.0363,27.763281,PGCB_2025
871,2,6,6,7076.1454,28.776325,PGCB_2025
872,2,6,7,7966.7866,32.398266,PGCB_2025
873,2,6,8,8407.8965,34.192112,PGCB_2025
874,2,6,9,9116.9673,37.075667,PGCB_2025
875,2,6,10,9180.4354,37.333771,PGCB_2025
876,2,6,11,9294.9938,37.799641,PGCB_2025
877,2,6,12,9663.0737,39.2965,PGCB_2025
878,2,6,13,9959.8255,40.50329,PGCB_2025
879,2,6,14,9494.7319,38.61191,PGCB_2025
880,2,6,15,9222.8059,37.506077,PGCB_2025
881,2,6,16,8770.3621,35.666139,PGCB_2025
882,2,6,17,8894.2806,36.170074,PGCB_2025
883,2,6,18,9738.6301,39.603762,PGCB_2025
884,2,6,19,10207.3028,41.509698,PGCB_2025
885,2,6,20,9949.9653,40.463192,PGCB_2025
886,2,6,21,9599.5442,39.038146,PGCB_2025
887,2,6,22,9211.8668,37.461592,PGCB_2025
888,2,6,23,8654.3826,35.194489,PGCB_2025
889,2,7,0,8141.1989,33.107542,PGCB_2025
890,2,7,1,7731.5292,31.441552,PGCB_2025
891,2,7,2,7265.7163,29.547246,PGCB_2025
892,2,7,3,7220.9772,29.365307,PGCB_2025
893,2,7,4,7005.1769,28.487719,PGCB_2025
894,2,7,5,6864.8189,27.91693,PGCB_2025
895,2,7,6,7244.6626,29.461628,PGCB_2025
896,2,7,7,8041.1325,32.700606,PGCB_2025
897,2,7,8,8431.7749,34.289218,PGCB_2025
898,2,7,9,9288.4671,37.7731,PGCB_2025
899,2,7,10,9212.6388,37.464731,PGCB_2025
900,2,7,11,9424.6494,38.326908,PGCB_2025
901,2,7,12,9870.8824,40.141588,PGCB_2025
902,2,7,13,10021.5917,40.754473,PGCB_2025
903,2,7,14,9603.9041,39.055877,PGCB_2025
904,2,7,15,9390.946,38.189847,PGCB_2025
905,2,7,16,8950.2835,36.39782,PGCB_2025
906,2,7,17,8925.098,36.295399,PGCB_2025
907,2,7,18,9650.4064,39.244986,PGCB_2025
908,2,7,19,10194.1355,41.456151,PGCB_2025
909,2,7,20,9925.8764,40.365231,PGCB_2025
910,2,7,21,9580.3064,38.959913,PGCB_2025
911,2,7,22,9255.7462,37.640035,PGCB_2025
912,2,7,23,8854.8576,36.009754,PGCB_2025
913,2,8,0,8355.8939,33.980635,PGCB_2025
914,2,8,1,7789.4268,31.677002,PGCB_2025
915,2,8,2,7442.0409,30.2643,PGCB_2025
916,2,8,3,7181.5015,29.204773,PGCB_2025
917,2,8,4,6976.228,28.369994,PGCB_2025
918,2,8,5,6933.2434,28.19519,PGCB_2025
919,2,8,6,7154.3072,29.094183,PGCB_2025
920,2,8,7,7412.4254,30.143863,PGCB_2025
921,2,8,8,8085.1171,32.879476,PGCB_2025
922,2,8,9,8241.8882,33.517012,PGCB_2025
923,2,8,10,8129.6632,33.06063,PGCB_2025
924,2,8,11,8250.8185,33.553329,PGCB_2025
925,2,8,12,8653.2247,35.18978,PGCB_2025
926,2,8,13,9147.1179,37.198279,PGCB_2025
927,2,8,14,7780.3211,31.639972,PGCB_2025
928,2,8,15,7373.0112,29.983579,PGCB_2025
929,2,8,16,7158.9653,29.113126,PGCB_2025
930,2,8,17,7216.0998,29.345473,PGCB_2025
931,2,8,18,7743.8105,31.491496,PGCB_2025
932,2,8,19,8693.8583,35.355024,PGCB_2025
933,2,8,20,8606.1346,34.998281,PGCB_2025
934,2,8,21,8541.298,34.734612,PGCB_2025
935,2,8,22,8233.107,33.481302,PGCB_2025
936,2,8,23,7766.9696,31.585676,PGCB_2025
937,2,9,0,7525.7469,30.604704,PGCB_2025
938,2,9,1,7017.8091,28.53909,PGCB_2025
939,2,9,2,6620.3154,26.922616,PGCB_2025
940,2,9,3,6363.978,25.880177,PGCB_2025
941,2,9,4,6157.7571,25.041546,PGCB_2025
942,2,9,5,6054.9273,24.623371,PGCB_2025
943,2,9,6,6388.9178,25.981599,PGCB_2025
944,2,9,7,7294.9985,29.666327,PGCB_2025
945,2,9,8,7966.9182,32.398801,PGCB_2025
946,2,9,9,8225.2558,33.449374,PGCB_2025
947,2,9,10,8469.5312,34.44276,PGCB_2025
948,2,9,11,8641.7504,35.143118,PGCB_2025
949,2,9,12,8901.6231,36.199934,PGCB_2025
950,2,9,13,9245.5352,37.59851,PGCB_2025
951,2,9,14,8850.5416,35.992203,PGCB_2025
952,2,9,15,8565.9308,34.834785,PGCB_2025
953,2,9,16,8386.5884,34.105459,PGCB_2025
954,2,9,17,8345.3144,33.937612,PGCB_2025
955,2,9,18,9156.7675,37.237521,PGCB_2025
956,2,9,19,9891.7957,40.226636,PGCB_2025
957,2,9,20,9534.1725,38.772302,PGCB_2025
958,2,9,21,9442.2907,38.398649,PGCB_2025
959,2,9,22,8927.1507,36.303746,PGCB_2025
960,2,9,23,8483.4179,34.499233,PGCB_2025
961,2,10,0,8005.6658,32.556374,PGCB_2025
962,2,10,1,7452.5678,30.307109,PGCB_2025
963,2,10,2,7175.3609,29.179801,PGCB_2025
964,2,10,3,6814.8164,27.713587,PGCB_2025
965,2,10,4,6581.4713,26.76465,PGCB_2025
966,2,10,5,6596.3844,26.825297,PGCB_2025
967,2,10,6,6931.489,28.188055,PGCB_2025
968,2,10,7,7875.9224,32.028751,PGCB_2025
969,2,10,8,8705.7887,35.403541,PGCB_2025
970,2,10,9,9125.3186,37.109629,PGCB_2025
971,2,10,10,9066.1665,36.869077,PGCB_2025
972,2,10,11,9142.9949,37.181513,PGCB_2025
973,2,10,12,9485.9508,38.5762,PGCB_2025
974,2,10,13,9722.9451,39.539977,PGCB_2025
975,2,10,14,9350.0492,38.023533,PGCB_2025
976,2,10,15,8905.5707,36.215988,PGCB_2025
977,2,10,16,8587.1336,34.92101,PGCB_2025
978,2,10,17,8618.3808,35.048082,PGCB_2025
979,2,10,18,9342.5751,37.993139,PGCB_2025
980,2,10,19,9980.9406,40.589158,PGCB_2025
981,2,10,20,9620.8347,39.124728,PGCB_2025
982,2,10,21,9383.6298,38.160095,PGCB_2025
983,2,10,22,9045.1917,36.78378,PGCB_2025
984,2,10,23,8496.0413,34.550568,PGCB_2025
985,2,11,0,8131.4177,33.067765,PGCB_2025
986,2,11,1,7471.867,30.385592,PGCB_2025
987,2,11,2,7176.2381,29.183368,PGCB_2025
988,2,11,3,6935.8751,28.205892,PGCB_2025
989,2,11,4,6803.4123,27.66721,PGCB_2025
990,2,11,5,6612.1746,26.88951,PGCB_2025
991,2,11,6,7008.6858,28.501989,PGCB_2025
992,2,11,7,7892.3618,32.095605,PGCB_2025
993,2,11,8,8669.515,35.256028,PGCB_2025
994,2,11,9,9112.9232,37.059221,PGCB_2025
995,2,11,10,9033.4631,36.736083,PGCB_2025
996,2,11,11,9073.4563,36.898722,PGCB_2025
997,2,11,12,9450.4753,38.431933,PGCB_2025
998,2,11,13,9706.032,39.471197,PGCB_2025
999,2,11,14,9441.5626,38.395688,PGCB_2025
1000,2,11,15,9101.6858,37.013522,PGCB_2025
1001,2,11,16,8780.81,35.708627,PGCB_2025
1002,2,11,17,8775.9589,35.6889,PGCB_2025
1003,2,11,18,9498.7496,38.628248,PGCB_2025
1004,2,11,19,10019.6092,40.746411,PGCB_2025
1005,2,11,20,9563.6652,38.892238,PGCB_2025
1006,2,11,21,9419.5088,38.306002,PGCB_2025
1007,2,11,22,9108.0896,37.039564,PGCB_2025
1008,2,11,23,8538.5873,34.723588,PGCB_2025
1009,2,12,0,8245.5901,33.532066,PGCB_2025
1010,2,12,1,7742.056,31.484361,PGCB_2025
1011,2,12,2,7249.0488,29.479465,PGCB_2025
1012,2,12,3,6908.6808,28.095302,PGCB_2025
1013,2,12,4,6776.218,27.55662,PGCB_2025
1014,2,12,5,6771.8318,27.538783,PGCB_2025
1015,2,12,6,7092.0233,28.840895,PGCB_2025
1016,2,12,7,7936.0307,32.273192,PGCB_2025
1017,2,12,8,8793.0738,35.7585,PGCB_2025
1018,2,12,9,9006.2161,36.625279,PGCB_2025
1019,2,12,10,9083.9569,36.941425,PGCB_2025
1020,2,12,11,9254.4654,37.634826,PGCB_2025
1021,2,12,12,9705.4355,39.468771,PGCB_2025
1022,2,12,13,10002.8364,40.678201,PGCB_2025
1023,2,12,14,9651.5029,39.249445,PGCB_2025
1024,2,12,15,9197.2959,37.402337,PGCB_2025
1025,2,12,16,8958.6786,36.43196,PGCB_2025
1026,2,12,17,8925.1945,36.295791,PGCB_2025
1027,2,12,18,9536.5761,38.782076,PGCB_2025
1028,2,12,19,10221.6281,41.567954,PGCB_2025
1029,2,12,20,9782.4832,39.782098,PGCB_2025
1030,2,12,21,9594.6667,39.018311,PGCB_2025
1031,2,12,22,9161.3204,37.256036,PGCB_2025
1032,2,12,23,8664.4445,35.235408,PGCB_2025
1033,2,13,0,8240.0284,33.509449,PGCB_2025
1034,2,13,1,7801.7082,31.726947,PGCB_2025
1035,2,13,2,7212.6434,29.331416,PGCB_2025
1036,2,13,3,6999.4748,28.464531,PGCB_2025
1037,2,13,4,6866.5734,27.924065,PGCB_2025
1038,2,13,5,6854.2921,27.874121,PGCB_2025
1039,2,13,6,7076.6015,28.778179,PGCB_2025
1040,2,13,7,7966.9884,32.399086,PGCB_2025
1041,2,13,8,8801.5742,35.793068,PGCB_2025
1042,2,13,9,9257.8516,37.648597,PGCB_2025
1043,2,13,10,9064.491,36.862263,PGCB_2025
1044,2,13,11,9317.7581,37.892216,PGCB_2025
1045,2,13,12,9661.3806,39.289614,PGCB_2025
1046,2,13,13,10037.8469,40.820577,PGCB_2025
1047,2,13,14,9621.4576,39.127261,PGCB_2025
1048,2,13,15,9499.3286,38.630603,PGCB_2025
1049,2,13,16,9130.468,37.13057,PGCB_2025
1050,2,13,17,9009.6022,36.639049,PGCB_2025
1051,2,13,18,9771.1054,39.735829,PGCB_2025
1052,2,13,19,10414.0325,42.350399,PGCB_2025
1053,2,13,20,10062.085,40.919146,PGCB_2025
1054,2,13,21,9917.7795,40.332303,PGCB_2025
1055,2,13,22,9387.9283,38.177575,PGCB_2025
1056,2,13,23,9019.3133,36.678541,PGCB_2025
1057,2,14,0,8478.9352,34.481003,PGCB_2025
1058,2,14,1,7993.8231,32.508214,PGCB_2025
1059,2,14,2,7694.6852,31.29172,PGCB_2025
1060,2,14,3,7455.1995,30.317811,PGCB_2025
1061,2,14,4,7232.3813,29.411684,PGCB_2025
1062,2,14,5,7213.5207,29.334984,PGCB_2025
1063,2,14,6,7475.2005,30.399149,PGCB_2025
1064,2,14,7,8198.1141,33.338997,PGCB_2025
1065,2,14,8,8886.5171,36.138503,PGCB_2025
1066,2,14,9,9397.5428,38.216674,PGCB_2025
1067,2,14,10,9498.7847,38.628391,PGCB_2025
1068,2,14,11,9683.566,39.379835,PGCB_2025
1069,2,14,12,10043.9437,40.845371,PGCB_2025
1070,2,14,13,10310.5361,41.929513,PGCB_2025
1071,2,14,14,9976.493,40.571072,PGCB_2025
1072,2,14,15,9656.6699,39.270458,PGCB_2025
1073,2,14,16,9434.3604,38.366399,PGCB_2025
1074,2,14,17,9381.0069,38.149428,PGCB_2025
1075,2,14,18,9940.0175,40.422738,PGCB_2025
1076,2,14,19,10588.1641,43.058534,PGCB_2025
1077,2,14,20,10106.9469,41.101584,PGCB_2025
1078,2,14,21,9958.2026,40.496691,PGCB_2025
1079,2,14,22,9580.052,38.958878,PGCB_2025
1080,2,14,23,9212.0686,37.462412,PGCB_2025
1081,2,15,0,8777.9151,35.696855,PGCB_2025
1082,2,15,1,8136.8654,33.089919,PGCB_2025
1083,2,15,2,7717.6864,31.385258,PGCB_2025
1084,2,15,3,7628.7345,31.02352,PGCB_2025
1085,2,15,4,7492.8417,30.47089,PGCB_2025
1086,2,15,5,7361.5457,29.936953,PGCB_2025
1087,2,15,6,7234.5305,29.420424,PGCB_2025
1088,2,15,7,7660.9379,31.154481,PGCB_2025
1089,2,15,8,8219.1677,33.424615,PGCB_2025
1090,2,15,9,8269.2668,33.628352,PGCB_2025
1091,2,15,10,8153.2785,33.156666,PGCB_2025
1092,2,15,11,8370.2543,34.039034,PGCB_2025
1093,2,15,12,8954.6346,36.415514,PGCB_2025
1094,2,15,13,9306.8277,37.847766,PGCB_2025
1095,2,15,14,8024.4123,32.63261,PGCB_2025
1096,2,15,15,7710.9755,31.357967,PGCB_2025
1097,2,15,16,7614.3654,30.965086,PGCB_2025
1098,2,15,17,7632.9979,31.040858,PGCB_2025
1099,2,15,18,8027.1581,32.643776,PGCB_2025
1100,2,15,19,8654.3826,35.194489,PGCB_2025
1101,2,15,20,8394.7204,34.13853,PGCB_2025
1102,2,15,21,8086.4155,32.884756,PGCB_2025
1103,2,15,22,7824.9637,31.821519,PGCB_2025
1104,2,15,23,7522.0274,30.589578,PGCB_2025
1105,2,16,0,7146.1664,29.061077,PGCB_2025
1106,2,16,1,6607.8236,26.871816,PGCB_2025
1107,2,16,2,6271.2452,25.503064,PGCB_2025
1108,2,16,3,6130.5715,24.930991,PGCB_2025
1109,2,16,4,6098.9909,24.802563,PGCB_2025
1110,2,16,5,6071.0246,24.688833,PGCB_2025
1111,2,16,6,6084.1393,24.742166,PGCB_2025
1112,2,16,7,6387.2072,25.974643,PGCB_2025
1113,2,16,8,7114.7876,28.93347,PGCB_2025
1114,2,16,9,7277.3134,29.594408,PGCB_2025
1115,2,16,10,7227.8986,29.393454,PGCB_2025
1116,2,16,11,7501.1141,30.504531,PGCB_2025
1117,2,16,12,7945.154,32.310293,PGCB_2025
1118,2,16,13,8434.1873,34.299028,PGCB_2025
1119,2,16,14,8400.0979,34.160398,PGCB_2025
1120,2,16,15,7885.572,32.067993,PGCB_2025
1121,2,16,16,7540.695,30.665493,PGCB_2025
1122,2,16,17,7677.3949,31.221406,PGCB_2025
1123,2,16,18,8580.8614,34.895503,PGCB_2025
1124,2,16,19,9052.1131,36.811927,PGCB_2025
1125,2,16,20,8840.8745,35.95289,PGCB_2025
1126,2,16,21,8837.8918,35.94076,PGCB_2025
1127,2,16,22,8536.0609,34.713314,PGCB_2025
1128,2,16,23,8148.3659,33.136688,PGCB_2025
1129,2,17,0,7685.2023,31.253156,PGCB_2025
1130,2,17,1,7295.9459,29.67018,PGCB_2025
1131,2,17,2,7017.3705,28.537307,PGCB_2025
1132,2,17,3,6751.3483,27.455483,PGCB_2025
1133,2,17,4,6593.2263,26.812454,PGCB_2025
1134,2,17,5,6557.6631,26.66783,PGCB_2025
1135,2,17,6,6943.5159,28.236965,PGCB_2025
1136,2,17,7,7845.5788,31.905354,PGCB_2025
1137,2,17,8,8535.903,34.712672,PGCB_2025
1138,2,17,9,9052.1658,36.812141,PGCB_2025
1139,2,17,10,9030.2963,36.723205,PGCB_2025
1140,2,17,11,9100.0542,37.006887,PGCB_2025
1141,2,17,12,9542.8396,38.807548,PGCB_2025
1142,2,17,13,9911.2792,40.305869,PGCB_2025
1143,2,17,14,9476.8363,38.539134,PGCB_2025
1144,2,17,15,9318.9424,37.897032,PGCB_2025
1145,2,17,16,9123.5641,37.102494,PGCB_2025
1146,2,17,17,8999.6982,36.598773,PGCB_2025
1147,2,17,18,9443.4574,38.403393,PGCB_2025
1148,2,17,19,10298.7636,41.881639,PGCB_2025
1149,2,17,20,9817.1604,39.923119,PGCB_2025
1150,2,17,21,9690.5575,39.408267,PGCB_2025
1151,2,17,22,9261.2377,37.662367,PGCB_2025
1152,2,17,23,8839.4796,35.947217,PGCB_2025
1153,2,18,0,8358.9555,33.993086,PGCB_2025
1154,2,18,1,7921.451,32.213901,PGCB_2025
1155,2,18,2,7482.8325,30.430186,PGCB_2025
1156,2,18,3,7327.5615,29.79875,PGCB_2025
1157,2,18,4,7107.375,28.903325,PGCB_2025
1158,2,18,5,7072.2855,28.760628,PGCB_2025
1159,2,18,6,7465.2877,30.358837,PGCB_2025
1160,2,18,7,8392.9572,34.131359,PGCB_2025
1161,2,18,8,9336.6801,37.969166,PGCB_2025
1162,2,18,9,9451.5982,38.436499,PGCB_2025
1163,2,18,10,9453.1859,38.442956,PGCB_2025
1164,2,18,11,9485.9683,38.576271,PGCB_2025
1165,2,18,12,9986.8268,40.613096,PGCB_2025
1166,2,18,13,9986.8707,40.613274,PGCB_2025
1167,2,18,14,9839.9247,40.015694,PGCB_2025
1168,2,18,15,9696.9,39.43406,PGCB_2025
1169,2,18,16,9428.2549,38.34157,PGCB_2025
1170,2,18,17,9414.7893,38.28681,PGCB_2025
1171,2,18,18,9806.6335,39.88031,PGCB_2025
1172,2,18,19,10677.3177,43.421092,PGCB_2025
1173,2,18,20,10387.3645,42.241949,PGCB_2025
1174,2,18,21,10114.9824,41.134262,PGCB_2025
1175,2,18,22,9658.898,39.279519,PGCB_2025
1176,2,18,23,9143.2844,37.18269,PGCB_2025
1177,2,19,0,8695.2794,35.360803,PGCB_2025
1178,2,19,1,8124.5665,33.039904,PGCB_2025
1179,2,19,2,7768.0924,31.590242,PGCB_2025
1180,2,19,3,7532.4753,30.632066,PGCB_2025
1181,2,19,4,7443.4358,30.269972,PGCB_2025
1182,2,19,5,7331.0705,29.81302,PGCB_2025
1183,2,19,6,7576.9951,30.813113,PGCB_2025
1184,2,19,7,8493.3307,34.539545,PGCB_2025
1185,2,19,8,9422.5353,38.31831,PGCB_2025
1186,2,19,9,9659.17,39.280625,PGCB_2025
1187,2,19,10,9659.091,39.280303,PGCB_2025
1188,2,19,11,9793.1855,39.825621,PGCB_2025
1189,2,19,12,10198.2234,41.472775,PGCB_2025
1190,2,19,13,10499.6509,42.69858,PGCB_2025
1191,2,19,14,10194.1355,41.456151,PGCB_2025
1192,2,19,15,9894.3836,40.23716,PGCB_2025
1193,2,19,16,9647.6606,39.23382,PGCB_2025
1194,2,19,17,9452.2298,38.439068,PGCB_2025
1195,2,19,18,10228.8214,41.597207,PGCB_2025
1196,2,19,19,10712.4598,43.564003,PGCB_2025
1197,2,19,20,10317.6154,41.958303,PGCB_2025
1198,2,19,21,10168.0552,41.350091,PGCB_2025
1199,2,19,22,9935.1488,40.402938,PGCB_2025
1200,2,19,23,9421.9651,38.315991,PGCB_2025
1201,2,20,0,9038.6125,36.757024,PGCB_2025
1202,2,20,1,8478.4966,34.47922,PGCB_2025
1203,2,20,2,7938.5571,32.283466,PGCB_2025
1204,2,20,3,7770.1276,31.598519,PGCB_2025
1205,2,20,4,7561.3452,30.74947,PGCB_2025
1206,2,20,5,7526.2557,30.606773,PGCB_2025
1207,2,20,6,7689.8604,31.272099,PGCB_2025
1208,2,20,7,8748.0101,35.575241,PGCB_2025
1209,2,20,8,9555.8841,38.860595,PGCB_2025
1210,2,20,9,9551.6646,38.843436,PGCB_2025
1211,2,20,10,9539.2605,38.792993,PGCB_2025
1212,2,20,11,9765.9473,39.714852,PGCB_2025
1213,2,20,12,9819.5026,39.932644,PGCB_2025
1214,2,20,13,10229.1987,41.598741,PGCB_2025
1215,2,20,14,9926.8764,40.369297,PGCB_2025
1216,2,20,15,9759.3505,39.688025,PGCB_2025
1217,2,20,16,9528.3038,38.748435,PGCB_2025
1218,2,20,17,9499.5742,38.631602,PGCB_2025
1219,2,20,18,9916.8847,40.328664,PGCB_2025
1220,2,20,19,10801.3327,43.92542,PGCB_2025
1221,2,20,20,10446.578,42.482751,PGCB_2025
1222,2,20,21,10276.7625,41.792168,PGCB_2025
1223,2,20,22,9799.1946,39.850058,PGCB_2025
1224,2,20,23,9482.6611,38.562822,PGCB_2025
1225,2,21,0,8935.6511,36.338314,PGCB_2025
1226,2,21,1,8505.4278,34.58874,PGCB_2025
1227,2,21,2,7988.2088,32.485382,PGCB_2025
1228,2,21,3,7679.3336,31.22929,PGCB_2025
1229,2,21,4,7485.9291,30.442778,PGCB_2025
1230,2,21,5,7475.1566,30.39897,PGCB_2025
1231,2,21,6,7758.9516,31.55307,PGCB_2025
1232,2,21,7,8493.3657,34.539687,PGCB_2025
1233,2,21,8,9352.523,38.033594,PGCB_2025
1234,2,21,9,9621.9751,39.129365,PGCB_2025
1235,2,21,10,9669.6354,39.323184,PGCB_2025
1236,2,21,11,9696.0841,39.430742,PGCB_2025
1237,2,21,12,10170.0378,41.358154,PGCB_2025
1238,2,21,13,10406.7865,42.320932,PGCB_2025
1239,2,21,14,10055.5671,40.89264,PGCB_2025
1240,2,21,15,9788.2203,39.805429,PGCB_2025
1241,2,21,16,9682.7326,39.376446,PGCB_2025
1242,2,21,17,9529.067,38.751539,PGCB_2025
1243,2,21,18,10106.7013,41.100585,PGCB_2025
1244,2,21,19,10804.7978,43.939511,PGCB_2025
1245,2,21,20,10286.5524,41.83198,PGCB_2025
1246,2,21,21,10085.9985,41.016394,PGCB_2025
1247,2,21,22,9724.6119,39.546755,PGCB_2025
1248,2,21,23,9324.5918,37.920007,PGCB_2025
1249,2,22,0,8892.1139,36.161263,PGCB_2025
1250,2,22,1,8533.7625,34.703968,PGCB_2025
1251,2,22,2,8173.6567,33.239537,PGCB_2025
1252,2,22,3,7885.9229,32.06942,PGCB_2025
1253,2,22,4,7580.6444,30.827954,PGCB_2025
1254,2,22,5,7574.5037,30.802982,PGCB_2025
1255,2,22,6,7618.3656,30.981353,PGCB_2025
1256,2,22,7,8021.5701,32.621052,PGCB_2025
1257,2,22,8,8380.3425,34.08006,PGCB_2025
1258,2,22,9,8444.8896,34.342551,PGCB_2025
1259,2,22,10,8371.6052,34.044528,PGCB_2025
1260,2,22,11,8548.4738,34.763793,PGCB_2025
1261,2,22,12,8944.1603,36.372919,PGCB_2025
1262,2,22,13,9341.8119,37.990035,PGCB_2025
1263,2,22,14,8394.159,34.136247,PGCB_2025
1264,2,22,15,7947.4786,32.319746,PGCB_2025
1265,2,22,16,7772.733,31.609114,PGCB_2025
1266,2,22,17,7706.3174,31.339024,PGCB_2025
1267,2,22,18,8279.8989,33.671589,PGCB_2025
1268,2,22,19,9281.5808,37.745095,PGCB_2025
1269,2,22,20,9143.995,37.18558,PGCB_2025
1270,2,22,21,9143.4511,37.183368,PGCB_2025
1271,2,22,22,8954.5995,36.415371,PGCB_2025
1272,2,22,23,8604.538,34.991788,PGCB_2025
1273,2,23,0,8409.8528,34.200068,PGCB_2025
1274,2,23,1,7953.1017,32.342614,PGCB_2025
1275,2,23,2,7521.8871,30.589008,PGCB_2025
1276,2,23,3,7262.6196,29.534653,PGCB_2025
1277,2,23,4,7091.383,28.838291,PGCB_2025
1278,2,23,5,7124.2706,28.972034,PGCB_2025
1279,2,23,6,7320.1313,29.768534,PGCB_2025
1280,2,23,7,8031.2723,32.660507,PGCB_2025
1281,2,23,8,8585.9406,34.916158,PGCB_2025
1282,2,23,9,8492.4973,34.536156,PGCB_2025
1283,2,23,10,8379.8074,34.077883,PGCB_2025
1284,2,23,11,8775.0992,35.685403,PGCB_2025
1285,2,23,12,9302.1608,37.828787,PGCB_2025
1286,2,23,13,9686.3643,39.391215,PGCB_2025
1287,2,23,14,9258.992,37.653234,PGCB_2025
1288,2,23,15,9031.0858,36.726416,PGCB_2025
1289,2,23,16,8775.1431,35.685582,PGCB_2025
1290,2,23,17,8633.0394,35.107694,PGCB_2025
1291,2,23,18,8757.458,35.613663,PGCB_2025
1292,2,23,19,8071.0199,32.822148,PGCB_2025
1293,2,23,20,8469.2856,34.441761,PGCB_2025
1294,2,23,21,9034.4368,36.740043,PGCB_2025
1295,2,23,22,9050.9815,36.807325,PGCB_2025
1296,2,23,23,8836.1461,35.933661,PGCB_2025
1297,2,24,0,8610.1611,35.014655,PGCB_2025
1298,2,24,1,8206.7987,33.374315,PGCB_2025
1299,2,24,2,7954.7948,32.349499,PGCB_2025
1300,2,24,3,7660.2361,31.151627,PGCB_2025
1301,2,24,4,7460.7436,30.340357,PGCB_2025
1302,2,24,5,7362.6159,29.941305,PGCB_2025
1303,2,24,6,7617.9972,30.979855,PGCB_2025
1304,2,24,7,8568.9222,34.84695,PGCB_2025
1305,2,24,8,9088.3694,36.959369,PGCB_2025
1306,2,24,9,9000.5228,36.602126,PGCB_2025
1307,2,24,10,8825.9877,35.89235,PGCB_2025
1308,2,24,11,8704.0956,35.396655,PGCB_2025
1309,2,24,12,9000.1018,36.600414,PGCB_2025
1310,2,24,13,9359.3567,38.061384,PGCB_2025
1311,2,24,14,8741.9747,35.550697,PGCB_2025
1312,2,24,15,9020.1554,36.681965,PGCB_2025
1313,2,24,16,9028.2786,36.715,PGCB_2025
1314,2,24,17,9064.7717,36.863405,PGCB_2025
1315,2,24,18,9601.7987,39.047315,PGCB_2025
1316,2,24,19,10448.3325,42.489885,PGCB_2025
1317,2,24,20,10202.7061,41.491005,PGCB_2025
1318,2,24,21,9919.3585,40.338725,PGCB_2025
1319,2,24,22,9672.8549,39.336277,PGCB_2025
1320,2,24,23,9103.528,37.021014,PGCB_2025
1321,2,25,0,8764.3706,35.641774,PGCB_2025
1322,2,25,1,8241.4671,33.5153,PGCB_2025
1323,2,25,2,7738.8103,31.471162,PGCB_2025
1324,2,25,3,7552.836,30.714866,PGCB_2025
1325,2,25,4,7373.8796,29.98711,PGCB_2025
1326,2,25,5,7313.824,29.742884,PGCB_2025
1327,2,25,6,7565.8366,30.767736,PGCB_2025
1328,2,25,7,8453.5567,34.377797,PGCB_2025
1329,2,25,8,9073.2633,36.897937,PGCB_2025
1330,2,25,9,9416.0613,38.291983,PGCB_2025
1331,2,25,10,9337.1713,37.971163,PGCB_2025
1332,2,25,11,9565.0249,38.897768,PGCB_2025
1333,2,25,12,10047.9439,40.861639,PGCB_2025
1334,2,25,13,10179.2137,41.395469,PGCB_2025
1335,2,25,14,10051.7775,40.877229,PGCB_2025
1336,2,25,15,9836.0912,40.000104,PGCB_2025
1337,2,25,16,9637.9672,39.1944,PGCB_2025
1338,2,25,17,9546.8924,38.824029,PGCB_2025
1339,2,25,18,9965.3433,40.525729,PGCB_2025
1340,2,25,19,10772.9102,43.809835,PGCB_2025
1341,2,25,20,10479.4744,42.616529,PGCB_2025
1342,2,25,21,10132.6587,41.206145,PGCB_2025
1343,2,25,22,9790.9749,39.816631,PGCB_2025
1344,2,25,23,9356.4881,38.049718,PGCB_2025
1345,2,26,0,8891.9384,36.160549,PGCB_2025
1346,2,26,1,8410.2563,34.201709,PGCB_2025
1347,2,26,2,8028.3424,32.648592,PGCB_2025
1348,2,26,3,7765.259,31.57872,PGCB_2025
1349,2,26,4,7589.9519,30.865804,PGCB_2025
1350,2,26,5,7466.5597,30.364009,PGCB_2025
1351,2,26,6,7861.7112,31.970959,PGCB_2025
1352,2,26,7,8747.6241,35.573671,PGCB_2025
1353,2,26,8,9202.6558,37.424134,PGCB_2025
1354,2,26,9,9540.7342,38.798986,PGCB_2025
1355,2,26,10,9504.592,38.652007,PGCB_2025
1356,2,26,11,9645.6079,39.225472,PGCB_2025
1357,2,26,12,10030.3466,40.790076,PGCB_2025
1358,2,26,13,10328.8528,42.004001,PGCB_2025
1359,2,26,14,10047.7422,40.860818,PGCB_2025
1360,2,26,15,10051.9178,40.877799,PGCB_2025
1361,2,26,16,9722.3837,39.537694,PGCB_2025
1362,2,26,17,9704.7863,39.466131,PGCB_2025
1363,2,26,18,10287.649,41.836439,PGCB_2025
1364,2,26,19,11105.7077,45.163211,PGCB_2025
1365,2,26,20,10692.2746,43.481917,PGCB_2025
1366,2,26,21,10371.2672,42.176487,PGCB_2025
1367,2,26,22,9869.356,40.135381,PGCB_2025
1368,2,26,23,9432.4919,38.3588,PGCB_2025
1369,2,27,0,9104.8439,37.026365,PGCB_2025
1370,2,27,1,8573.2382,34.864502,PGCB_2025
1371,2,27,2,8173.2181,33.237754,PGCB_2025
1372,2,27,3,7772.3207,31.607438,PGCB_2025
1373,2,27,4,7657.8413,31.141888,PGCB_2025
1374,2,27,5,7498.1841,30.492615,PGCB_2025
1375,2,27,6,7748.1967,31.509333,PGCB_2025
1376,2,27,7,8599.6693,34.971988,PGCB_2025
1377,2,27,8,9257.4919,37.647134,PGCB_2025
1378,2,27,9,9445.8698,38.413204,PGCB_2025
1379,2,27,10,9426.8425,38.335826,PGCB_2025
1380,2,27,11,9699.4176,39.444298,PGCB_2025
1381,2,27,12,10063.9272,40.926637,PGCB_2025
1382,2,27,13,10400.5757,42.295675,PGCB_2025
1383,2,27,14,10117.1492,41.143073,PGCB_2025
1384,2,27,15,9911.2528,40.305761,PGCB_2025
1385,2,27,16,9640.1252,39.203176,PGCB_2025
1386,2,27,17,9652.2223,39.252371,PGCB_2025
1387,2,27,18,10160.0373,41.317485,PGCB_2025
1388,2,27,19,10967.0954,44.599521,PGCB_2025
1389,2,27,20,10673.221,43.404432,PGCB_2025
1390,2,27,21,10505.6863,42.723124,PGCB_2025
1391,2,27,22,10134.036,41.211746,PGCB_2025
1392,2,27,23,9478.3451,38.54527,PGCB_2025
1393,2,28,0,8960.9682,36.441271,PGCB_2025
1394,2,28,1,8449.6004,34.361708,PGCB_2025
1395,2,28,2,8101.7583,32.94715,PGCB_2025
1396,2,28,3,7726.6956,31.421895,PGCB_2025
1397,2,28,4,7496.2191,30.484624,PGCB_2025
1398,2,28,5,7396.5562,30.079329,PGCB_2025
1399,2,28,6,7869.0536,32.000818,PGCB_2025
1400,2,28,7,8819.8208,35.867271,PGCB_2025
1401,2,28,8,9345.2419,38.003984,PGCB_2025
1402,2,28,9,9537.7428,38.786821,PGCB_2025
1403,2,28,10,9519.8209,38.713938,PGCB_2025
1404,2,28,11,9625.9753,39.145633,PGCB_2025
1405,2,28,12,10147.5542,41.26672,PGCB_2025
1406,2,28,13,10318.6067,41.962334,PGCB_2025
1407,2,28,14,10012.1,40.715873,PGCB_2025
1408,2,28,15,10003.5119,40.680948,PGCB_2025
1409,2,28,16,9725.0944,39.548717,PGCB_2025
1410,2,28,17,9468.9674,38.507134,PGCB_2025
1411,2,28,18,10255.9632,41.707584,PGCB_2025
1412,2,28,19,10930.5322,44.450831,PGCB_2025
1413,2,28,20,10478.0708,42.610821,PGCB_2025
1414,2,28,21,10272.9202,41.776542,PGCB_2025
1415,2,28,22,9930.438,40.383781,PGCB_2025
1416,2,28,23,9622.7032,39.132326,PGCB_2025
1417,3,1,0,9065.0261,36.864439,PGCB_2025
1418,3,1,1,8647.5577,35.166735,PGCB_2025
1419,3,1,2,8268.9422,33.627032,PGCB_2025
1420,3,1,3,7984.9367,32.472076,PGCB_2025
1421,3,1,4,7747.7142,31.507371,PGCB_2025
1422,3,1,5,7656.5079,31.136465,PGCB_2025
1423,3,1,6,7831.0605,31.846313,PGCB_2025
1424,3,1,7,8377.1055,34.066896,PGCB_2025
1425,3,1,8,8713.4031,35.434506,PGCB_2025
1426,3,1,9,8789.9158,35.745658,PGCB_2025
1427,3,1,10,8871.5865,36.077785,PGCB_2025
1428,3,1,11,9038.8318,36.757916,PGCB_2025
1429,3,1,12,9556.1034,38.861487,PGCB_2025
1430,3,1,13,10064.0237,40.92703,PGCB_2025
1431,3,1,14,8999.7158,36.598844,PGCB_2025
1432,3,1,15,8819.1541,35.86456,PGCB_2025
1433,3,1,16,8687.9983,35.331193,PGCB_2025
1434,3,1,17,8490.7867,34.529199,PGCB_2025
1435,3,1,18,9085.6587,36.948345,PGCB_2025
1436,3,1,19,9957.6148,40.4943,PGCB_2025
1437,3,1,20,9789.9485,39.812457,PGCB_2025
1438,3,1,21,9707.6724,39.477868,PGCB_2025
1439,3,1,22,9488.1175,38.585011,PGCB_2025
1440,3,1,23,9035.9544,36.746215,PGCB_2025
1441,3,2,0,8683.9631,35.314783,PGCB_2025
1442,3,2,1,8307.6196,33.78432,PGCB_2025
1443,3,2,2,7942.7767,32.300625,PGCB_2025
1444,3,2,3,7789.2777,31.676396,PGCB_2025
1445,3,2,4,7498.4736,30.493793,PGCB_2025
1446,3,2,5,7362.9405,29.942625,PGCB_2025
1447,3,2,6,7754.3724,31.534448,PGCB_2025
1448,3,2,7,8621.5652,35.061032,PGCB_2025
1449,3,2,8,9131.161,37.133388,PGCB_2025
1450,3,2,9,9079.9479,36.925121,PGCB_2025
1451,3,2,10,9070.5878,36.887057,PGCB_2025
1452,3,2,11,9330.0657,37.942267,PGCB_2025
1453,3,2,12,9951.4479,40.469221,PGCB_2025
1454,3,2,13,10551.7412,42.910414,PGCB_2025
1455,3,2,14,10453.2538,42.509899,PGCB_2025
1456,3,2,15,10468.4388,42.571651,PGCB_2025
1457,3,2,16,10289.5087,41.844002,PGCB_2025
1458,3,2,17,10075.5857,40.974049,PGCB_2025
1459,3,2,18,10576.4091,43.01073,PGCB_2025
1460,3,2,19,11802.7866,47.997999,PGCB_2025
1461,3,2,20,11459.3482,46.601349,PGCB_2025
1462,3,2,21,11180.3868,45.466906,PGCB_2025
1463,3,2,22,11097.0493,45.128,PGCB_2025
1464,3,2,23,10613.2531,43.160563,PGCB_2025
1465,3,3,0,10050.9441,40.873839,PGCB_2025
1466,3,3,1,9447.405,38.419447,PGCB_2025
1467,3,3,2,9207.042,37.441971,PGCB_2025
1468,3,3,3,9559.6913,38.876078,PGCB_2025
1469,3,3,4,9578.9905,38.954561,PGCB_2025
1470,3,3,5,8834.2162,35.925813,PGCB_2025
1471,3,3,6,8235.9405,33.492825,PGCB_2025
1472,3,3,7,8222.6942,33.438956,PGCB_2025
1473,3,3,8,8755.0193,35.603745,PGCB_2025
1474,3,3,9,9420.9563,38.311889,PGCB_2025
1475,3,3,10,9871.514,40.144157,PGCB_2025
1476,3,3,11,10437.0863,42.444151,PGCB_2025
1477,3,3,12,10933.8657,44.464387,PGCB_2025
1478,3,3,13,11071.0568,45.022298,PGCB_2025
1479,3,3,14,10992.8336,44.70419,PGCB_2025
1480,3,3,15,10777.156,43.827101,PGCB_2025
1481,3,3,16,10766.252,43.782758,PGCB_2025
1482,3,3,17,10750.7249,43.719615,PGCB_2025
1483,3,3,18,10686.1866,43.457159,PGCB_2025
1484,3,3,19,11273.7336,45.846517,PGCB_2025
1485,3,3,20,11211.8797,45.594977,PGCB_2025
1486,3,3,21,11136.9636,45.290319,PGCB_2025
1487,3,3,22,11026.4317,44.840822,PGCB_2025
1488,3,3,23,10448.3325,42.489885,PGCB_2025
1489,3,4,0,9906.2,40.285213,PGCB_2025
1490,3,4,1,9670.2232,39.325574,PGCB_2025
1491,3,4,2,9330.7324,37.944978,PGCB_2025
1492,3,4,3,9589.5174,38.997371,PGCB_2025
1493,3,4,4,9926.7273,40.368691,PGCB_2025
1494,3,4,5,9084.8429,36.945028,PGCB_2025
1495,3,4,6,8432.1785,34.290859,PGCB_2025
1496,3,4,7,8709.631,35.419166,PGCB_2025
1497,3,4,8,9108.8441,37.042633,PGCB_2025
1498,3,4,9,9742.025,39.617568,PGCB_2025
1499,3,4,10,10309.7992,41.926517,PGCB_2025
1500,3,4,11,10473.6846,42.592984,PGCB_2025
1501,3,4,12,10836.1766,44.067118,PGCB_2025
1502,3,4,13,11183.7993,45.480784,PGCB_2025
1503,3,4,14,10987.2894,44.681644,PGCB_2025
1504,3,4,15,10741.0841,43.680409,PGCB_2025
1505,3,4,16,10660.3782,43.352205,PGCB_2025
1506,3,4,17,10717.5653,43.584766,PGCB_2025
1507,3,4,18,10732.1362,43.644021,PGCB_2025
1508,3,4,19,11305.7265,45.976621,PGCB_2025
1509,3,4,20,11098.9266,45.135635,PGCB_2025
1510,3,4,21,10995.2547,44.714036,PGCB_2025
1511,3,4,22,10876.7488,44.232112,PGCB_2025
1512,3,4,23,10496.3174,42.685024,PGCB_2025
1513,3,5,0,10061.4358,40.916506,PGCB_2025
1514,3,5,1,9619.9926,39.121303,PGCB_2025
1515,3,5,2,9215.1038,37.474755,PGCB_2025
1516,3,5,3,9390.9811,38.18999,PGCB_2025
1517,3,5,4,9961.501,40.510104,PGCB_2025
1518,3,5,5,8916.7291,36.261365,PGCB_2025
1519,3,5,6,8163.6737,33.19894,PGCB_2025
1520,3,5,7,8396.4135,34.145415,PGCB_2025
1521,3,5,8,9000.0579,36.600235,PGCB_2025
1522,3,5,9,9644.9675,39.222868,PGCB_2025
1523,3,5,10,10098.7798,41.068371,PGCB_2025
1524,3,5,11,10307.378,41.916671,PGCB_2025
1525,3,5,12,10555.373,42.925184,PGCB_2025
1526,3,5,13,10897.5832,44.316838,PGCB_2025
1527,3,5,14,10927.3303,44.43781,PGCB_2025
1528,3,5,15,10854.9845,44.143604,PGCB_2025
1529,3,5,16,10749.6722,43.715334,PGCB_2025
1530,3,5,17,10824.211,44.018458,PGCB_2025
1531,3,5,18,10515.9148,42.76472,PGCB_2025
1532,3,5,19,11022.9228,44.826553,PGCB_2025
1533,3,5,20,10843.0892,44.095229,PGCB_2025
1534,3,5,21,10804.2714,43.93737,PGCB_2025
1535,3,5,22,10655.685,43.333119,PGCB_2025
1536,3,5,23,10230.0408,41.602166,PGCB_2025
1537,3,6,0,9771.4739,39.737327,PGCB_2025
1538,3,6,1,9331.6009,37.94851,PGCB_2025
1539,3,6,2,9033.6385,36.736797,PGCB_2025
1540,3,6,3,9300.1958,37.820796,PGCB_2025
1541,3,6,4,9701.8739,39.454287,PGCB_2025
1542,3,6,5,8729.5267,35.500075,PGCB_2025
1543,3,6,6,8046.4485,32.722224,PGCB_2025
1544,3,6,7,8278.7497,33.666915,PGCB_2025
1545,3,6,8,8831.5407,35.914932,PGCB_2025
1546,3,6,9,9496.1179,38.617546,PGCB_2025
1547,3,6,10,9859.2151,40.094141,PGCB_2025
1548,3,6,11,9921.0691,40.345681,PGCB_2025
1549,3,6,12,10256.9544,41.711615,PGCB_2025
1550,3,6,13,10228.6285,41.596423,PGCB_2025
1551,3,6,14,10334.7303,42.027903,PGCB_2025
1552,3,6,15,10221.0842,41.565742,PGCB_2025
1553,3,6,16,10442.4287,42.465877,PGCB_2025
1554,3,6,17,10616.9813,43.175724,PGCB_2025
1555,3,6,18,10296.9652,41.874325,PGCB_2025
1556,3,6,19,10870.5292,44.206819,PGCB_2025
1557,3,6,20,10784.1564,43.855569,PGCB_2025
1558,3,6,21,10789.9111,43.878972,PGCB_2025
1559,3,6,22,10684.9935,43.452307,PGCB_2025
1560,3,6,23,10199.3726,41.477449,PGCB_2025
1561,3,7,0,9706.7864,39.474265,PGCB_2025
1562,3,7,1,9254.7286,37.635896,PGCB_2025
1563,3,7,2,8992.4084,36.569127,PGCB_2025
1564,3,7,3,9165.882,37.274587,PGCB_2025
1565,3,7,4,9783.764,39.787307,PGCB_2025
1566,3,7,5,8699.1568,35.376571,PGCB_2025
1567,3,7,6,8000.9989,32.537396,PGCB_2025
1568,3,7,7,8227.8349,33.459862,PGCB_2025
1569,3,7,8,8905.2549,36.214703,PGCB_2025
1570,3,7,9,9485.7841,38.575522,PGCB_2025
1571,3,7,10,9750.429,39.651745,PGCB_2025
1572,3,7,11,9937.684,40.413248,PGCB_2025
1573,3,7,12,10105.017,41.093736,PGCB_2025
1574,3,7,13,10477.7989,42.609716,PGCB_2025
1575,3,7,14,10622.4202,43.197842,PGCB_2025
1576,3,7,15,10428.7613,42.410296,PGCB_2025
1577,3,7,16,10515.9938,42.765041,PGCB_2025
1578,3,7,17,10577.7162,43.016046,PGCB_2025
1579,3,7,18,10251.9454,41.691245,PGCB_2025
1580,3,7,19,10742.2069,43.684975,PGCB_2025
1581,3,7,20,10674.6597,43.410283,PGCB_2025
1582,3,7,21,10551.1534,42.908024,PGCB_2025
1583,3,7,22,10434.8844,42.435197,PGCB_2025
1584,3,7,23,10119.9388,41.154418,PGCB_2025
1585,3,8,0,9684.0572,39.381833,PGCB_2025
1586,3,8,1,9259.8604,37.656766,PGCB_2025
1587,3,8,2,8876.7271,36.09869,PGCB_2025
1588,3,8,3,8979.0656,36.514867,PGCB_2025
1589,3,8,4,9592.5965,39.009892,PGCB_2025
1590,3,8,5,8527.8675,34.679994,PGCB_2025
1591,3,8,6,7773.4173,31.611897,PGCB_2025
1592,3,8,7,7604.2596,30.923989,PGCB_2025
1593,3,8,8,7808.4453,31.754344,PGCB_2025
1594,3,8,9,8147.322,33.132443,PGCB_2025
1595,3,8,10,8527.5078,34.678532,PGCB_2025
1596,3,8,11,8733.6936,35.517021,PGCB_2025
1597,3,8,12,9225.8061,37.518278,PGCB_2025
1598,3,8,13,9546.1994,38.821211,PGCB_2025
1599,3,8,14,8548.5001,34.7639,PGCB_2025
1600,3,8,15,8710.3328,35.42202,PGCB_2025
1601,3,8,16,8893.4122,36.166543,PGCB_2025
1602,3,8,17,9336.3731,37.967917,PGCB_2025
1603,3,8,18,9384.3404,38.162984,PGCB_2025
1604,3,8,19,9483.7226,38.567139,PGCB_2025
1605,3,8,20,9548.5329,38.8307,PGCB_2025
1606,3,8,21,9623.0366,39.133682,PGCB_2025
1607,3,8,22,9589.2893,38.996443,PGCB_2025
1608,3,8,23,9220.4549,37.496517,PGCB_2025
1609,3,9,0,8764.6075,35.642737,PGCB_2025
1610,3,9,1,8268.3018,33.624427,PGCB_2025
1611,3,9,2,7972.5238,32.421597,PGCB_2025
1612,3,9,3,8244.4409,33.527393,PGCB_2025
1613,3,9,4,8845.9361,35.973473,PGCB_2025
1614,3,9,5,7968.9359,32.407006,PGCB_2025
1615,3,9,6,7334.3952,29.82654,PGCB_2025
1616,3,9,7,7494.991,30.47963,PGCB_2025
1617,3,9,8,8106.0656,32.964667,PGCB_2025
1618,3,9,9,8741.5186,35.548842,PGCB_2025
1619,3,9,10,9002.5668,36.610438,PGCB_2025
1620,3,9,11,9427.518,38.338573,PGCB_2025
1621,3,9,12,9718.3221,39.521177,PGCB_2025
1622,3,9,13,10078.0332,40.984002,PGCB_2025
1623,3,9,14,10297.1407,41.875039,PGCB_2025
1624,3,9,15,10246.6118,41.669555,PGCB_2025
1625,3,9,16,10126.8163,41.182386,PGCB_2025
1626,3,9,17,10428.621,42.409725,PGCB_2025
1627,3,9,18,10395.1807,42.273735,PGCB_2025
1628,3,9,19,10784.7529,43.857995,PGCB_2025
1629,3,9,20,10773.7699,43.813331,PGCB_2025
1630,3,9,21,10764.7344,43.776587,PGCB_2025
1631,3,9,22,10295.1581,41.866976,PGCB_2025
1632,3,9,23,10055.0846,40.890677,PGCB_2025
1633,3,10,0,9617.5977,39.111564,PGCB_2025
1634,3,10,1,9289.4847,37.777238,PGCB_2025
1635,3,10,2,8916.1853,36.259154,PGCB_2025
1636,3,10,3,9183.997,37.348254,PGCB_2025
1637,3,10,4,9763.377,39.7044,PGCB_2025
1638,3,10,5,8863.6124,36.045357,PGCB_2025
1639,3,10,6,8067.0812,32.80613,PGCB_2025
1640,3,10,7,8313.3128,33.807472,PGCB_2025
1641,3,10,8,8860.2965,36.031872,PGCB_2025
1642,3,10,9,9557.2087,38.865982,PGCB_2025
1643,3,10,10,10046.4439,40.855539,PGCB_2025
1644,3,10,11,10399.1984,42.290073,PGCB_2025
1645,3,10,12,10721.8813,43.602317,PGCB_2025
1646,3,10,13,10994.167,44.709612,PGCB_2025
1647,3,10,14,11108.6639,45.175233,PGCB_2025
1648,3,10,15,11050.8365,44.940068,PGCB_2025
1649,3,10,16,10917.014,44.395857,PGCB_2025
1650,3,10,17,10998.8163,44.72852,PGCB_2025
1651,3,10,18,10614.5163,43.1657,PGCB_2025
1652,3,10,19,11057.521,44.967252,PGCB_2025
1653,3,10,20,11195.2034,45.52716,PGCB_2025
1654,3,10,21,11174.9831,45.444931,PGCB_2025
1655,3,10,22,11032.3706,44.864974,PGCB_2025
1656,3,10,23,10651.6322,43.316638,PGCB_2025
1657,3,11,0,10229.0408,41.598099,PGCB_2025
1658,3,11,1,9700.7423,39.449685,PGCB_2025
1659,3,11,2,9308.7927,37.855757,PGCB_2025
1660,3,11,3,9481.2049,38.5569,PGCB_2025
1661,3,11,4,9997.687,40.65726,PGCB_2025
1662,3,11,5,8885.7188,36.135256,PGCB_2025
1663,3,11,6,8306.1897,33.778505,PGCB_2025
1664,3,11,7,8651.207,35.181575,PGCB_2025
1665,3,11,8,9180.0055,37.332022,PGCB_2025
1666,3,11,9,9828.0469,39.967391,PGCB_2025
1667,3,11,10,10182.2489,41.407812,PGCB_2025
1668,3,11,11,10485.9396,42.642821,PGCB_2025
1669,3,11,12,10864.7219,44.183202,PGCB_2025
1670,3,11,13,11185.7205,45.488597,PGCB_2025
1671,3,11,14,11448.8653,46.558719,PGCB_2025
1672,3,11,15,11326.6223,46.061597,PGCB_2025
1673,3,11,16,11141.5603,45.309012,PGCB_2025
1674,3,11,17,11301.0245,45.9575,PGCB_2025
1675,3,11,18,11040.1254,44.89651,PGCB_2025
1676,3,11,19,11433.9084,46.497894,PGCB_2025
1677,3,11,20,11481.2792,46.690535,PGCB_2025
1678,3,11,21,11494.1833,46.743012,PGCB_2025
1679,3,11,22,11255.7766,45.773492,PGCB_2025
1680,3,11,23,10858.3707,44.157374,PGCB_2025
1681,3,12,0,10404.3654,42.311086,PGCB_2025
1682,3,12,1,9916.8145,40.328379,PGCB_2025
1683,3,12,2,9531.9618,38.763311,PGCB_2025
1684,3,12,3,9712.7429,39.498488,PGCB_2025
1685,3,12,4,10108.1575,41.106507,PGCB_2025
1686,3,12,5,9346.2683,38.008158,PGCB_2025
1687,3,12,6,8525.7183,34.671254,PGCB_2025
1688,3,12,7,8745.6679,35.565716,PGCB_2025
1689,3,12,8,9139.293,37.166458,PGCB_2025
1690,3,12,9,9688.1364,39.398421,PGCB_2025
1691,3,12,10,10248.7874,41.678402,PGCB_2025
1692,3,12,11,10481.65,42.625377,PGCB_2025
1693,3,12,12,10652.9656,43.32206,PGCB_2025
1694,3,12,13,11145.1482,45.323603,PGCB_2025
1695,3,12,14,11370.6596,46.240682,PGCB_2025
1696,3,12,15,11380.0197,46.278747,PGCB_2025
1697,3,12,16,11256.4345,45.776167,PGCB_2025
1698,3,12,17,11310.4109,45.995671,PGCB_2025
1699,3,12,18,11053.3629,44.950342,PGCB_2025
1700,3,12,19,11593.5655,47.147166,PGCB_2025
1701,3,12,20,11605.4082,47.195327,PGCB_2025
1702,3,12,21,11652.779,47.387968,PGCB_2025
1703,3,12,22,11473.8227,46.660212,PGCB_2025
1704,3,12,23,11072.0481,45.026329,PGCB_2025
1705,3,13,0,10615.0251,43.167769,PGCB_2025
1706,3,13,1,10220.2508,41.562353,PGCB_2025
1707,3,13,2,9905.3227,40.281646,PGCB_2025
1708,3,13,3,9955.3252,40.484989,PGCB_2025
1709,3,13,4,10305.3428,41.908394,PGCB_2025
1710,3,13,5,9396.8761,38.213963,PGCB_2025
1711,3,13,6,8628.9427,35.091034,PGCB_2025
1712,3,13,7,8654.7511,35.195988,PGCB_2025
1713,3,13,8,9292.0989,37.787869,PGCB_2025
1714,3,13,9,9978.1509,40.577814,PGCB_2025
1715,3,13,10,10498.1069,42.692301,PGCB_2025
1716,3,13,11,10621.9728,43.196023,PGCB_2025
1717,3,13,12,11064.9337,44.997397,PGCB_2025
1718,3,13,13,11362.8434,46.208896,PGCB_2025
1719,3,13,14,11525.6674,46.871047,PGCB_2025
1720,3,13,15,11485.6741,46.708408,PGCB_2025
1721,3,13,16,11425.4781,46.463611,PGCB_2025
1722,3,13,17,11423.6272,46.456084,PGCB_2025
1723,3,13,18,11461.1378,46.608627,PGCB_2025
1724,3,13,19,11849.4293,48.187679,PGCB_2025
1725,3,13,20,11790.7947,47.949232,PGCB_2025
1726,3,13,21,11955.4258,48.618732,PGCB_2025
1727,3,13,22,11756.293,47.808925,PGCB_2025
1728,3,13,23,11257.5837,45.78084,PGCB_2025
1729,3,14,0,10869.8449,44.204036,PGCB_2025
1730,3,14,1,10496.1419,42.68431,PGCB_2025
1731,3,14,2,10205.7764,41.503491,PGCB_2025
1732,3,14,3,10360.1702,42.131359,PGCB_2025
1733,3,14,4,10555.794,42.926896,PGCB_2025
1734,3,14,5,9766.2806,39.716208,PGCB_2025
1735,3,14,6,8966.679,36.464495,PGCB_2025
1736,3,14,7,9211.3755,37.459594,PGCB_2025
1737,3,14,8,9701.2686,39.451826,PGCB_2025
1738,3,14,9,10230.1899,41.602772,PGCB_2025
1739,3,14,10,10700.5557,43.515593,PGCB_2025
1740,3,14,11,10919.9088,44.407629,PGCB_2025
1741,3,14,12,11349.8866,46.156206,PGCB_2025
1742,3,14,13,11776.0133,47.889121,PGCB_2025
1743,3,14,14,11827.4633,48.098351,PGCB_2025
1744,3,14,15,11963.7157,48.652444,PGCB_2025
1745,3,14,16,11906.8093,48.421024,PGCB_2025
1746,3,14,17,11977.1901,48.70724,PGCB_2025
1747,3,14,18,11984.0588,48.735172,PGCB_2025
1748,3,14,19,12142.3651,49.378951,PGCB_2025
1749,3,14,20,12573.5095,51.132272,PGCB_2025
1750,3,14,21,12650.7854,51.446527,PGCB_2025
1751,3,14,22,12300.8906,50.023622,PGCB_2025
1752,3,14,23,12005.2003,48.821148,PGCB_2025
1753,3,15,0,11751.6612,47.790089,PGCB_2025
1754,3,15,1,11249.9342,45.749732,PGCB_2025
1755,3,15,2,10967.3761,44.600663,PGCB_2025
1756,3,15,3,11124.2349,45.238555,PGCB_2025
1757,3,15,4,11058.1175,44.969678,PGCB_2025
1758,3,15,5,10272.8763,41.776364,PGCB_2025
1759,3,15,6,9708.4444,39.481007,PGCB_2025
1760,3,15,7,9363.5499,38.078436,PGCB_2025
1761,3,15,8,9542.6027,38.806584,PGCB_2025
1762,3,15,9,9835.6701,39.998392,PGCB_2025
1763,3,15,10,9903.1998,40.273013,PGCB_2025
1764,3,15,11,10164.5112,41.335679,PGCB_2025
1765,3,15,12,10765.7432,43.780689,PGCB_2025
1766,3,15,13,11206.3531,45.572503,PGCB_2025
1767,3,15,14,10615.1304,43.168197,PGCB_2025
1768,3,15,15,10731.2239,43.640311,PGCB_2025
1769,3,15,16,10990.2983,44.69388,PGCB_2025
1770,3,15,17,11081.3819,45.064286,PGCB_2025
1771,3,15,18,11168.3512,45.417962,PGCB_2025
1772,3,15,19,11968.7247,48.672814,PGCB_2025
1773,3,15,20,12053.4308,49.017285,PGCB_2025
1774,3,15,21,12196.0607,49.597314,PGCB_2025
1775,3,15,22,12192.1395,49.581367,PGCB_2025
1776,3,15,23,11960.4699,48.639244,PGCB_2025
1777,3,16,0,11560.906,47.014351,PGCB_2025
1778,3,16,1,10970.3675,44.612828,PGCB_2025
1779,3,16,2,10853.8617,44.139038,PGCB_2025
1780,3,16,3,10907.3117,44.356401,PGCB_2025
1781,3,16,4,11224.2662,45.645349,PGCB_2025
1782,3,16,5,10416.2344,42.359353,PGCB_2025
1783,3,16,6,9821.3273,39.940064,PGCB_2025
1784,3,16,7,9848.6532,40.05119,PGCB_2025
1785,3,16,8,10235.8832,41.625925,PGCB_2025
1786,3,16,9,10334.432,42.02669,PGCB_2025
1787,3,16,10,10505.6512,42.722982,PGCB_2025
1788,3,16,11,10743.4263,43.689934,PGCB_2025
1789,3,16,12,11177.5446,45.455348,PGCB_2025
1790,3,16,13,11667.5342,47.447972,PGCB_2025
1791,3,16,14,12170.884,49.494928,PGCB_2025
1792,3,16,15,12204.8068,49.632881,PGCB_2025
1793,3,16,16,12169.9015,49.490933,PGCB_2025
1794,3,16,17,12205.4209,49.635378,PGCB_2025
1795,3,16,18,12352.5247,50.2336,PGCB_2025
1796,3,16,19,13264.7022,53.943122,PGCB_2025
1797,3,16,20,13180.0488,53.598865,PGCB_2025
1798,3,16,21,13489.2047,54.856099,PGCB_2025
1799,3,16,22,13344.2413,54.266581,PGCB_2025
1800,3,16,23,13015.5405,52.929865,PGCB_2025
1801,3,17,0,12639.4251,51.400329,PGCB_2025
1802,3,17,1,11998.7175,48.794785,PGCB_2025
1803,3,17,2,11622.4705,47.264713,PGCB_2025
1804,3,17,3,11649.2701,47.373698,PGCB_2025
1805,3,17,4,11828.4896,48.102524,PGCB_2025
1806,3,17,5,10938.2694,44.482296,PGCB_2025
1807,3,17,6,10447.0166,42.484534,PGCB_2025
1808,3,17,7,10374.206,42.188438,PGCB_2025
1809,3,17,8,10775.1033,43.818753,PGCB_2025
1810,3,17,9,11270.7247,45.83428,PGCB_2025
1811,3,17,10,11644.7874,47.355469,PGCB_2025
1812,3,17,11,11656.5862,47.403451,PGCB_2025
1813,3,17,12,12025.0083,48.9017,PGCB_2025
1814,3,17,13,12661.4789,51.490014,PGCB_2025
1815,3,17,14,12885.8147,52.402313,PGCB_2025
1816,3,17,15,12554.5261,51.055073,PGCB_2025
1817,3,17,16,12571.6235,51.124602,PGCB_2025
1818,3,17,17,12664.6457,51.502893,PGCB_2025
1819,3,17,18,12633.0213,51.374287,PGCB_2025
1820,3,17,19,13189.6984,53.638107,PGCB_2025
1821,3,17,20,12588.791,51.194417,PGCB_2025
1822,3,17,21,12782.6604,51.982819,PGCB_2025
1823,3,17,22,12728.2717,51.761638,PGCB_2025
1824,3,17,23,12347.5508,50.213373,PGCB_2025
1825,3,18,0,12044.5794,48.98129,PGCB_2025
1826,3,18,1,11825.5947,48.090752,PGCB_2025
1827,3,18,2,11448.3828,46.556757,PGCB_2025
1828,3,18,3,11640.4977,47.338024,PGCB_2025
1829,3,18,4,11649.2701,47.373698,PGCB_2025
1830,3,18,5,10895.7234,44.309275,PGCB_2025
1831,3,18,6,10284.2892,41.822776,PGCB_2025
1832,3,18,7,10284.6664,41.82431,PGCB_2025
1833,3,18,8,10607.6826,43.137909,PGCB_2025
1834,3,18,9,11082.9521,45.070672,PGCB_2025
1835,3,18,10,11644.3225,47.353578,PGCB_2025
1836,3,18,11,11717.6683,47.651851,PGCB_2025
1837,3,18,12,11832.7705,48.119933,PGCB_2025
1838,3,18,13,12085.8885,49.14928,PGCB_2025
1839,3,18,14,12398.2288,50.419464,PGCB_2025
1840,3,18,15,11836.7269,48.136023,PGCB_2025
1841,3,18,16,11643.2873,47.349368,PGCB_2025
1842,3,18,17,11712.2118,47.629661,PGCB_2025
1843,3,18,18,11792.5317,47.956296,PGCB_2025
1844,3,18,19,12520.8929,50.918298,PGCB_2025
1845,3,18,20,12274.3629,49.915742,PGCB_2025
1846,3,18,21,12713.7973,51.702776,PGCB_2025
1847,3,18,22,12481.7681,50.75919,PGCB_2025
1848,3,18,23,12548.4381,51.030315,PGCB_2025
1849,3,19,0,12263.915,49.873254,PGCB_2025
1850,3,19,1,11764.1881,47.841032,PGCB_2025
1851,3,19,2,11351.0095,46.160772,PGCB_2025
1852,3,19,3,11601.8993,47.181057,PGCB_2025
1853,3,19,4,11289.6029,45.911052,PGCB_2025
1854,3,19,5,10632.5523,43.239046,PGCB_2025
1855,3,19,6,9971.1155,40.549203,PGCB_2025
1856,3,19,7,10011.9246,40.71516,PGCB_2025
1857,3,19,8,10497.1858,42.688556,PGCB_2025
1858,3,19,9,10920.0843,44.408343,PGCB_2025
1859,3,19,10,11318.9114,46.03024,PGCB_2025
1860,3,19,11,11262.3734,45.800318,PGCB_2025
1861,3,19,12,11732.9146,47.713853,PGCB_2025
1862,3,19,13,11762.3635,47.833612,PGCB_2025
1863,3,19,14,11973.7162,48.693113,PGCB_2025
1864,3,19,15,12095.5908,49.188736,PGCB_2025
1865,3,19,16,12217.9039,49.686143,PGCB_2025
1866,3,19,17,12086.0113,49.149779,PGCB_2025
1867,3,19,18,12143.1897,49.382305,PGCB_2025
1868,3,19,19,12624.0735,51.337899,PGCB_2025
1869,3,19,20,12632.6967,51.372967,PGCB_2025
1870,3,19,21,12780.1778,51.972723,PGCB_2025
1871,3,19,22,12563.1757,51.090248,PGCB_2025
1872,3,19,23,12160.7783,49.453832,PGCB_2025
1873,3,20,0,11891.4138,48.358416,PGCB_2025
1874,3,20,1,11537.0627,46.917388,PGCB_2025
1875,3,20,2,11195.5718,45.528659,PGCB_2025
1876,3,20,3,11291.4714,45.91865,PGCB_2025
1877,3,20,4,11300.9806,45.957321,PGCB_2025
1878,3,20,5,10509.0899,42.736966,PGCB_2025
1879,3,20,6,9783.5008,39.786237,PGCB_2025
1880,3,20,7,9794.4838,39.830901,PGCB_2025
1881,3,20,8,10316.9662,41.955663,PGCB_2025
1882,3,20,9,10875.4066,44.226654,PGCB_2025
1883,3,20,10,11363.9399,46.213356,PGCB_2025
1884,3,20,11,11529.6939,46.887422,PGCB_2025
1885,3,20,12,11793.83,47.961575,PGCB_2025
1886,3,20,13,12095.7399,49.189342,PGCB_2025
1887,3,20,14,12282.7669,49.949919,PGCB_2025
1888,3,20,15,12370.0256,50.304771,PGCB_2025
1889,3,20,16,12433.5464,50.563089,PGCB_2025
1890,3,20,17,12459.1003,50.667008,PGCB_2025
1891,3,20,18,12545.6222,51.018864,PGCB_2025
1892,3,20,19,12922.0183,52.549541,PGCB_2025
1893,3,20,20,12912.9301,52.512582,PGCB_2025
1894,3,20,21,12790.7398,52.015675,PGCB_2025
1895,3,20,22,12800.1701,52.054025,PGCB_2025
1896,3,20,23,12598.7213,51.2348,PGCB_2025
1897,3,21,0,12395.7989,50.409582,PGCB_2025
1898,3,21,1,11971.1284,48.682589,PGCB_2025
1899,3,21,2,11660.0426,47.417507,PGCB_2025
1900,3,21,3,11773.8904,47.880488,PGCB_2025
1901,3,21,4,11870.6058,48.273797,PGCB_2025
1902,3,21,5,11089.4086,45.096928,PGCB_2025
1903,3,21,6,10466.0878,42.56209,PGCB_2025
1904,3,21,7,10505.9757,42.724301,PGCB_2025
1905,3,21,8,10932.699,44.459643,PGCB_2025
1906,3,21,9,11196.9491,45.53426,PGCB_2025
1907,3,21,10,11556.6689,46.99712,PGCB_2025
1908,3,21,11,11648.3139,47.36981,PGCB_2025
1909,3,21,12,11849.0521,48.186145,PGCB_2025
1910,3,21,13,12056.1502,49.028344,PGCB_2025
1911,3,21,14,12021.7274,48.888358,PGCB_2025
1912,3,21,15,11744.3977,47.760551,PGCB_2025
1913,3,21,16,11670.9642,47.461921,PGCB_2025
1914,3,21,17,11758.3545,47.817308,PGCB_2025
1915,3,21,18,11776.4695,47.890976,PGCB_2025
1916,3,21,19,11839.2182,48.146154,PGCB_2025
1917,3,21,20,11900.9406,48.397158,PGCB_2025
1918,3,21,21,12113.9689,49.263474,PGCB_2025
1919,3,21,22,11965.6106,48.66015,PGCB_2025
1920,3,21,23,11751.0471,47.787592,PGCB_2025
1921,3,22,0,11519.2285,46.844863,PGCB_2025
1922,3,22,1,11032.5285,44.865616,PGCB_2025
1923,3,22,2,10769.1732,43.794638,PGCB_2025
1924,3,22,3,10901.1711,44.331429,PGCB_2025
1925,3,22,4,10997.7549,44.724203,PGCB_2025
1926,3,22,5,10041.6629,40.836096,PGCB_2025
1927,3,22,6,9435.6675,38.371715,PGCB_2025
1928,3,22,7,9217.7881,37.485672,PGCB_2025
1929,3,22,8,9236.061,37.559981,PGCB_2025
1930,3,22,9,9516.8646,38.701916,PGCB_2025
1931,3,22,10,9641.9411,39.21056,PGCB_2025
1932,3,22,11,9709.5673,39.485574,PGCB_2025
1933,3,22,12,10126.6233,41.181601,PGCB_2025
1934,3,22,13,10607.3668,43.136625,PGCB_2025
1935,3,22,14,9466.6866,38.497859,PGCB_2025
1936,3,22,15,9601.8689,39.0476,PGCB_2025
1937,3,22,16,9448.7559,38.424941,PGCB_2025
1938,3,22,17,9700.8563,39.450149,PGCB_2025
1939,3,22,18,9970.2734,40.545778,PGCB_2025
1940,3,22,19,10273.7623,41.779967,PGCB_2025
1941,3,22,20,10278.1485,41.797804,PGCB_2025
1942,3,22,21,10481.8079,42.626019,PGCB_2025
1943,3,22,22,10529.4067,42.819587,PGCB_2025
1944,3,22,23,10385.1012,42.232745,PGCB_2025
1945,3,23,0,10111.9998,41.122133,PGCB_2025
1946,3,23,1,9653.5732,39.257864,PGCB_2025
1947,3,23,2,9301.6169,37.826575,PGCB_2025
1948,3,23,3,9539.3482,38.793349,PGCB_2025
1949,3,23,4,9782.3604,39.781599,PGCB_2025
1950,3,23,5,8914.615,36.252768,PGCB_2025
1951,3,23,6,8212.299,33.396683,PGCB_2025
1952,3,23,7,8388.9482,34.115056,PGCB_2025
1953,3,23,8,8965.1175,36.458145,PGCB_2025
1954,3,23,9,9421.2808,38.313209,PGCB_2025
1955,3,23,10,9348.0666,38.015471,PGCB_2025
1956,3,23,11,9430.7638,38.351773,PGCB_2025
1957,3,23,12,9671.0215,39.328821,PGCB_2025
1958,3,23,13,9916.411,40.326738,PGCB_2025
1959,3,23,14,10146.5629,41.262689,PGCB_2025
1960,3,23,15,9956.3955,40.489342,PGCB_2025
1961,3,23,16,10047.5492,40.860033,PGCB_2025
1962,3,23,17,10259.7002,41.722781,PGCB_2025
1963,3,23,18,10536.6615,42.84909,PGCB_2025
1964,3,23,19,10820.7635,44.004438,PGCB_2025
1965,3,23,20,10958.788,44.565738,PGCB_2025
1966,3,23,21,11025.9931,44.839039,PGCB_2025
1967,3,23,22,10951.428,44.535807,PGCB_2025
1968,3,23,23,10423.3312,42.388214,PGCB_2025
1969,3,24,0,10195.2496,41.460682,PGCB_2025
1970,3,24,1,9747.8587,39.641292,PGCB_2025
1971,3,24,2,9444.3346,38.406961,PGCB_2025
1972,3,24,3,9588.2015,38.992019,PGCB_2025
1973,3,24,4,9846.1092,40.040844,PGCB_2025
1974,3,24,5,8875.0077,36.091698,PGCB_2025
1975,3,24,6,8171.4636,33.230619,PGCB_2025
1976,3,24,7,8314.2427,33.811254,PGCB_2025
1977,3,24,8,8735.2902,35.523513,PGCB_2025
1978,3,24,9,9437.4659,38.379028,PGCB_2025
1979,3,24,10,10091.99,41.040759,PGCB_2025
1980,3,24,11,10313.5099,41.941607,PGCB_2025
1981,3,24,12,10793.2972,43.892742,PGCB_2025
1982,3,24,13,10967.727,44.60209,PGCB_2025
1983,3,24,14,11114.0151,45.196995,PGCB_2025
1984,3,24,15,11038.2744,44.888983,PGCB_2025
1985,3,24,16,10943.6118,44.504021,PGCB_2025
1986,3,24,17,10985.9911,44.676364,PGCB_2025
1987,3,24,18,11129.9633,45.261851,PGCB_2025
1988,3,24,19,11292.6206,45.923324,PGCB_2025
1989,3,24,20,11336.9035,46.103408,PGCB_2025
1990,3,24,21,11371.607,46.244535,PGCB_2025
1991,3,24,22,11268.6895,45.826004,PGCB_2025
1992,3,24,23,11068.6532,45.012523,PGCB_2025
1993,3,25,0,10569.3473,42.982012,PGCB_2025
1994,3,25,1,10050.9002,40.873661,PGCB_2025
1995,3,25,2,9641.9323,39.210525,PGCB_2025
1996,3,25,3,9969.0891,40.540962,PGCB_2025
1997,3,25,4,9961.9572,40.511959,PGCB_2025
1998,3,25,5,9066.4209,36.870112,PGCB_2025
1999,3,25,6,8294.7154,33.731843,PGCB_2025
2000,3,25,7,8437.4594,34.312335,PGCB_2025
2001,3,25,8,8989.8819,36.558853,PGCB_2025
2002,3,25,9,9806.23,39.878669,PGCB_2025
2003,3,25,10,10154.3879,41.294511,PGCB_2025
2004,3,25,11,10352.354,42.099573,PGCB_2025
2005,3,25,12,10833.2641,44.055274,PGCB_2025
2006,3,25,13,11171.8162,45.432053,PGCB_2025
2007,3,25,14,11419.8024,46.44053,PGCB_2025
2008,3,25,15,11417.504,46.431183,PGCB_2025
2009,3,25,16,11263.4437,45.804671,PGCB_2025
2010,3,25,17,11325.9205,46.058743,PGCB_2025
2011,3,25,18,11489.4024,46.72357,PGCB_2025
2012,3,25,19,11516.6318,46.834303,PGCB_2025
2013,3,25,20,11517.5091,46.83787,PGCB_2025
2014,3,25,21,11561.9411,47.01856,PGCB_2025
2015,3,25,22,11471.9805,46.652721,PGCB_2025
2016,3,25,23,11178.2025,45.458024,PGCB_2025
2017,3,26,0,10796.3675,43.905228,PGCB_2025
2018,3,26,1,10379.829,42.211305,PGCB_2025
2019,3,26,2,9995.9238,40.65009,PGCB_2025
2020,3,26,3,10313.3783,41.941072,PGCB_2025
2021,3,26,4,10304.5182,41.905041,PGCB_2025
2022,3,26,5,9208.6824,37.448642,PGCB_2025
2023,3,26,6,8600.5904,34.975734,PGCB_2025
2024,3,26,7,8836.5935,35.93548,PGCB_2025
2025,3,26,8,9500.1532,38.633956,PGCB_2025
2026,3,26,9,9982.9231,40.597221,PGCB_2025
2027,3,26,10,10477.6498,42.609109,PGCB_2025
2028,3,26,11,10750.1021,43.717082,PGCB_2025
2029,3,26,12,11175.2112,45.445859,PGCB_2025
2030,3,26,13,11449.3828,46.560823,PGCB_2025
2031,3,26,14,11630.7691,47.298461,PGCB_2025
2032,3,26,15,11672.8765,47.469698,PGCB_2025
2033,3,26,16,11587.9424,47.124299,PGCB_2025
2034,3,26,17,11636.6028,47.322185,PGCB_2025
2035,3,26,18,11791.8474,47.953513,PGCB_2025
2036,3,26,19,12043.5355,48.977044,PGCB_2025
2037,3,26,20,11669.35,47.455357,PGCB_2025
2038,3,26,21,11955.3381,48.618375,PGCB_2025
2039,3,26,22,11974.6373,48.696858,PGCB_2025
2040,3,26,23,11421.1007,46.44581,PGCB_2025
2041,3,27,0,11416.7145,46.427972,PGCB_2025
2042,3,27,1,10829.8429,44.041361,PGCB_2025
2043,3,27,2,10397.365,42.282618,PGCB_2025
2044,3,27,3,10607.9019,43.138801,PGCB_2025
2045,3,27,4,10614.0426,43.163773,PGCB_2025
2046,3,27,5,9552.5857,38.847182,PGCB_2025
2047,3,27,6,8966.679,36.464495,PGCB_2025
2048,3,27,7,8979.8727,36.518149,PGCB_2025
2049,3,27,8,9124.6168,37.106775,PGCB_2025
2050,3,27,9,9640.2919,39.203854,PGCB_2025
2051,3,27,10,10123.5881,41.169258,PGCB_2025
2052,3,27,11,10465.7193,42.560592,PGCB_2025
2053,3,27,12,10846.7297,44.110034,PGCB_2025
2054,3,27,13,11274.4881,45.849585,PGCB_2025
2055,3,27,14,11554.8531,46.989736,PGCB_2025
2056,3,27,15,11533.0976,46.901264,PGCB_2025
2057,3,27,16,11532.8256,46.900157,PGCB_2025
2058,3,27,17,11655.516,47.399098,PGCB_2025
2059,3,27,18,11765.618,47.846847,PGCB_2025
2060,3,27,19,12231.7555,49.742472,PGCB_2025
2061,3,27,20,12284.8284,49.958302,PGCB_2025
2062,3,27,21,12526.1124,50.939524,PGCB_2025
2063,3,27,22,12361.6919,50.27088,PGCB_2025
2064,3,27,23,12064.8261,49.063626,PGCB_2025
2065,3,28,0,11834.2355,48.125891,PGCB_2025
2066,3,28,1,11318.192,46.027314,PGCB_2025
2067,3,28,2,10946.6997,44.516579,PGCB_2025
2068,3,28,3,11091.707,45.106275,PGCB_2025
2069,3,28,4,11012.9311,44.78592,PGCB_2025
2070,3,28,5,10129.0094,41.191305,PGCB_2025
2071,3,28,6,9319.3722,37.89878,PGCB_2025
2072,3,28,7,9506.3641,38.659214,PGCB_2025
2073,3,28,8,9896.5854,40.246114,PGCB_2025
2074,3,28,9,10565.3471,42.965745,PGCB_2025
2075,3,28,10,11198.8966,45.54218,PGCB_2025
2076,3,28,11,11686.8685,47.526599,PGCB_2025
2077,3,28,12,12235.6592,49.758347,PGCB_2025
2078,3,28,13,12544.7362,51.015261,PGCB_2025
2079,3,28,14,12707.0163,51.6752,PGCB_2025
2080,3,28,15,12621.2312,51.32634,PGCB_2025
2081,3,28,16,12480.6803,50.754767,PGCB_2025
2082,3,28,17,12380.0612,50.345582,PGCB_2025
2083,3,28,18,12325.8655,50.125186,PGCB_2025
2084,3,28,19,13028.7254,52.983483,PGCB_2025
2085,3,28,20,13028.2868,52.9817,PGCB_2025
2086,3,28,21,13050.3581,53.071456,PGCB_2025
2087,3,28,22,12989.0568,52.822164,PGCB_2025
2088,3,28,23,12832.312,52.184735,PGCB_2025
2089,3,29,0,12462.5303,50.680957,PGCB_2025
2090,3,29,1,12095.275,49.187452,PGCB_2025
2091,3,29,2,11646.0155,47.360463,PGCB_2025
2092,3,29,3,11775.101,47.885411,PGCB_2025
2093,3,29,4,11356.1764,46.181784,PGCB_2025
2094,3,29,5,10635.5524,43.251246,PGCB_2025
2095,3,29,6,9779.8778,39.771503,PGCB_2025
2096,3,29,7,9754.6397,39.668868,PGCB_2025
2097,3,29,8,9864.4084,40.115261,PGCB_2025
2098,3,29,9,10162.0374,41.325619,PGCB_2025
2099,3,29,10,10433.13,42.428062,PGCB_2025
2100,3,29,11,10809.3419,43.95799,PGCB_2025
2101,3,29,12,11300.8841,45.956929,PGCB_2025
2102,3,29,13,11672.9028,47.469805,PGCB_2025
2103,3,29,14,11286.9185,45.900135,PGCB_2025
2104,3,29,15,11749.3892,47.780849,PGCB_2025
2105,3,29,16,11699.1322,47.576471,PGCB_2025
2106,3,29,17,11781.9961,47.913451,PGCB_2025
2107,3,29,18,12103.407,49.220522,PGCB_2025
2108,3,29,19,12664.2334,51.501216,PGCB_2025
2109,3,29,20,12938.8086,52.617822,PGCB_2025
2110,3,29,21,13149.3455,53.474005,PGCB_2025
2111,3,29,22,12934.4224,52.599984,PGCB_2025
2112,3,29,23,12859.8573,52.296753,PGCB_2025
2113,3,30,0,12787.5115,52.002547,PGCB_2025
2114,3,30,1,12278.9509,49.9344,PGCB_2025
2115,3,30,2,11899.1072,48.389703,PGCB_2025
2116,3,30,3,12012.2708,48.849901,PGCB_2025
2117,3,30,4,11836.8234,48.136415,PGCB_2025
2118,3,30,5,11216.6167,45.614241,PGCB_2025
2119,3,30,6,10243.7608,41.657961,PGCB_2025
2120,3,30,7,10006.8629,40.694576,PGCB_2025
2121,3,30,8,9910.13,40.301195,PGCB_2025
2122,3,30,9,10152.1246,41.285307,PGCB_2025
2123,3,30,10,10400.0055,42.293356,PGCB_2025
2124,3,30,11,10522.5029,42.791512,PGCB_2025
2125,3,30,12,10707.4245,43.543526,PGCB_2025
2126,3,30,13,10999.4742,44.731195,PGCB_2025
2127,3,30,14,11477.8053,46.676408,PGCB_2025
2128,3,30,15,11643.1821,47.348941,PGCB_2025
2129,3,30,16,11467.8224,46.635811,PGCB_2025
2130,3,30,17,11537.2732,46.918244,PGCB_2025
2131,3,30,18,11870.3777,48.272869,PGCB_2025
2132,3,30,19,12570.8077,51.121285,PGCB_2025
2133,3,30,20,12425.1863,50.529091,PGCB_2025
2134,3,30,21,12588.9226,51.194952,PGCB_2025
2135,3,30,22,12466.3375,50.696439,PGCB_2025
2136,3,30,23,12412.0804,50.475794,PGCB_2025
2137,3,31,0,12254.283,49.834084,PGCB_2025
2138,3,31,1,11843.7272,48.164491,PGCB_2025
2139,3,31,2,11477.0333,46.673269,PGCB_2025
2140,3,31,3,11725.5897,47.684065,PGCB_2025
2141,3,31,4,11398.775,46.355018,PGCB_2025
2142,3,31,5,10691.0465,43.476922,PGCB_2025
2143,3,31,6,9792.1591,39.821447,PGCB_2025
2144,3,31,7,9512.4345,38.6839,PGCB_2025
2145,3,31,8,9419.5527,38.306181,PGCB_2025
2146,3,31,9,9590.3332,39.000688,PGCB_2025
2147,3,31,10,9523.8474,38.730313,PGCB_2025
2148,3,31,11,9748.8324,39.645252,PGCB_2025
2149,3,31,12,10029.0921,40.784975,PGCB_2025
2150,3,31,13,10507.8092,42.731757,PGCB_2025
2151,3,31,14,10882.6263,44.256014,PGCB_2025
2152,3,31,15,10878.6699,44.239924,PGCB_2025
2153,3,31,16,10769.7873,43.797135,PGCB_2025
2154,3,31,17,10794.9026,43.899271,PGCB_2025
2155,3,31,18,11127.7526,45.252861,PGCB_2025
2156,3,31,19,11440.5491,46.5249,PGCB_2025
2157,3,31,20,11115.0678,45.201276,PGCB_2025
2158,3,31,21,11078.1887,45.051301,PGCB_2025
2159,3,31,22,11150.1222,45.34383,PGCB_2025
2160,3,31,23,11143.1043,45.315291,PGCB_2025
2161,4,1,0,11111.9448,45.188576,PGCB_2025
2162,4,1,1,10882.5649,44.255764,PGCB_2025
2163,4,1,2,10585.1815,43.046405,PGCB_2025
2164,4,1,3,10233.4094,41.615865,PGCB_2025
2165,4,1,4,9894.7959,40.238837,PGCB_2025
2166,4,1,5,9789.5274,39.810745,PGCB_2025
2167,4,1,6,9676.5393,39.35126,PGCB_2025
2168,4,1,7,9967.4574,40.534327,PGCB_2025
2169,4,1,8,9510.4081,38.67566,PGCB_2025
2170,4,1,9,8584.7739,34.911414,PGCB_2025
2171,4,1,10,8512.8141,34.618777,PGCB_2025
2172,4,1,11,8753.8262,35.598893,PGCB_2025
2173,4,1,12,9015.0674,36.661274,PGCB_2025
2174,4,1,13,9262.2202,37.666362,PGCB_2025
2175,4,1,14,9444.6943,38.408423,PGCB_2025
2176,4,1,15,9356.26,38.048791,PGCB_2025
2177,4,1,16,9144.223,37.186507,PGCB_2025
2178,4,1,17,8879.5431,36.110142,PGCB_2025
2179,4,1,18,8556.2022,34.795222,PGCB_2025
2180,4,1,19,10348.3275,42.083199,PGCB_2025
2181,4,1,20,10518.5115,42.77528,PGCB_2025
2182,4,1,21,10730.066,43.635602,PGCB_2025
2183,4,1,22,10790.7269,43.882289,PGCB_2025
2184,4,1,23,10897.9604,44.318372,PGCB_2025
2185,4,2,0,10827.2989,44.031016,PGCB_2025
2186,4,2,1,10395.3649,42.274484,PGCB_2025
2187,4,2,2,10036.224,40.813978,PGCB_2025
2188,4,2,3,9749.35,39.647357,PGCB_2025
2189,4,2,4,9267.4924,37.687802,PGCB_2025
2190,4,2,5,9188.5498,37.366769,PGCB_2025
2191,4,2,6,8825.5316,35.890495,PGCB_2025
2192,4,2,7,8807.1798,35.815865,PGCB_2025
2193,4,2,8,9151.1181,37.214547,PGCB_2025
2194,4,2,9,9088.115,36.958334,PGCB_2025
2195,4,2,10,8982.0307,36.526925,PGCB_2025
2196,4,2,11,9021.173,36.686104,PGCB_2025
2197,4,2,12,9277.7824,37.729648,PGCB_2025
2198,4,2,13,9798.4138,39.846883,PGCB_2025
2199,4,2,14,10133.8605,41.211033,PGCB_2025
2200,4,2,15,10063.3833,40.924425,PGCB_2025
2201,4,2,16,9798.9928,39.849237,PGCB_2025
2202,4,2,17,9416.4473,38.293552,PGCB_2025
2203,4,2,18,9107.6247,37.037674,PGCB_2025
2204,4,2,19,10392.6279,42.263353,PGCB_2025
2205,4,2,20,11032.1338,44.864011,PGCB_2025
2206,4,2,21,10924.9266,44.428035,PGCB_2025
2207,4,2,22,11152.9118,45.355175,PGCB_2025
2208,4,2,23,11084.3206,45.076237,PGCB_2025
2209,4,3,0,11089.47,45.097178,PGCB_2025
2210,4,3,1,10706.7841,43.540922,PGCB_2025
2211,4,3,2,10386.6803,42.239167,PGCB_2025
2212,4,3,3,10202.3552,41.489578,PGCB_2025
2213,4,3,4,9944.7545,40.442002,PGCB_2025
2214,4,3,5,9760.4558,39.69252,PGCB_2025
2215,4,3,6,9477.1082,38.54024,PGCB_2025
2216,4,3,7,9333.2676,37.955288,PGCB_2025
2217,4,3,8,9323.118,37.914013,PGCB_2025
2218,4,3,9,9295.1078,37.800105,PGCB_2025
2219,4,3,10,9216.5074,37.480463,PGCB_2025
2220,4,3,11,9186.0058,37.356424,PGCB_2025
2221,4,3,12,9582.8153,38.970116,PGCB_2025
2222,4,3,13,10018.5302,40.742023,PGCB_2025
2223,4,3,14,10311.5712,41.933723,PGCB_2025
2224,4,3,15,10197.9602,41.471705,PGCB_2025
2225,4,3,16,9934.6049,40.400727,PGCB_2025
2226,4,3,17,9679.9079,39.364959,PGCB_2025
2227,4,3,18,9336.0397,37.966561,PGCB_2025
2228,4,3,19,11056.5473,44.963292,PGCB_2025
2229,4,3,20,11294.2259,45.929852,PGCB_2025
2230,4,3,21,11304.5949,45.972019,PGCB_2025
2231,4,3,22,11359.6853,46.196054,PGCB_2025
2232,4,3,23,11343.8337,46.13159,PGCB_2025
2233,4,4,0,11210.2217,45.588235,PGCB_2025
2234,4,4,1,10936.0939,44.473449,PGCB_2025
2235,4,4,2,10619.2358,43.184892,PGCB_2025
2236,4,4,3,10346.4326,42.075493,PGCB_2025
2237,4,4,4,10079.1122,40.98839,PGCB_2025
2238,4,4,5,9934.1575,40.398907,PGCB_2025
2239,4,4,6,9470.3447,38.512735,PGCB_2025
2240,4,4,7,9420.7633,38.311104,PGCB_2025
2241,4,4,8,9404.0607,38.24318,PGCB_2025
2242,4,4,9,9353.7687,38.038659,PGCB_2025
2243,4,4,10,9495.7583,38.616084,PGCB_2025
2244,4,4,11,9673.7234,39.339808,PGCB_2025
2245,4,4,12,9933.2101,40.395054,PGCB_2025
2246,4,4,13,10283.4295,41.81928,PGCB_2025
2247,4,4,14,10547.5831,42.893505,PGCB_2025
2248,4,4,15,10459.5699,42.535584,PGCB_2025
2249,4,4,16,10200.6885,41.4828,PGCB_2025
2250,4,4,17,9968.8961,40.540177,PGCB_2025
2251,4,4,18,9663.5562,39.298462,PGCB_2025
2252,4,4,19,11279.5146,45.870026,PGCB_2025
2253,4,4,20,11471.6296,46.651294,PGCB_2025
2254,4,4,21,11432.1539,46.490759,PGCB_2025
2255,4,4,22,11418.1181,46.43368,PGCB_2025
2256,4,4,23,11464.6117,46.622754,PGCB_2025
2257,4,5,0,11457.5938,46.594215,PGCB_2025
2258,4,5,1,11141.7884,45.309939,PGCB_2025
2259,4,5,2,10869.8449,44.204036,PGCB_2025
2260,4,5,3,10551.4078,42.909058,PGCB_2025
2261,4,5,4,10239.1114,41.639053,PGCB_2025
2262,4,5,5,10079.4543,40.989781,PGCB_2025
2263,4,5,6,9767.0614,39.719383,PGCB_2025
2264,4,5,7,9660.8017,39.28726,PGCB_2025
2265,4,5,8,9683.9081,39.381226,PGCB_2025
2266,4,5,9,9466.8533,38.498537,PGCB_2025
2267,4,5,10,9540.436,38.797773,PGCB_2025
2268,4,5,11,9628.5281,39.156014,PGCB_2025
2269,4,5,12,10072.8575,40.962954,PGCB_2025
2270,4,5,13,10695.5467,43.495223,PGCB_2025
2271,4,5,14,10262.0687,41.732413,PGCB_2025
2272,4,5,15,10083.1124,41.004657,PGCB_2025
2273,4,5,16,9733.665,39.583571,PGCB_2025
2274,4,5,17,9562.6651,38.888171,PGCB_2025
2275,4,5,18,9516.5312,38.70056,PGCB_2025
2276,4,5,19,11110.3833,45.182225,PGCB_2025
2277,4,5,20,11345.8689,46.139867,PGCB_2025
2278,4,5,21,11433.4698,46.496111,PGCB_2025
2279,4,5,22,11315.92,46.018075,PGCB_2025
2280,4,5,23,11403.6437,46.374818,PGCB_2025
2281,4,6,0,11362.4135,46.207148,PGCB_2025
2282,4,6,1,11139.5953,45.301021,PGCB_2025
2283,4,6,2,10791.3322,43.884751,PGCB_2025
2284,4,6,3,10497.4578,42.689662,PGCB_2025
2285,4,6,4,10243.9362,41.658674,PGCB_2025
2286,4,6,5,9991.292,40.631254,PGCB_2025
2287,4,6,6,9660.4069,39.285655,PGCB_2025
2288,4,6,7,9737.2616,39.598197,PGCB_2025
2289,4,6,8,9919.5076,40.339331,PGCB_2025
2290,4,6,9,10175.1784,41.379059,PGCB_2025
2291,4,6,10,10299.4829,41.884564,PGCB_2025
2292,4,6,11,10593.0854,43.078547,PGCB_2025
2293,4,6,12,11059.3632,44.974744,PGCB_2025
2294,4,6,13,11492.4552,46.735984,PGCB_2025
2295,4,6,14,11649.9192,47.376338,PGCB_2025
2296,4,6,15,11716.1506,47.645679,PGCB_2025
2297,4,6,16,11437.1278,46.510986,PGCB_2025
2298,4,6,17,11109.7956,45.179835,PGCB_2025
2299,4,6,18,10091.5602,41.039011,PGCB_2025
2300,4,6,19,11206.8794,45.574643,PGCB_2025
2301,4,6,20,10737.5576,43.666068,PGCB_2025
2302,4,6,21,11311.025,45.998168,PGCB_2025
2303,4,6,22,11532.5888,46.899194,PGCB_2025
2304,4,6,23,11609.6716,47.212665,PGCB_2025
2305,4,7,0,11716.5893,47.647463,PGCB_2025
2306,4,7,1,11588.0038,47.124549,PGCB_2025
2307,4,7,2,11097.5757,45.130141,PGCB_2025
2308,4,7,3,10790.2532,43.880363,PGCB_2025
2309,4,7,4,10624.3063,43.205512,PGCB_2025
2310,4,7,5,10439.5689,42.454247,PGCB_2025
2311,4,7,6,10046.6456,40.856359,PGCB_2025
2312,4,7,7,10203.8641,41.495714,PGCB_2025
2313,4,7,8,10360.0649,42.130931,PGCB_2025
2314,4,7,9,10789.0163,43.875333,PGCB_2025
2315,4,7,10,11033.8356,44.870931,PGCB_2025
2316,4,7,11,11348.0707,46.148821,PGCB_2025
2317,4,7,12,11739.1255,47.73911,PGCB_2025
2318,4,7,13,12178.2177,49.524752,PGCB_2025
2319,4,7,14,12418.2298,50.500801,PGCB_2025
2320,4,7,15,12439.88,50.588845,PGCB_2025
2321,4,7,16,12389.202,50.382755,PGCB_2025
2322,4,7,17,12045.0005,48.983002,PGCB_2025
2323,4,7,18,11549.2563,46.966976,PGCB_2025
2324,4,7,19,13176.8557,53.58588,PGCB_2025
2325,4,7,20,13198.9621,53.675779,PGCB_2025
2326,4,7,21,12951.704,52.670263,PGCB_2025
2327,4,7,22,12518.1734,50.907238,PGCB_2025
2328,4,7,23,11901.6512,48.400048,PGCB_2025
2329,4,8,0,10105.9468,41.097517,PGCB_2025
2330,4,8,1,9711.0147,39.49146,PGCB_2025
2331,4,8,2,9535.7427,38.778687,PGCB_2025
2332,4,8,3,9090.9835,36.97,PGCB_2025
2333,4,8,4,8475.6017,34.467447,PGCB_2025
2334,4,8,5,8129.7948,33.061166,PGCB_2025
2335,4,8,6,8240.6601,33.512018,PGCB_2025
2336,4,8,7,8594.0638,34.949193,PGCB_2025
2337,4,8,8,9062.9119,36.855842,PGCB_2025
2338,4,8,9,9372.6293,38.115359,PGCB_2025
2339,4,8,10,9883.848,40.194315,PGCB_2025
2340,4,8,11,10354.6787,42.109027,PGCB_2025
2341,4,8,12,11054.8893,44.95655,PGCB_2025
2342,4,8,13,11579.0911,47.088304,PGCB_2025
2343,4,8,14,11871.1584,48.276044,PGCB_2025
2344,4,8,15,11995.1384,48.780229,PGCB_2025
2345,4,8,16,12037.1668,48.951145,PGCB_2025
2346,4,8,17,11688.2106,47.532056,PGCB_2025
2347,4,8,18,11414.7495,46.419981,PGCB_2025
2348,4,8,19,12983.7232,52.800474,PGCB_2025
2349,4,8,20,12790.731,52.015639,PGCB_2025
2350,4,8,21,12782.3534,51.98157,PGCB_2025
2351,4,8,22,12593.2825,51.212682,PGCB_2025
2352,4,8,23,12565.4653,51.099559,PGCB_2025
2353,4,9,0,12521.4543,50.920581,PGCB_2025
2354,4,9,1,12148.1724,49.402568,PGCB_2025
2355,4,9,2,11703.5711,47.594522,PGCB_2025
2356,4,9,3,11345.8601,46.139831,PGCB_2025
2357,4,9,4,10934.2341,44.465885,PGCB_2025
2358,4,9,5,10869.1782,44.201325,PGCB_2025
2359,4,9,6,10514.8271,42.760297,PGCB_2025
2360,4,9,7,10713.3546,43.567642,PGCB_2025
2361,4,9,8,10955.0246,44.550433,PGCB_2025
2362,4,9,9,11213.4499,45.601363,PGCB_2025
2363,4,9,10,11801.0496,47.990935,PGCB_2025
2364,4,9,11,12205.4998,49.635699,PGCB_2025
2365,4,9,12,12371.824,50.312084,PGCB_2025
2366,4,9,13,12678.1639,51.557867,PGCB_2025
2367,4,9,14,12766.1596,51.915716,PGCB_2025
2368,4,9,15,12852.6025,52.26725,PGCB_2025
2369,4,9,16,12702.9459,51.658647,PGCB_2025
2370,4,9,17,12503.4622,50.847413,PGCB_2025
2371,4,9,18,12036.5615,48.948683,PGCB_2025
2372,4,9,19,13438.5706,54.650187,PGCB_2025
2373,4,9,20,13580.4198,55.227041,PGCB_2025
2374,4,9,21,13597.8681,55.297997,PGCB_2025
2375,4,9,22,13510.7935,54.943894,PGCB_2025
2376,4,9,23,13378.0763,54.404177,PGCB_2025
2377,4,10,0,13115.721,53.337265,PGCB_2025
2378,4,10,1,12826.2679,52.160156,PGCB_2025
2379,4,10,2,12457.0739,50.658767,PGCB_2025
2380,4,10,3,11904.7215,48.412534,PGCB_2025
2381,4,10,4,11587.7056,47.123336,PGCB_2025
2382,4,10,5,11185.3959,45.487277,PGCB_2025
2383,4,10,6,10870.0993,44.20507,PGCB_2025
2384,4,10,7,11056.521,44.963185,PGCB_2025
2385,4,10,8,11201.1774,45.551455,PGCB_2025
2386,4,10,9,11492.6219,46.736662,PGCB_2025
2387,4,10,10,11863.2633,48.243937,PGCB_2025
2388,4,10,11,12241.0279,49.78018,PGCB_2025
2389,4,10,12,12590.7823,51.202515,PGCB_2025
2390,4,10,13,12749.2991,51.84715,PGCB_2025
2391,4,10,14,12935.4225,52.604052,PGCB_2025
2392,4,10,15,12898.1048,52.452293,PGCB_2025
2393,4,10,16,12836.8824,52.203322,PGCB_2025
2394,4,10,17,12635.346,51.38374,PGCB_2025
2395,4,10,18,12373.0082,50.3169,PGCB_2025
2396,4,10,19,13685.3988,55.653955,PGCB_2025
2397,4,10,20,13905.9625,56.550914,PGCB_2025
2398,4,10,21,13931.7533,56.655797,PGCB_2025
2399,4,10,22,13755.4286,55.938743,PGCB_2025
2400,4,10,23,13536.9966,55.050453,PGCB_2025
2401,4,11,0,13404.5338,54.511771,PGCB_2025
2402,4,11,1,13018.9881,52.943885,PGCB_2025
2403,4,11,2,12658.4436,51.477671,PGCB_2025
2404,4,11,3,12352.5511,50.233708,PGCB_2025
2405,4,11,4,12061.747,49.051104,PGCB_2025
2406,4,11,5,11799.4531,47.984443,PGCB_2025
2407,4,11,6,11536.703,46.915926,PGCB_2025
2408,4,11,7,11528.7289,46.883498,PGCB_2025
2409,4,11,8,11577.863,47.08331,PGCB_2025
2410,4,11,9,11664.9551,47.437484,PGCB_2025
2411,4,11,10,11986.6028,48.745518,PGCB_2025
2412,4,11,11,12170.27,49.492431,PGCB_2025
2413,4,11,12,12459.5301,50.668756,PGCB_2025
2414,4,11,13,12547.8679,51.027996,PGCB_2025
2415,4,11,14,12370.0519,50.304878,PGCB_2025
2416,4,11,15,12056.8169,49.031055,PGCB_2025
2417,4,11,16,11792.5492,47.956367,PGCB_2025
2418,4,11,17,11426.0659,46.466001,PGCB_2025
2419,4,11,18,9800.835,39.856729,PGCB_2025
2420,4,11,19,11480.4019,46.686968,PGCB_2025
2421,4,11,20,11876.9131,48.299447,PGCB_2025
2422,4,11,21,11886.4224,48.338118,PGCB_2025
2423,4,11,22,11343.9477,46.132054,PGCB_2025
2424,4,11,23,10503.7739,42.715347,PGCB_2025
2425,4,12,0,9823.1256,39.947377,PGCB_2025
2426,4,12,1,9687.1539,39.394426,PGCB_2025
2427,4,12,2,9566.9724,38.905688,PGCB_2025
2428,4,12,3,9509.0747,38.670237,PGCB_2025
2429,4,12,4,9337.1363,37.971021,PGCB_2025
2430,4,12,5,9108.1774,37.039921,PGCB_2025
2431,4,12,6,8699.8674,35.379461,PGCB_2025
2432,4,12,7,8642.1715,35.144831,PGCB_2025
2433,4,12,8,8811.2765,35.832524,PGCB_2025
2434,4,12,9,9147.3811,37.19935,PGCB_2025
2435,4,12,10,9410.9996,38.271398,PGCB_2025
2436,4,12,11,9831.1962,39.980198,PGCB_2025
2437,4,12,12,10616.3234,43.173048,PGCB_2025
2438,4,12,13,11151.2889,45.348575,PGCB_2025
2439,4,12,14,10734.2153,43.652476,PGCB_2025
2440,4,12,15,10900.0833,44.327005,PGCB_2025
2441,4,12,16,10508.432,42.73429,PGCB_2025
2442,4,12,17,10271.9903,41.772761,PGCB_2025
2443,4,12,18,10154.2212,41.293833,PGCB_2025
2444,4,12,19,11835.6917,48.131813,PGCB_2025
2445,4,12,20,12317.1984,50.08994,PGCB_2025
2446,4,12,21,12411.633,50.473974,PGCB_2025
2447,4,12,22,12386.1668,50.370412,PGCB_2025
2448,4,12,23,12335.4888,50.164321,PGCB_2025
2449,4,13,0,12061.6329,49.05064,PGCB_2025
2450,4,13,1,11706.0273,47.604511,PGCB_2025
2451,4,13,2,11437.4173,46.512164,PGCB_2025
2452,4,13,3,11065.8197,45.001,PGCB_2025
2453,4,13,4,10779.8404,43.838018,PGCB_2025
2454,4,13,5,10391.9261,42.260499,PGCB_2025
2455,4,13,6,9969.2996,40.541818,PGCB_2025
2456,4,13,7,10158.046,41.309387,PGCB_2025
2457,4,13,8,10379.5746,42.21027,PGCB_2025
2458,4,13,9,10722.2585,43.603851,PGCB_2025
2459,4,13,10,10907.5837,44.357507,PGCB_2025
2460,4,13,11,11407.4158,46.390158,PGCB_2025
2461,4,13,12,11706.7291,47.607365,PGCB_2025
2462,4,13,13,11845.7712,48.172803,PGCB_2025
2463,4,13,14,12099.4331,49.204361,PGCB_2025
2464,4,13,15,12284.688,49.957731,PGCB_2025
2465,4,13,16,12107.4773,49.237074,PGCB_2025
2466,4,13,17,12020.4203,48.883043,PGCB_2025
2467,4,13,18,11985.0764,48.739311,PGCB_2025
2468,4,13,19,13211.3662,53.726223,PGCB_2025
2469,4,13,20,13387.2522,54.441492,PGCB_2025
2470,4,13,21,13465.7649,54.760777,PGCB_2025
2471,4,13,22,13421.4645,54.580622,PGCB_2025
2472,4,13,23,13333.3021,54.222095,PGCB_2025
2473,4,14,0,13158.8197,53.512533,PGCB_2025
2474,4,14,1,12939.8613,52.622103,PGCB_2025
2475,4,14,2,12501.2428,50.838387,PGCB_2025
2476,4,14,3,12000.779,48.803168,PGCB_2025
2477,4,14,4,11157.5787,45.374153,PGCB_2025
2478,4,14,5,10460.1752,42.538046,PGCB_2025
2479,4,14,6,9770.3949,39.732939,PGCB_2025
2480,4,14,7,9069.8947,36.884238,PGCB_2025
2481,4,14,8,8521.9198,34.655807,PGCB_2025
2482,4,14,9,8670.2431,35.258989,PGCB_2025
2483,4,14,10,9374.5241,38.123065,PGCB_2025
2484,4,14,11,9842.8547,40.027609,PGCB_2025
2485,4,14,12,10743.821,43.691539,PGCB_2025
2486,4,14,13,11621.9705,47.26268,PGCB_2025
2487,4,14,14,11920.1258,48.475178,PGCB_2025
2488,4,14,15,12046.2725,48.988175,PGCB_2025
2489,4,14,16,12381.0086,50.349435,PGCB_2025
2490,4,14,17,12311.8385,50.068143,PGCB_2025
2491,4,14,18,11888.7383,48.347536,PGCB_2025
2492,4,14,19,13159.6092,53.515744,PGCB_2025
2493,4,14,20,13493.5997,54.873972,PGCB_2025
2494,4,14,21,13265.1671,53.945013,PGCB_2025
2495,4,14,22,13133.7658,53.410648,PGCB_2025
2496,4,14,23,13046.3754,53.05526,PGCB_2025
2497,4,15,0,13000.8819,52.870253,PGCB_2025
2498,4,15,1,12493.1108,50.805317,PGCB_2025
2499,4,15,2,12054.5273,49.021744,PGCB_2025
2500,4,15,3,11668.657,47.452538,PGCB_2025
2501,4,15,4,11448.874,46.558754,PGCB_2025
2502,4,15,5,11115.7959,45.204237,PGCB_2025
2503,4,15,6,10597.533,43.096634,PGCB_2025
2504,4,15,7,10454.9644,42.516855,PGCB_2025
2505,4,15,8,10377.8553,42.203278,PGCB_2025
2506,4,15,9,10298.9916,41.882566,PGCB_2025
2507,4,15,10,10599.226,43.103519,PGCB_2025
2508,4,15,11,10786.2881,43.864238,PGCB_2025
2509,4,15,12,11300.3753,45.95486,PGCB_2025
2510,4,15,13,11827.472,48.098386,PGCB_2025
2511,4,15,14,11765.8023,47.847596,PGCB_2025
2512,4,15,15,11807.8131,48.01844,PGCB_2025
2513,4,15,16,11278.19,45.864639,PGCB_2025
2514,4,15,17,10748.7336,43.711517,PGCB_2025
2515,4,15,18,10535.3018,42.843561,PGCB_2025
2516,4,15,19,12339.603,50.181052,PGCB_2025
2517,4,15,20,12602.2654,51.249213,PGCB_2025
2518,4,15,21,12763.7998,51.906119,PGCB_2025
2519,4,15,22,12640.9866,51.406679,PGCB_2025
2520,4,15,23,11948.4079,48.590192,PGCB_2025
2521,4,16,0,11436.5401,46.508596,PGCB_2025
2522,4,16,1,10544.39,42.880519,PGCB_2025
2523,4,16,2,9641.713,39.209633,PGCB_2025
2524,4,16,3,9153.9691,37.226141,PGCB_2025
2525,4,16,4,8968.8721,36.473413,PGCB_2025
2526,4,16,5,8614.4683,35.032171,PGCB_2025
2527,4,16,6,8479.9265,34.485034,PGCB_2025
2528,4,16,7,8999.0578,36.596168,PGCB_2025
2529,4,16,8,9443.0188,38.40161,PGCB_2025
2530,4,16,9,10030.2237,40.789576,PGCB_2025
2531,4,16,10,10744.2684,43.693358,PGCB_2025
2532,4,16,11,11231.1262,45.673247,PGCB_2025
2533,4,16,12,12091.2309,49.171006,PGCB_2025
2534,4,16,13,12372.4994,50.314831,PGCB_2025
2535,4,16,14,12375.289,50.326175,PGCB_2025
2536,4,16,15,12546.9556,51.024286,PGCB_2025
2537,4,16,16,12576.2904,51.143581,PGCB_2025
2538,4,16,17,12234.8697,49.755137,PGCB_2025
2539,4,16,18,11766.8462,47.851841,PGCB_2025
2540,4,16,19,13550.8569,55.106818,PGCB_2025
2541,4,16,20,13535.0667,55.042605,PGCB_2025
2542,4,16,21,13431.0088,54.619436,PGCB_2025
2543,4,16,22,13242.1046,53.851225,PGCB_2025
2544,4,16,23,13180.9085,53.602361,PGCB_2025
2545,4,17,0,12860.6117,52.299821,PGCB_2025
2546,4,17,1,12470.2675,50.712421,PGCB_2025
2547,4,17,2,12058.9135,49.039582,PGCB_2025
2548,4,17,3,11678.3944,47.492137,PGCB_2025
2549,4,17,4,11407.2404,46.389444,PGCB_2025
2550,4,17,5,11217.3273,45.617131,PGCB_2025
2551,4,17,6,10723.3375,43.608239,PGCB_2025
2552,4,17,7,10885.9334,44.269462,PGCB_2025
2553,4,17,8,10941.9012,44.497065,PGCB_2025
2554,4,17,9,11450.2162,46.564213,PGCB_2025
2555,4,17,10,11906.3707,48.419241,PGCB_2025
2556,4,17,11,12099.0734,49.202898,PGCB_2025
2557,4,17,12,12372.0959,50.31319,PGCB_2025
2558,4,17,13,12248.3879,49.810111,PGCB_2025
2559,4,17,14,11183.0098,45.477573,PGCB_2025
2560,4,17,15,9891.401,40.225031,PGCB_2025
2561,4,17,16,7950.8823,32.333588,PGCB_2025
2562,4,17,17,8598.3798,34.966745,PGCB_2025
2563,4,17,18,9338.7767,37.977692,PGCB_2025
2564,4,17,19,10460.1752,42.538046,PGCB_2025
2565,4,17,20,10937.3922,44.478728,PGCB_2025
2566,4,17,21,11075.1184,45.038815,PGCB_2025
2567,4,17,22,11088.277,45.092326,PGCB_2025
2568,4,17,23,10993.5353,44.707044,PGCB_2025
2569,4,18,0,10772.4716,43.808051,PGCB_2025
2570,4,18,1,10554.9168,42.923328,PGCB_2025
2571,4,18,2,10085.5949,41.014753,PGCB_2025
2572,4,18,3,9672.4163,39.334493,PGCB_2025
2573,4,18,4,9420.6492,38.31064,PGCB_2025
2574,4,18,5,9063.6137,36.858696,PGCB_2025
2575,4,18,6,8668.4886,35.251854,PGCB_2025
2576,4,18,7,9098.1506,36.999146,PGCB_2025
2577,4,18,8,9048.806,36.798478,PGCB_2025
2578,4,18,9,9455.2124,38.451197,PGCB_2025
2579,4,18,10,9765.5438,39.713211,PGCB_2025
2580,4,18,11,9633.1862,39.174957,PGCB_2025
2581,4,18,12,9073.2721,36.897973,PGCB_2025
2582,4,18,13,9117.827,37.079163,PGCB_2025
2583,4,18,14,8819.312,35.865202,PGCB_2025
2584,4,18,15,8910.5359,36.236179,PGCB_2025
2585,4,18,16,9024.2872,36.698768,PGCB_2025
2586,4,18,17,8924.3611,36.292402,PGCB_2025
2587,4,18,18,9244.9737,37.596226,PGCB_2025
2588,4,18,19,10564.7243,42.963212,PGCB_2025
2589,4,18,20,10589.2519,43.062958,PGCB_2025
2590,4,18,21,10579.9181,43.025,PGCB_2025
2591,4,18,22,10309.729,41.926231,PGCB_2025
2592,4,18,23,10128.1409,41.187773,PGCB_2025
2593,4,19,0,9958.3956,40.497475,PGCB_2025
2594,4,19,1,9605.3076,39.061584,PGCB_2025
2595,4,19,2,9255.29,37.638179,PGCB_2025
2596,4,19,3,8917.5537,36.264718,PGCB_2025
2597,4,19,4,8680.6997,35.301512,PGCB_2025
2598,4,19,5,8531.5694,34.695049,PGCB_2025
2599,4,19,6,8226.019,33.452477,PGCB_2025
2600,4,19,7,8433.547,34.296424,PGCB_2025
2601,4,19,8,8467.3381,34.433842,PGCB_2025
2602,4,19,9,8583.0632,34.904457,PGCB_2025
2603,4,19,10,8676.8487,35.285851,PGCB_2025
2604,4,19,11,9005.374,36.621854,PGCB_2025
2605,4,19,12,9690.2768,39.407126,PGCB_2025
2606,4,19,13,10114.7543,41.133334,PGCB_2025
2607,4,19,14,9124.3712,37.105776,PGCB_2025
2608,4,19,15,9026.2785,36.706866,PGCB_2025
2609,4,19,16,8505.726,34.589952,PGCB_2025
2610,4,19,17,8382.0005,34.086802,PGCB_2025
2611,4,19,18,8669.3746,35.255457,PGCB_2025
2612,4,19,19,10164.6779,41.336357,PGCB_2025
2613,4,19,20,10247.6206,41.673657,PGCB_2025
2614,4,19,21,10298.9039,41.882209,PGCB_2025
2615,4,19,22,10296.3599,41.871864,PGCB_2025
2616,4,19,23,10215.4348,41.542768,PGCB_2025
2617,4,20,0,10028.8903,40.784154,PGCB_2025
2618,4,20,1,9667.6529,39.315122,PGCB_2025
2619,4,20,2,9179.4266,37.329668,PGCB_2025
2620,4,20,3,8889.7716,36.151738,PGCB_2025
2621,4,20,4,8603.2222,34.986437,PGCB_2025
2622,4,20,5,8498.0151,34.558595,PGCB_2025
2623,4,20,6,8352.3411,33.966187,PGCB_2025
2624,4,20,7,8651.3386,35.18211,PGCB_2025
2625,4,20,8,8770.2656,35.665747,PGCB_2025
2626,4,20,9,9182.6899,37.342939,PGCB_2025
2627,4,20,10,9359.769,38.063061,PGCB_2025
2628,4,20,11,9800.9578,39.857228,PGCB_2025
2629,4,20,12,10501.4843,42.706036,PGCB_2025
2630,4,20,13,10824.8514,44.021062,PGCB_2025
2631,4,20,14,10785.7968,43.86224,PGCB_2025
2632,4,20,15,10584.1463,43.042195,PGCB_2025
2633,4,20,16,10791.0076,43.883431,PGCB_2025
2634,4,20,17,10648.518,43.303973,PGCB_2025
2635,4,20,18,10712.9862,43.566144,PGCB_2025
2636,4,20,19,12483.7945,50.767431,PGCB_2025
2637,4,20,20,12575.6588,51.141012,PGCB_2025
2638,4,20,21,12547.9995,51.028531,PGCB_2025
2639,4,20,22,12352.3756,50.232994,PGCB_2025
2640,4,20,23,12035.693,48.945152,PGCB_2025
2641,4,21,0,11947.7675,48.587588,PGCB_2025
2642,4,21,1,11535.6679,46.911716,PGCB_2025
2643,4,21,2,11211.5288,45.59355,PGCB_2025
2644,4,21,3,10773.7875,43.813403,PGCB_2025
2645,4,21,4,10448.3325,42.489885,PGCB_2025
2646,4,21,5,10254.4631,41.701483,PGCB_2025
2647,4,21,6,9862.6188,40.107983,PGCB_2025
2648,4,21,7,10124.9566,41.174824,PGCB_2025
2649,4,21,8,10058.962,40.906445,PGCB_2025
2650,4,21,9,10654.0797,43.326591,PGCB_2025
2651,4,21,10,11069.7673,45.017054,PGCB_2025
2652,4,21,11,11324.5257,46.053071,PGCB_2025
2653,4,21,12,11776.0747,47.88937,PGCB_2025
2654,4,21,13,12353.4108,50.237204,PGCB_2025
2655,4,21,14,12416.3613,50.493203,PGCB_2025
2656,4,21,15,12613.8449,51.296303,PGCB_2025
2657,4,21,16,12459.5389,50.668792,PGCB_2025
2658,4,21,17,12085.8798,49.149245,PGCB_2025
2659,4,21,18,12036.772,48.949539,PGCB_2025
2660,4,21,19,13312.9678,54.139402,PGCB_2025
2661,4,21,20,13773.6752,56.012946,PGCB_2025
2662,4,21,21,13816.6598,56.18775,PGCB_2025
2663,4,21,22,13553.4097,55.117199,PGCB_2025
2664,4,21,23,13511.0479,54.944928,PGCB_2025
2665,4,22,0,13422.3768,54.584332,PGCB_2025
2666,4,22,1,12851.7165,52.263647,PGCB_2025
2667,4,22,2,12501.6726,50.840135,PGCB_2025
2668,4,22,3,12017.9202,48.872875,PGCB_2025
2669,4,22,4,11623.4442,47.268673,PGCB_2025
2670,4,22,5,11219.8801,45.627512,PGCB_2025
2671,4,22,6,10580.6462,43.027961,PGCB_2025
2672,4,22,7,10458.7365,42.532195,PGCB_2025
2673,4,22,8,9754.2537,39.667298,PGCB_2025
2674,4,22,9,8957.1435,36.425717,PGCB_2025
2675,4,22,10,9361.1638,38.068733,PGCB_2025
2676,4,22,11,10240.4536,41.644511,PGCB_2025
2677,4,22,12,10906.917,44.354796,PGCB_2025
2678,4,22,13,11249.7763,45.74909,PGCB_2025
2679,4,22,14,11213.0727,45.599829,PGCB_2025
2680,4,22,15,11563.257,47.023912,PGCB_2025
2681,4,22,16,11484.4548,46.70345,PGCB_2025
2682,4,22,17,11335.5525,46.097914,PGCB_2025
2683,4,22,18,11124.1823,45.238341,PGCB_2025
2684,4,22,19,12955.9147,52.687386,PGCB_2025
2685,4,22,20,13132.2394,53.40444,PGCB_2025
2686,4,22,21,13149.7841,53.475789,PGCB_2025
2687,4,22,22,12939.2472,52.619605,PGCB_2025
2688,4,22,23,12698.007,51.638562,PGCB_2025
2689,4,23,0,12623.0734,51.333832,PGCB_2025
2690,4,23,1,12036.2194,48.947292,PGCB_2025
2691,4,23,2,11710.2381,47.621635,PGCB_2025
2692,4,23,3,11404.0823,46.376601,PGCB_2025
2693,4,23,4,11053.1875,44.949629,PGCB_2025
2694,4,23,5,10859.3181,44.161227,PGCB_2025
2695,4,23,6,10540.8196,42.866,PGCB_2025
2696,4,23,7,10778.2087,43.831382,PGCB_2025
2697,4,23,8,10665.8347,43.374394,PGCB_2025
2698,4,23,9,10953.2263,44.54312,PGCB_2025
2699,4,23,10,11318.8149,46.029847,PGCB_2025
2700,4,23,11,11615.4175,47.236031,PGCB_2025
2701,4,23,12,12002.8931,48.811765,PGCB_2025
2702,4,23,13,12378.219,50.338091,PGCB_2025
2703,4,23,14,12564.6056,51.096063,PGCB_2025
2704,4,23,15,12774.7565,51.950676,PGCB_2025
2705,4,23,16,12506.9009,50.861397,PGCB_2025
2706,4,23,17,12134.7419,49.34795,PGCB_2025
2707,4,23,18,11994.033,48.775734,PGCB_2025
2708,4,23,19,13290.3789,54.047541,PGCB_2025
2709,4,23,20,13817.3967,56.190747,PGCB_2025
2710,4,23,21,13799.8607,56.119434,PGCB_2025
2711,4,23,22,13703.0225,55.725625,PGCB_2025
2712,4,23,23,13545.3654,55.084486,PGCB_2025
2713,4,24,0,13352.7329,54.301114,PGCB_2025
2714,4,24,1,12721.2363,51.733028,PGCB_2025
2715,4,24,2,12282.644,49.949419,PGCB_2025
2716,4,24,3,12053.3869,49.017107,PGCB_2025
2717,4,24,4,11808.1465,48.019796,PGCB_2025
2718,4,24,5,11641.1381,47.340628,PGCB_2025
2719,4,24,6,11213.2482,45.600543,PGCB_2025
2720,4,24,7,11301.4193,45.959105,PGCB_2025
2721,4,24,8,11090.8823,45.102921,PGCB_2025
2722,4,24,9,11214.4763,45.605537,PGCB_2025
2723,4,24,10,11464.4275,46.622005,PGCB_2025
2724,4,24,11,11805.8481,48.010449,PGCB_2025
2725,4,24,12,12138.0227,49.361292,PGCB_2025
2726,4,24,13,12388.7546,50.380935,PGCB_2025
2727,4,24,14,12396.0357,50.410545,PGCB_2025
2728,4,24,15,12529.981,50.955256,PGCB_2025
2729,4,24,16,12721.5784,51.734419,PGCB_2025
2730,4,24,17,12415.6156,50.49017,PGCB_2025
2731,4,24,18,12282.1352,49.94735,PGCB_2025
2732,4,24,19,13859.9076,56.363624,PGCB_2025
2733,4,24,20,14058.7772,57.172361,PGCB_2025
2734,4,24,21,14080.445,57.260476,PGCB_2025
2735,4,24,22,14017.7225,57.005405,PGCB_2025
2736,4,24,23,13922.1037,56.616555,PGCB_2025
2737,4,25,0,13842.9769,56.294773,PGCB_2025
2738,4,25,1,13387.2522,54.441492,PGCB_2025
2739,4,25,2,13027.585,52.978846,PGCB_2025
2740,4,25,3,12703.0073,51.658896,PGCB_2025
2741,4,25,4,12412.6418,50.478077,PGCB_2025
2742,4,25,5,12079.9935,49.125307,PGCB_2025
2743,4,25,6,11615.435,47.236102,PGCB_2025
2744,4,25,7,11450.1899,46.564106,PGCB_2025
2745,4,25,8,11544.4578,46.947462,PGCB_2025
2746,4,25,9,11761.188,47.828831,PGCB_2025
2747,4,25,10,12125.1098,49.30878,PGCB_2025
2748,4,25,11,12734.8598,51.78843,PGCB_2025
2749,4,25,12,12923.1675,52.554215,PGCB_2025
2750,4,25,13,13121.2652,53.359812,PGCB_2025
2751,4,25,14,13143.9505,53.452065,PGCB_2025
2752,4,25,15,13204.8659,53.699788,PGCB_2025
2753,4,25,16,13270.1411,53.96524,PGCB_2025
2754,4,25,17,12854.8307,52.276312,PGCB_2025
2755,4,25,18,12525.7177,50.937919,PGCB_2025
2756,4,25,19,14169.0635,57.620858,PGCB_2025
2757,4,25,20,14344.0986,58.332668,PGCB_2025
2758,4,25,21,14274.0337,58.047737,PGCB_2025
2759,4,25,22,14239.2863,57.906431,PGCB_2025
2760,4,25,23,14133.1494,57.474808,PGCB_2025
2761,4,26,0,14036.3814,57.081284,PGCB_2025
2762,4,26,1,13764.0168,55.973668,PGCB_2025
2763,4,26,2,13431.2457,54.620399,PGCB_2025
2764,4,26,3,13045.0245,53.049766,PGCB_2025
2765,4,26,4,12694.3753,51.623793,PGCB_2025
2766,4,26,5,12368.7098,50.29942,PGCB_2025
2767,4,26,6,11827.1913,48.097245,PGCB_2025
2768,4,26,7,11442.4,46.532427,PGCB_2025
2769,4,26,8,11267.4614,45.82101,PGCB_2025
2770,4,26,9,11134.753,45.281329,PGCB_2025
2771,4,26,10,11030.6337,44.85791,PGCB_2025
2772,4,26,11,11381.2127,46.283598,PGCB_2025
2773,4,26,12,11865.1494,48.251608,PGCB_2025
2774,4,26,13,12266.0379,49.881887,PGCB_2025
2775,4,26,14,11867.6495,48.261775,PGCB_2025
2776,4,26,15,12232.5187,49.745576,PGCB_2025
2777,4,26,16,12104.2842,49.224089,PGCB_2025
2778,4,26,17,11576.4682,47.077637,PGCB_2025
2779,4,26,18,11168.4915,45.418532,PGCB_2025
2780,4,26,19,12869.8315,52.337315,PGCB_2025
2781,4,26,20,13536.8212,55.04974,PGCB_2025
2782,4,26,21,13765.4818,55.979626,PGCB_2025
2783,4,26,22,13720.6462,55.797295,PGCB_2025
2784,4,26,23,13686.8111,55.659698,PGCB_2025
2785,4,27,0,13598.0523,55.298746,PGCB_2025
2786,4,27,1,13290.9316,54.049789,PGCB_2025
2787,4,27,2,12825.8907,52.158622,PGCB_2025
2788,4,27,3,12474.6274,50.730151,PGCB_2025
2789,4,27,4,12175.8317,49.515049,PGCB_2025
2790,4,27,5,12061.8171,49.05139,PGCB_2025
2791,4,27,6,11703.6763,47.59495,PGCB_2025
2792,4,27,7,11527.9131,46.88018,PGCB_2025
2793,4,27,8,11414.6618,46.419625,PGCB_2025
2794,4,27,9,11275.3302,45.853009,PGCB_2025
2795,4,27,10,11204.9232,45.566688,PGCB_2025
2796,4,27,11,11371.3965,46.243679,PGCB_2025
2797,4,27,12,11888.1856,48.345288,PGCB_2025
2798,4,27,13,12265.4941,49.879676,PGCB_2025
2799,4,27,14,12320.0933,50.101713,PGCB_2025
2800,4,27,15,12651.4521,51.449239,PGCB_2025
2801,4,27,16,12907.7369,52.491463,PGCB_2025
2802,4,27,17,12968.8715,52.740077,PGCB_2025
2803,4,27,18,12456.5651,50.656698,PGCB_2025
2804,4,27,19,13286.0892,54.030096,PGCB_2025
2805,4,27,20,13947.1225,56.718298,PGCB_2025
2806,4,27,21,14034.4164,57.073293,PGCB_2025
2807,4,27,22,13991.1861,56.89749,PGCB_2025
2808,4,27,23,13568.235,55.177489,PGCB_2025
2809,4,28,0,13532.2507,55.031153,PGCB_2025
2810,4,28,1,13203.1026,53.692617,PGCB_2025
2811,4,28,2,12720.6485,51.730637,PGCB_2025
2812,4,28,3,11915.3361,48.4557,PGCB_2025
2813,4,28,4,11408.2141,46.393404,PGCB_2025
2814,4,28,5,11213.1604,45.600186,PGCB_2025
2815,4,28,6,10995.6583,44.715677,PGCB_2025
2816,4,28,7,11027.116,44.843605,PGCB_2025
2817,4,28,8,10951.621,44.536592,PGCB_2025
2818,4,28,9,11406.3193,46.385698,PGCB_2025
2819,4,28,10,11730.7391,47.705006,PGCB_2025
2820,4,28,11,12221.9392,49.702553,PGCB_2025
2821,4,28,12,12704.5512,51.665175,PGCB_2025
2822,4,28,13,12992.7675,52.837255,PGCB_2025
2823,4,28,14,13002.8118,52.878101,PGCB_2025
2824,4,28,15,13204.4009,53.697897,PGCB_2025
2825,4,28,16,12940.5017,52.624707,PGCB_2025
2826,4,28,17,12748.2113,51.842726,PGCB_2025
2827,4,28,18,12546.324,51.021718,PGCB_2025
2828,4,28,19,13745.586,55.898716,PGCB_2025
2829,4,28,20,14048.4697,57.130443,PGCB_2025
2830,4,28,21,13992.7827,56.903983,PGCB_2025
2831,4,28,22,13843.6524,56.29752,PGCB_2025
2832,4,28,23,13817.23,56.190069,PGCB_2025
2833,4,29,0,13741.2086,55.880915,PGCB_2025
2834,4,29,1,13370.1373,54.371892,PGCB_2025
2835,4,29,2,13054.3144,53.087545,PGCB_2025
2836,4,29,3,12387.5002,50.375834,PGCB_2025
2837,4,29,4,11773.5307,47.879025,PGCB_2025
2838,4,29,5,11361.6504,46.204045,PGCB_2025
2839,4,29,6,10607.5861,43.137517,PGCB_2025
2840,4,29,7,10173.5994,41.372638,PGCB_2025
2841,4,29,8,9809.739,39.892939,PGCB_2025
2842,4,29,9,10005.0909,40.68737,PGCB_2025
2843,4,29,10,9990.9235,40.629756,PGCB_2025
2844,4,29,11,10250.498,41.685359,PGCB_2025
2845,4,29,12,10732.7503,43.646518,PGCB_2025
2846,4,29,13,10629.7451,43.22763,PGCB_2025
2847,4,29,14,10713.916,43.569925,PGCB_2025
2848,4,29,15,10850.0895,44.123697,PGCB_2025
2849,4,29,16,10370.3198,42.172634,PGCB_2025
2850,4,29,17,10177.9592,41.390367,PGCB_2025
2851,4,29,18,9880.4004,40.180295,PGCB_2025
2852,4,29,19,11085.2066,45.07984,PGCB_2025
2853,4,29,20,11134.3319,45.279616,PGCB_2025
2854,4,29,21,11125.7262,45.24462,PGCB_2025
2855,4,29,22,11053.284,44.950022,PGCB_2025
2856,4,29,23,10764.2519,43.774624,PGCB_2025
2857,4,30,0,10426.0858,42.399416,PGCB_2025
2858,4,30,1,9947.9652,40.455058,PGCB_2025
2859,4,30,2,9226.6833,37.521845,PGCB_2025
2860,4,30,3,8690.5248,35.341468,PGCB_2025
2861,4,30,4,8455.1445,34.384254,PGCB_2025
2862,4,30,5,7946.1803,32.314467,PGCB_2025
2863,4,30,6,7990.9019,32.496334,PGCB_2025
2864,4,30,7,8388.071,34.111489,PGCB_2025
2865,4,30,8,8713.3593,35.434328,PGCB_2025
2866,4,30,9,9349.4439,38.021072,PGCB_2025
2867,4,30,10,10033.6713,40.803597,PGCB_2025
2868,4,30,11,10697.3801,43.502679,PGCB_2025
2869,4,30,12,11218.5028,45.621911,PGCB_2025
2870,4,30,13,11502.8943,46.778437,PGCB_2025
2871,4,30,14,11371.335,46.243429,PGCB_2025
2872,4,30,15,11477.8404,46.676551,PGCB_2025
2873,4,30,16,11364.0978,46.213998,PGCB_2025
2874,4,30,17,10887.6441,44.276419,PGCB_2025
2875,4,30,18,10923.8476,44.423647,PGCB_2025
2876,4,30,19,12342.033,50.190934,PGCB_2025
2877,4,30,20,12222.1673,49.70348,PGCB_2025
2878,4,30,21,12093.1521,49.178819,PGCB_2025
2879,4,30,22,12011.1304,48.845264,PGCB_2025
2880,4,30,23,11761.995,47.832113,PGCB_2025
2881,5,1,0,11604.9696,47.193543,PGCB_2025
2882,5,1,1,11044.8537,44.915738,PGCB_2025
2883,5,1,2,10654.4832,43.328232,PGCB_2025
2884,5,1,3,10351.8364,42.097468,PGCB_2025
2885,5,1,4,10035.5924,40.811409,PGCB_2025
2886,5,1,5,9864.5312,40.11576,PGCB_2025
2887,5,1,6,9813.555,39.908457,PGCB_2025
2888,5,1,7,9907.6211,40.290992,PGCB_2025
2889,5,1,8,10116.8158,41.141718,PGCB_2025
2890,5,1,9,10422.2259,42.383719,PGCB_2025
2891,5,1,10,10944.5855,44.507981,PGCB_2025
2892,5,1,11,11378.0371,46.270684,PGCB_2025
2893,5,1,12,11774.0132,47.880987,PGCB_2025
2894,5,1,13,12028.8506,48.917326,PGCB_2025
2895,5,1,14,11517.2371,46.836764,PGCB_2025
2896,5,1,15,11433.654,46.49686,PGCB_2025
2897,5,1,16,11309.7091,45.992817,PGCB_2025
2898,5,1,17,10801.3853,43.925634,PGCB_2025
2899,5,1,18,10682.7653,43.443246,PGCB_2025
2900,5,1,19,12226.764,49.722174,PGCB_2025
2901,5,1,20,12259.1429,49.853848,PGCB_2025
2902,5,1,21,12210.7281,49.656961,PGCB_2025
2903,5,1,22,11825.5947,48.090752,PGCB_2025
2904,5,1,23,11513.079,46.819855,PGCB_2025
2905,5,2,0,11321.0694,46.039016,PGCB_2025
2906,5,2,1,11055.2841,44.958155,PGCB_2025
2907,5,2,2,10616.2006,43.172549,PGCB_2025
2908,5,2,3,10360.2579,42.131715,PGCB_2025
2909,5,2,4,10053.6986,40.885041,PGCB_2025
2910,5,2,5,9792.1416,39.821376,PGCB_2025
2911,5,2,6,9293.2569,37.792578,PGCB_2025
2912,5,2,7,9039.7002,36.761447,PGCB_2025
2913,5,2,8,8775.0554,35.685225,PGCB_2025
2914,5,2,9,8718.9911,35.45723,PGCB_2025
2915,5,2,10,8804.1182,35.803414,PGCB_2025
2916,5,2,11,9144.6441,37.188219,PGCB_2025
2917,5,2,12,9628.6071,39.156336,PGCB_2025
2918,5,2,13,9806.6335,39.88031,PGCB_2025
2919,5,2,14,9250.974,37.620628,PGCB_2025
2920,5,2,15,8811.4958,35.833416,PGCB_2025
2921,5,2,16,8516.1388,34.632298,PGCB_2025
2922,5,2,17,7990.2176,32.493552,PGCB_2025
2923,5,2,18,7904.4151,32.144621,PGCB_2025
2924,5,2,19,9596.4475,39.025553,PGCB_2025
2925,5,2,20,9974.1244,40.561439,PGCB_2025
2926,5,2,21,10025.0656,40.7686,PGCB_2025
2927,5,2,22,9861.0223,40.101491,PGCB_2025
2928,5,2,23,9717.1554,39.516432,PGCB_2025
2929,5,3,0,9744.3497,39.627022,PGCB_2025
2930,5,3,1,9360.1199,38.064488,PGCB_2025
2931,5,3,2,9150.4602,37.211871,PGCB_2025
2932,5,3,3,8817.9873,35.859815,PGCB_2025
2933,5,3,4,8475.8649,34.468517,PGCB_2025
2934,5,3,5,8328.489,33.869189,PGCB_2025
2935,5,3,6,8169.8583,33.22409,PGCB_2025
2936,5,3,7,8499.5152,34.564695,PGCB_2025
2937,5,3,8,8690.9108,35.343037,PGCB_2025
2938,5,3,9,8917.9573,36.26636,PGCB_2025
2939,5,3,10,9058.0871,36.836221,PGCB_2025
2940,5,3,11,9604.9918,39.0603,PGCB_2025
2941,5,3,12,10246.9452,41.67091,PGCB_2025
2942,5,3,13,10844.5191,44.101044,PGCB_2025
2943,5,3,14,10257.9457,41.715646,PGCB_2025
2944,5,3,15,10477.5533,42.608717,PGCB_2025
2945,5,3,16,10221.2421,41.566385,PGCB_2025
2946,5,3,17,9916.7005,40.327915,PGCB_2025
2947,5,3,18,9857.7151,40.088041,PGCB_2025
2948,5,3,19,11531.0799,46.893058,PGCB_2025
2949,5,3,20,11950.2764,48.597791,PGCB_2025
2950,5,3,21,11972.0407,48.686299,PGCB_2025
2951,5,3,22,11791.207,47.950908,PGCB_2025
2952,5,3,23,11834.5689,48.127247,PGCB_2025
2953,5,4,0,11806.1025,48.011484,PGCB_2025
2954,5,4,1,11340.6581,46.118676,PGCB_2025
2955,5,4,2,10832.4571,44.051992,PGCB_2025
2956,5,4,3,10480.8078,42.621952,PGCB_2025
2957,5,4,4,10118.6492,41.149173,PGCB_2025
2958,5,4,5,9954.0182,40.479674,PGCB_2025
2959,5,4,6,9623.9314,39.137321,PGCB_2025
2960,5,4,7,9918.8322,40.336584,PGCB_2025
2961,5,4,8,10014.337,40.72497,PGCB_2025
2962,5,4,9,10301.2461,41.891734,PGCB_2025
2963,5,4,10,10526.8891,42.809349,PGCB_2025
2964,5,4,11,10914.1191,44.384084,PGCB_2025
2965,5,4,12,11149.7099,45.342154,PGCB_2025
2966,5,4,13,11090.4788,45.10128,PGCB_2025
2967,5,4,14,10890.2056,44.286836,PGCB_2025
2968,5,4,15,11161.9035,45.391741,PGCB_2025
2969,5,4,16,11252.3554,45.759579,PGCB_2025
2970,5,4,17,11196.2561,45.531441,PGCB_2025
2971,5,4,18,10988.9825,44.688529,PGCB_2025
2972,5,4,19,12423.4318,50.521956,PGCB_2025
2973,5,4,20,13058.5515,53.104776,PGCB_2025
2974,5,4,21,12955.9411,52.687494,PGCB_2025
2975,5,4,22,12334.015,50.158328,PGCB_2025
2976,5,4,23,12521.8841,50.922329,PGCB_2025
2977,5,5,0,12410.4399,50.469122,PGCB_2025
2978,5,5,1,11856.2629,48.215469,PGCB_2025
2979,5,5,2,11594.8024,47.152196,PGCB_2025
2980,5,5,3,11192.8348,45.517528,PGCB_2025
2981,5,5,4,10806.8067,43.947681,PGCB_2025
2982,5,5,5,10628.3328,43.221887,PGCB_2025
2983,5,5,6,10350.2837,42.091154,PGCB_2025
2984,5,5,7,10492.4926,42.66947,PGCB_2025
2985,5,5,8,10507.0197,42.728547,PGCB_2025
2986,5,5,9,11018.5278,44.80868,PGCB_2025
2987,5,5,10,11473.6823,46.659641,PGCB_2025
2988,5,5,11,11722.651,47.672114,PGCB_2025
2989,5,5,12,12006.7091,48.827284,PGCB_2025
2990,5,5,13,12130.7768,49.331826,PGCB_2025
2991,5,5,14,11627.0935,47.283514,PGCB_2025
2992,5,5,15,11670.4203,47.459709,PGCB_2025
2993,5,5,16,11484.9373,46.705412,PGCB_2025
2994,5,5,17,11318.7271,46.02949,PGCB_2025
2995,5,5,18,11168.395,45.41814,PGCB_2025
2996,5,5,19,12737.9476,51.800987,PGCB_2025
2997,5,5,20,12753.8081,51.865486,PGCB_2025
2998,5,5,21,12711.0165,51.691467,PGCB_2025
2999,5,5,22,12472.1185,50.719949,PGCB_2025
3000,5,5,23,12432.6428,50.559414,PGCB_2025
3001,5,6,0,12208.8245,49.64922,PGCB_2025
3002,5,6,1,11819.0856,48.064281,PGCB_2025
3003,5,6,2,11346.1145,46.140866,PGCB_2025
3004,5,6,3,11095.9528,45.123541,PGCB_2025
3005,5,6,4,10804.8241,43.939618,PGCB_2025
3006,5,6,5,10563.7418,42.959217,PGCB_2025
3007,5,6,6,10282.9821,41.817461,PGCB_2025
3008,5,6,7,10494.2032,42.676426,PGCB_2025
3009,5,6,8,10566.2858,42.969562,PGCB_2025
3010,5,6,9,11003.8692,44.749068,PGCB_2025
3011,5,6,10,11449.9443,46.563107,PGCB_2025
3012,5,6,11,11787.9964,47.937852,PGCB_2025
3013,5,6,12,12188.7183,49.567454,PGCB_2025
3014,5,6,13,12380.6928,50.348151,PGCB_2025
3015,5,6,14,12354.1213,50.240093,PGCB_2025
3016,5,6,15,12548.5609,51.030814,PGCB_2025
3017,5,6,16,12293.399,49.993156,PGCB_2025
3018,5,6,17,12003.3493,48.81362,PGCB_2025
3019,5,6,18,11713.554,47.63512,PGCB_2025
3020,5,6,19,13228.446,53.79568,PGCB_2025
3021,5,6,20,13342.3114,54.258733,PGCB_2025
3022,5,6,21,13317.3364,54.157168,PGCB_2025
3023,5,6,22,13141.4504,53.441898,PGCB_2025
3024,5,6,23,13005.4786,52.888946,PGCB_2025
3025,5,7,0,12789.959,52.0125,PGCB_2025
3026,5,7,1,12509.8397,50.873348,PGCB_2025
3027,5,7,2,12118.7586,49.282952,PGCB_2025
3028,5,7,3,11737.4324,47.732225,PGCB_2025
3029,5,7,4,11417.2409,46.430113,PGCB_2025
3030,5,7,5,11114.5941,45.199349,PGCB_2025
3031,5,7,6,10728.2764,43.628324,PGCB_2025
3032,5,7,7,10440.5251,42.458135,PGCB_2025
3033,5,7,8,10457.9295,42.528913,PGCB_2025
3034,5,7,9,10977.1924,44.640582,PGCB_2025
3035,5,7,10,11214.1693,45.604288,PGCB_2025
3036,5,7,11,11140.7182,45.305587,PGCB_2025
3037,5,7,12,11480.8756,46.688894,PGCB_2025
3038,5,7,13,11069.9076,45.017624,PGCB_2025
3039,5,7,14,10903.1536,44.339491,PGCB_2025
3040,5,7,15,11051.0295,44.940853,PGCB_2025
3041,5,7,16,10858.0461,44.156054,PGCB_2025
3042,5,7,17,10749.7687,43.715726,PGCB_2025
3043,5,7,18,10912.619,44.377984,PGCB_2025
3044,5,7,19,12383.3947,50.359138,PGCB_2025
3045,5,7,20,12743.0532,51.82175,PGCB_2025
3046,5,7,21,12612.9764,51.292771,PGCB_2025
3047,5,7,22,12392.7285,50.397096,PGCB_2025
3048,5,7,23,12177.8054,49.523075,PGCB_2025
3049,5,8,0,12107.6265,49.237681,PGCB_2025
3050,5,8,1,11507.5963,46.797558,PGCB_2025
3051,5,8,2,11179.5096,45.463339,PGCB_2025
3052,5,8,3,10897.0393,44.314626,PGCB_2025
3053,5,8,4,10617.2006,43.176616,PGCB_2025
3054,5,8,5,10416.3133,42.359674,PGCB_2025
3055,5,8,6,10111.4647,41.119956,PGCB_2025
3056,5,8,7,10362.6966,42.141633,PGCB_2025
3057,5,8,8,10414.5764,42.352611,PGCB_2025
3058,5,8,9,11004.4833,44.751565,PGCB_2025
3059,5,8,10,11480.3581,46.68679,PGCB_2025
3060,5,8,11,11866.8512,48.258528,PGCB_2025
3061,5,8,12,12282.53,49.948955,PGCB_2025
3062,5,8,13,12612.9063,51.292486,PGCB_2025
3063,5,8,14,12555.2542,51.058034,PGCB_2025
3064,5,8,15,12635.1442,51.38292,PGCB_2025
3065,5,8,16,12625.1349,51.342215,PGCB_2025
3066,5,8,17,12407.51,50.457207,PGCB_2025
3067,5,8,18,12018.9992,48.877263,PGCB_2025
3068,5,8,19,13334.5917,54.22734,PGCB_2025
3069,5,8,20,14153.1504,57.556145,PGCB_2025
3070,5,8,21,14124.2805,57.438741,PGCB_2025
3071,5,8,22,13922.437,56.61791,PGCB_2025
3072,5,8,23,13878.3734,56.438718,PGCB_2025
3073,5,9,0,13878.584,56.439575,PGCB_2025
3074,5,9,1,13382.5239,54.422264,PGCB_2025
3075,5,9,2,12896.3854,52.445301,PGCB_2025
3076,5,9,3,12360.0427,50.264174,PGCB_2025
3077,5,9,4,12019.1922,48.878048,PGCB_2025
3078,5,9,5,11842.0956,48.157855,PGCB_2025
3079,5,9,6,11380.1337,46.27921,PGCB_2025
3080,5,9,7,11397.6609,46.350488,PGCB_2025
3081,5,9,8,11269.7861,45.830463,PGCB_2025
3082,5,9,9,11634.4009,47.31323,PGCB_2025
3083,5,9,10,12082.3533,49.134903,PGCB_2025
3084,5,9,11,12566.7724,51.104874,PGCB_2025
3085,5,9,12,13069.7713,53.150403,PGCB_2025
3086,5,9,13,13324.7842,54.187456,PGCB_2025
3087,5,9,14,13345.7765,54.272824,PGCB_2025
3088,5,9,15,13353.8295,54.305573,PGCB_2025
3089,5,9,16,13143.0382,53.448355,PGCB_2025
3090,5,9,17,12871.428,52.343807,PGCB_2025
3091,5,9,18,12476.6801,50.738499,PGCB_2025
3092,5,9,19,13825.8708,56.225208,PGCB_2025
3093,5,9,20,14036.4077,57.081391,PGCB_2025
3094,5,9,21,14185.538,57.687855,PGCB_2025
3095,5,9,22,14167.116,57.612938,PGCB_2025
3096,5,9,23,14080.2695,57.259763,PGCB_2025
3097,5,10,0,13930.7006,56.651516,PGCB_2025
3098,5,10,1,13526.7329,55.008714,PGCB_2025
3099,5,10,2,12956.792,52.690954,PGCB_2025
3100,5,10,3,12588.791,51.194417,PGCB_2025
3101,5,10,4,12299.3028,50.017165,PGCB_2025
3102,5,10,5,11904.1075,48.410037,PGCB_2025
3103,5,10,6,10590.401,43.067631,PGCB_2025
3104,5,10,7,10616.2094,43.172585,PGCB_2025
3105,5,10,8,10713.8283,43.569568,PGCB_2025
3106,5,10,9,10722.3375,43.604173,PGCB_2025
3107,5,10,10,11126.6122,45.248223,PGCB_2025
3108,5,10,11,11435.4874,46.504315,PGCB_2025
3109,5,10,12,11895.2912,48.374184,PGCB_2025
3110,5,10,13,12282.8984,49.950453,PGCB_2025
3111,5,10,14,12046.1058,48.987497,PGCB_2025
3112,5,10,15,12371.7801,50.311906,PGCB_2025
3113,5,10,16,12020.28,48.882472,PGCB_2025
3114,5,10,17,11827.858,48.099956,PGCB_2025
3115,5,10,18,11449.4969,46.561287,PGCB_2025
3116,5,10,19,13202.4359,53.689906,PGCB_2025
3117,5,10,20,13966.9305,56.798851,PGCB_2025
3118,5,10,21,14212.899,57.799123,PGCB_2025
3119,5,10,22,14238.4792,57.903149,PGCB_2025
3120,5,10,23,14325.8521,58.258465,PGCB_2025
3121,5,11,0,14194.6876,57.725063,PGCB_2025
3122,5,11,1,13879.9963,56.445318,PGCB_2025
3123,5,11,2,13495.7314,54.882641,PGCB_2025
3124,5,11,3,13162.4427,53.527267,PGCB_2025
3125,5,11,4,12668.4354,51.518304,PGCB_2025
3126,5,11,5,12484.1893,50.769036,PGCB_2025
3127,5,11,6,12034.0087,48.938302,PGCB_2025
3128,5,11,7,11891.9928,48.360771,PGCB_2025
3129,5,11,8,11830.9634,48.112584,PGCB_2025
3130,5,11,9,11768.2059,47.857371,PGCB_2025
3131,5,11,10,12022.8327,48.892853,PGCB_2025
3132,5,11,11,12514.2873,50.891435,PGCB_2025
3133,5,11,12,12690.1382,51.606562,PGCB_2025
3134,5,11,13,12856.7519,52.284124,PGCB_2025
3135,5,11,14,12944.8177,52.642259,PGCB_2025
3136,5,11,15,13163.048,53.529729,PGCB_2025
3137,5,11,16,13075.5962,53.174091,PGCB_2025
3138,5,11,17,12894.5608,52.437881,PGCB_2025
3139,5,11,18,12851.2165,52.261614,PGCB_2025
3140,5,11,19,14122.3155,57.43075,PGCB_2025
3141,5,11,20,14780.4802,60.107286,PGCB_2025
3142,5,11,21,14912.2061,60.642971,PGCB_2025
3143,5,11,22,14650.3508,59.578093,PGCB_2025
3144,5,11,23,14694.6601,59.758284,PGCB_2025
3145,5,12,0,14641.2627,59.541135,PGCB_2025
3146,5,12,1,14518.2389,59.040838,PGCB_2025
3147,5,12,2,14299.7543,58.152334,PGCB_2025
3148,5,12,3,13905.4011,56.548631,PGCB_2025
3149,5,12,4,13553.3308,55.116879,PGCB_2025
3150,5,12,5,13334.8899,54.228552,PGCB_2025
3151,5,12,6,12545.9994,51.020398,PGCB_2025
3152,5,12,7,12283.6616,49.953557,PGCB_2025
3153,5,12,8,12151.6375,49.416659,PGCB_2025
3154,5,12,9,12284.7319,49.95791,PGCB_2025
3155,5,12,10,12390.5793,50.388356,PGCB_2025
3156,5,12,11,12783.0727,51.984496,PGCB_2025
3157,5,12,12,13117.0895,53.342831,PGCB_2025
3158,5,12,13,13496.9244,54.887493,PGCB_2025
3159,5,12,14,13881.0051,56.449421,PGCB_2025
3160,5,12,15,13774.3156,56.01555,PGCB_2025
3161,5,12,16,13188.1808,53.631935,PGCB_2025
3162,5,12,17,12266.1344,49.88228,PGCB_2025
3163,5,12,18,11200.4142,45.548351,PGCB_2025
3164,5,12,19,12273.3716,49.911711,PGCB_2025
3165,5,12,20,13110.9401,53.317823,PGCB_2025
3166,5,12,21,13197.5936,53.670214,PGCB_2025
3167,5,12,22,13272.5973,53.975229,PGCB_2025
3168,5,12,23,13395.8491,54.476453,PGCB_2025
3169,5,13,0,13185.4877,53.620983,PGCB_2025
3170,5,13,1,12889.8588,52.418759,PGCB_2025
3171,5,13,2,12231.931,49.743186,PGCB_2025
3172,5,13,3,11653.8317,47.392249,PGCB_2025
3173,5,13,4,11333.4647,46.089423,PGCB_2025
3174,5,13,5,11146.6132,45.32956,PGCB_2025
3175,5,13,6,10680.9056,43.435683,PGCB_2025
3176,5,13,7,10643.1054,43.281962,PGCB_2025
3177,5,13,8,10590.1466,43.066596,PGCB_2025
3178,5,13,9,10740.2945,43.677198,PGCB_2025
3179,5,13,10,11160.6402,45.386603,PGCB_2025
3180,5,13,11,11276.6548,45.858396,PGCB_2025
3181,5,13,12,11375.537,46.260517,PGCB_2025
3182,5,13,13,11722.9405,47.673291,PGCB_2025
3183,5,13,14,11776.1273,47.889584,PGCB_2025
3184,5,13,15,12152.7603,49.421225,PGCB_2025
3185,5,13,16,12023.4643,48.895421,PGCB_2025
3186,5,13,17,11624.032,47.271063,PGCB_2025
3187,5,13,18,11322.2273,46.043724,PGCB_2025
3188,5,13,19,12689.4715,51.603851,PGCB_2025
3189,5,13,20,13033.3046,53.002105,PGCB_2025
3190,5,13,21,13148.863,53.472043,PGCB_2025
3191,5,13,22,12922.4832,52.551432,PGCB_2025
3192,5,13,23,13053.9109,53.085904,PGCB_2025
3193,5,14,0,12992.8464,52.837575,PGCB_2025
3194,5,14,1,12447.8629,50.621309,PGCB_2025
3195,5,14,2,11912.5903,48.444534,PGCB_2025
3196,5,14,3,11659.2881,47.414438,PGCB_2025
3197,5,14,4,11431.7065,46.48894,PGCB_2025
3198,5,14,5,11312.6303,46.004697,PGCB_2025
3199,5,14,6,10931.9972,44.456789,PGCB_2025
3200,5,14,7,11031.5987,44.861835,PGCB_2025
3201,5,14,8,11143.2446,45.315861,PGCB_2025
3202,5,14,9,11583.3369,47.10557,PGCB_2025
3203,5,14,10,11846.9116,48.177441,PGCB_2025
3204,5,14,11,12050.0973,49.003729,PGCB_2025
3205,5,14,12,12758.4925,51.884536,PGCB_2025
3206,5,14,13,12996.1097,52.850846,PGCB_2025
3207,5,14,14,12845.2951,52.237533,PGCB_2025
3208,5,14,15,13256.8948,53.911372,PGCB_2025
3209,5,14,16,13346.2414,54.274715,PGCB_2025
3210,5,14,17,12785.0202,51.992415,PGCB_2025
3211,5,14,18,12406.4748,50.452998,PGCB_2025
3212,5,14,19,13579.3671,55.22276,PGCB_2025
3213,5,14,20,13991.6686,56.899452,PGCB_2025
3214,5,14,21,14088.2436,57.292191,PGCB_2025
3215,5,14,22,14036.0041,57.07975,PGCB_2025
3216,5,14,23,14036.5042,57.081784,PGCB_2025
3217,5,15,0,13904.7432,56.545956,PGCB_2025
3218,5,15,1,13686.1006,55.656809,PGCB_2025
3219,5,15,2,13465.8965,54.761312,PGCB_2025
3220,5,15,3,13087.8951,53.224107,PGCB_2025
3221,5,15,4,12694.3314,51.623614,PGCB_2025
3222,5,15,5,12527.5774,50.945481,PGCB_2025
3223,5,15,6,11976.3743,48.703922,PGCB_2025
3224,5,15,7,12081.2743,49.130515,PGCB_2025
3225,5,15,8,11887.7294,48.343433,PGCB_2025
3226,5,15,9,11880.115,48.312468,PGCB_2025
3227,5,15,10,12126.0835,49.31274,PGCB_2025
3228,5,15,11,12414.6331,50.486175,PGCB_2025
3229,5,15,12,12538.4815,50.989825,PGCB_2025
3230,5,15,13,12827.2942,52.16433,PGCB_2025
3231,5,15,14,12677.2165,51.554014,PGCB_2025
3232,5,15,15,12047.0708,48.991421,PGCB_2025
3233,5,15,16,11914.0378,48.45042,PGCB_2025
3234,5,15,17,12004.5248,48.818401,PGCB_2025
3235,5,15,18,12013.1217,48.853362,PGCB_2025
3236,5,15,19,13203.3219,53.693509,PGCB_2025
3237,5,15,20,13860.5304,56.366157,PGCB_2025
3238,5,15,21,13991.9581,56.90063,PGCB_2025
3239,5,15,22,13879.1103,56.441715,PGCB_2025
3240,5,15,23,13702.9611,55.725375,PGCB_2025
3241,5,16,0,13513.9516,54.956737,PGCB_2025
3242,5,16,1,13133.4061,53.409185,PGCB_2025
3243,5,16,2,12736.7283,51.796028,PGCB_2025
3244,5,16,3,11922.0557,48.483027,PGCB_2025
3245,5,16,4,11628.1111,47.287652,PGCB_2025
3246,5,16,5,11305.051,45.973874,PGCB_2025
3247,5,16,6,10980.1575,44.652641,PGCB_2025
3248,5,16,7,10915.47,44.389578,PGCB_2025
3249,5,16,8,10906.7327,44.354046,PGCB_2025
3250,5,16,9,11274.2424,45.848586,PGCB_2025
3251,5,16,10,11555.9759,46.994302,PGCB_2025
3252,5,16,11,11763.4776,47.838142,PGCB_2025
3253,5,16,12,11973.1811,48.690936,PGCB_2025
3254,5,16,13,12143.216,49.382412,PGCB_2025
3255,5,16,14,12414.9138,50.487316,PGCB_2025
3256,5,16,15,12556.6578,51.063742,PGCB_2025
3257,5,16,16,12222.8779,49.70637,PGCB_2025
3258,5,16,17,11819.8401,48.06735,PGCB_2025
3259,5,16,18,11467.2434,46.633456,PGCB_2025
3260,5,16,19,12701.516,51.652832,PGCB_2025
3261,5,16,20,12825.8205,52.158337,PGCB_2025
3262,5,16,21,13089.5794,53.230956,PGCB_2025
3263,5,16,22,12738.5003,51.803235,PGCB_2025
3264,5,16,23,12844.067,52.232539,PGCB_2025
3265,5,17,0,12807.6617,52.084491,PGCB_2025
3266,5,17,1,12413.598,50.481965,PGCB_2025
3267,5,17,2,12018.7273,48.876158,PGCB_2025
3268,5,17,3,11852.4821,48.200094,PGCB_2025
3269,5,17,4,11685.7719,47.522139,PGCB_2025
3270,5,17,5,11438.5051,46.516587,PGCB_2025
3271,5,17,6,10897.9867,44.318479,PGCB_2025
3272,5,17,7,10723.82,43.610201,PGCB_2025
3273,5,17,8,10635.2542,43.250034,PGCB_2025
3274,5,17,9,10749.181,43.713336,PGCB_2025
3275,5,17,10,10855.3179,44.144959,PGCB_2025
3276,5,17,11,11024.265,44.832011,PGCB_2025
3277,5,17,12,11683.6753,47.513613,PGCB_2025
3278,5,17,13,12085.2218,49.146569,PGCB_2025
3279,5,17,14,11846.5081,48.1758,PGCB_2025
3280,5,17,15,12205.0436,49.633844,PGCB_2025
3281,5,17,16,11866.6582,48.257743,PGCB_2025
3282,5,17,17,11368.0015,46.229873,PGCB_2025
3283,5,17,18,10682.3969,43.441747,PGCB_2025
3284,5,17,19,12115.2321,49.268611,PGCB_2025
3285,5,17,20,11984.515,48.737028,PGCB_2025
3286,5,17,21,11329.4031,46.072906,PGCB_2025
3287,5,17,22,10878.3278,44.238533,PGCB_2025
3288,5,17,23,11102.725,45.151082,PGCB_2025
3289,5,18,0,10995.3688,44.7145,PGCB_2025
3290,5,18,1,10816.2633,43.986137,PGCB_2025
3291,5,18,2,10118.5615,41.148817,PGCB_2025
3292,5,18,3,9966.1854,40.529154,PGCB_2025
3293,5,18,4,9842.574,40.026468,PGCB_2025
3294,5,18,5,9476.8889,38.539348,PGCB_2025
3295,5,18,6,9040.6915,36.765479,PGCB_2025
3296,5,18,7,9064.2629,36.861336,PGCB_2025
3297,5,18,8,9400.9377,38.23048,PGCB_2025
3298,5,18,9,10127.8515,41.186596,PGCB_2025
3299,5,18,10,10526.3013,42.806959,PGCB_2025
3300,5,18,11,10941.2608,44.494461,PGCB_2025
3301,5,18,12,11583.6352,47.106783,PGCB_2025
3302,5,18,13,11977.5234,48.708595,PGCB_2025
3303,5,18,14,11932.5124,48.52555,PGCB_2025
3304,5,18,15,11836.7532,48.13613,PGCB_2025
3305,5,18,16,11490.3147,46.72728,PGCB_2025
3306,5,18,17,11352.7464,46.167835,PGCB_2025
3307,5,18,18,11167.4651,45.414358,PGCB_2025
3308,5,18,19,12206.2455,49.638732,PGCB_2025
3309,5,18,20,12125.4958,49.31035,PGCB_2025
3310,5,18,21,11768.5743,47.858869,PGCB_2025
3311,5,18,22,10832.5623,44.05242,PGCB_2025
3312,5,18,23,10175.5118,41.380415,PGCB_2025
3313,5,19,0,10082.7878,41.003337,PGCB_2025
3314,5,19,1,9596.7984,39.02698,PGCB_2025
3315,5,19,2,9508.3729,38.667383,PGCB_2025
3316,5,19,3,9586.447,38.984884,PGCB_2025
3317,5,19,4,9311.8718,37.868279,PGCB_2025
3318,5,19,5,9047.8235,36.794482,PGCB_2025
3319,5,19,6,8977.8813,36.510051,PGCB_2025
3320,5,19,7,9375.8224,38.128344,PGCB_2025
3321,5,19,8,9626.2736,39.146846,PGCB_2025
3322,5,19,9,10129.9656,41.195193,PGCB_2025
3323,5,19,10,10626.1134,43.212861,PGCB_2025
3324,5,19,11,10942.0854,44.497814,PGCB_2025
3325,5,19,12,11480.8669,46.688859,PGCB_2025
3326,5,19,13,12012.3322,48.850151,PGCB_2025
3327,5,19,14,12186.762,49.559499,PGCB_2025
3328,5,19,15,12397.1586,50.415112,PGCB_2025
3329,5,19,16,12302.2942,50.02933,PGCB_2025
3330,5,19,17,12049.6586,49.001945,PGCB_2025
3331,5,19,18,11387.8622,46.31064,PGCB_2025
3332,5,19,19,12580.0186,51.158742,PGCB_2025
3333,5,19,20,12851.5235,52.262862,PGCB_2025
3334,5,19,21,12553.2541,51.0499,PGCB_2025
3335,5,19,22,12307.6892,50.051269,PGCB_2025
3336,5,19,23,12018.3325,48.874552,PGCB_2025
3337,5,20,0,11956.8294,48.62444,PGCB_2025
3338,5,20,1,11781.8118,47.912701,PGCB_2025
3339,5,20,2,11511.9825,46.815396,PGCB_2025
3340,5,20,3,11211.9411,45.595227,PGCB_2025
3341,5,20,4,10983.1225,44.664698,PGCB_2025
3342,5,20,5,10667.8348,43.382528,PGCB_2025
3343,5,20,6,10326.6071,41.994869,PGCB_2025
3344,5,20,7,10339.7481,42.048309,PGCB_2025
3345,5,20,8,10319.019,41.964011,PGCB_2025
3346,5,20,9,10319.0277,41.964046,PGCB_2025
3347,5,20,10,10862.8621,44.175639,PGCB_2025
3348,5,20,11,11257.3205,45.77977,PGCB_2025
3349,5,20,12,11512.2632,46.816537,PGCB_2025
3350,5,20,13,11450.1811,46.56407,PGCB_2025
3351,5,20,14,11285.6992,45.895177,PGCB_2025
3352,5,20,15,11433.2241,46.495111,PGCB_2025
3353,5,20,16,11495.1834,46.747079,PGCB_2025
3354,5,20,17,11258.7066,45.785407,PGCB_2025
3355,5,20,18,11090.0841,45.099675,PGCB_2025
3356,5,20,19,12238.1418,49.768443,PGCB_2025
3357,5,20,20,12816.6095,52.120879,PGCB_2025
3358,5,20,21,12917.3163,52.53042,PGCB_2025
3359,5,20,22,12711.1656,51.692073,PGCB_2025
3360,5,20,23,12645.8114,51.4263,PGCB_2025
3361,5,21,0,12562.4739,51.087394,PGCB_2025
3362,5,21,1,11999.7263,48.798887,PGCB_2025
3363,5,21,2,11649.7087,47.375482,PGCB_2025
3364,5,21,3,11404.0823,46.376601,PGCB_2025
3365,5,21,4,11224.2487,45.645278,PGCB_2025
3366,5,21,5,11022.4842,44.824769,PGCB_2025
3367,5,21,6,10779.1912,43.835378,PGCB_2025
3368,5,21,7,10771.761,43.805161,PGCB_2025
3369,5,21,8,10722.3287,43.604137,PGCB_2025
3370,5,21,9,10958.902,44.566201,PGCB_2025
3371,5,21,10,11133.981,45.278189,PGCB_2025
3372,5,21,11,11214.0991,45.604003,PGCB_2025
3373,5,21,12,11441.1631,46.527397,PGCB_2025
3374,5,21,13,11223.696,45.64303,PGCB_2025
3375,5,21,14,10958.0511,44.562741,PGCB_2025
3376,5,21,15,11256.7854,45.777594,PGCB_2025
3377,5,21,16,10633.7102,43.243755,PGCB_2025
3378,5,21,17,10485.2642,42.640074,PGCB_2025
3379,5,21,18,10414.401,42.351897,PGCB_2025
3380,5,21,19,11465.4889,46.626322,PGCB_2025
3381,5,21,20,11746.2048,47.7679,PGCB_2025
3382,5,21,21,11684.7455,47.517965,PGCB_2025
3383,5,21,22,11492.4552,46.735984,PGCB_2025
3384,5,21,23,11517.5617,46.838084,PGCB_2025
3385,5,22,0,11291.3486,45.918151,PGCB_2025
3386,5,22,1,10904.5747,44.34527,PGCB_2025
3387,5,22,2,10557.1538,42.932425,PGCB_2025
3388,5,22,3,10338.1954,42.041995,PGCB_2025
3389,5,22,4,10242.287,41.651967,PGCB_2025
3390,5,22,5,10124.5794,41.17329,PGCB_2025
3391,5,22,6,9888.7254,40.21415,PGCB_2025
3392,5,22,7,10157.388,41.306711,PGCB_2025
3393,5,22,8,10322.7823,41.979315,PGCB_2025
3394,5,22,9,10665.5627,43.373288,PGCB_2025
3395,5,22,10,11152.2802,45.352606,PGCB_2025
3396,5,22,11,11437.3822,46.512021,PGCB_2025
3397,5,22,12,11972.953,48.690009,PGCB_2025
3398,5,22,13,12069.2298,49.081535,PGCB_2025
3399,5,22,14,12292.1884,49.988233,PGCB_2025
3400,5,22,15,12224.1499,49.711543,PGCB_2025
3401,5,22,16,11438.277,46.51566,PGCB_2025
3402,5,22,17,11127.0421,45.249971,PGCB_2025
3403,5,22,18,11108.199,45.173343,PGCB_2025
3404,5,22,19,12225.2026,49.715824,PGCB_2025
3405,5,22,20,12451.9245,50.637826,PGCB_2025
3406,5,22,21,12360.7094,50.266885,PGCB_2025
3407,5,22,22,11943.5831,48.570571,PGCB_2025
3408,5,22,23,11553.2126,46.983065,PGCB_2025
3409,5,23,0,11287.4449,45.902276,PGCB_2025
3410,5,23,1,11294.6031,45.931386,PGCB_2025
3411,5,23,2,11105.9971,45.164388,PGCB_2025
3412,5,23,3,10684.9233,43.452021,PGCB_2025
3413,5,23,4,10399.8213,42.292607,PGCB_2025
3414,5,23,5,10307.7114,41.918026,PGCB_2025
3415,5,23,6,9839.0036,40.011948,PGCB_2025
3416,5,23,7,10221.3649,41.566884,PGCB_2025
3417,5,23,8,10335.8531,42.032469,PGCB_2025
3418,5,23,9,10612.7443,43.158493,PGCB_2025
3419,5,23,10,11196.7385,45.533403,PGCB_2025
3420,5,23,11,11301.2263,45.95832,PGCB_2025
3421,5,23,12,11734.6428,47.720881,PGCB_2025
3422,5,23,13,11919.5644,48.472895,PGCB_2025
3423,5,23,14,11897.1861,48.38189,PGCB_2025
3424,5,23,15,11881.08,48.316392,PGCB_2025
3425,5,23,16,11950.5045,48.598718,PGCB_2025
3426,5,23,17,11774.5922,47.883342,PGCB_2025
3427,5,23,18,11539.1066,46.9257,PGCB_2025
3428,5,23,19,12825.9959,52.15905,PGCB_2025
3429,5,23,20,13203.1903,53.692974,PGCB_2025
3430,5,23,21,13265.0706,53.94462,PGCB_2025
3431,5,23,22,13246.7539,53.870133,PGCB_2025
3432,5,23,23,13114.0455,53.330452,PGCB_2025
3433,5,24,0,12922.5271,52.55161,PGCB_2025
3434,5,24,1,12553.105,51.049294,PGCB_2025
3435,5,24,2,12219.9567,49.694491,PGCB_2025
3436,5,24,3,11842.6658,48.160174,PGCB_2025
3437,5,24,4,11614.8736,47.233819,PGCB_2025
3438,5,24,5,11457.3306,46.593144,PGCB_2025
3439,5,24,6,10668.8173,43.386524,PGCB_2025
3440,5,24,7,10443.0164,42.468267,PGCB_2025
3441,5,24,8,10136.5975,41.222163,PGCB_2025
3442,5,24,9,10303.0094,41.898905,PGCB_2025
3443,5,24,10,10510.8444,42.744101,PGCB_2025
3444,5,24,11,10754.7339,43.735918,PGCB_2025
3445,5,24,12,11067.3461,45.007207,PGCB_2025
3446,5,24,13,11453.9445,46.579374,PGCB_2025
3447,5,24,14,10799.4028,43.917571,PGCB_2025
3448,5,24,15,10914.7068,44.386474,PGCB_2025
3449,5,24,16,10458.1049,42.529627,PGCB_2025
3450,5,24,17,10245.9627,41.666915,PGCB_2025
3451,5,24,18,10144.94,41.256089,PGCB_2025
3452,5,24,19,11737.4324,47.732225,PGCB_2025
3453,5,24,20,12426.9408,50.536226,PGCB_2025
3454,5,24,21,12351.4984,50.229427,PGCB_2025
3455,5,24,22,12271.6698,49.904791,PGCB_2025
3456,5,24,23,12324.7426,50.12062,PGCB_2025
3457,5,25,0,12534.7181,50.97452,PGCB_2025
3458,5,25,1,12014.8236,48.860283,PGCB_2025
3459,5,25,2,11562.4236,47.020523,PGCB_2025
3460,5,25,3,11421.1884,46.446166,PGCB_2025
3461,5,25,4,11193.984,45.522202,PGCB_2025
3462,5,25,5,11009.7642,44.773041,PGCB_2025
3463,5,25,6,10598.8137,43.101842,PGCB_2025
3464,5,25,7,10651.5971,43.316495,PGCB_2025
3465,5,25,8,10705.67,43.536391,PGCB_2025
3466,5,25,9,10888.5213,44.279987,PGCB_2025
3467,5,25,10,11082.7942,45.07003,PGCB_2025
3468,5,25,11,11415.2846,46.422157,PGCB_2025
3469,5,25,12,11714.7207,47.639864,PGCB_2025
3470,5,25,13,12003.0949,48.812586,PGCB_2025
3471,5,25,14,11964.1719,48.654299,PGCB_2025
3472,5,25,15,12065.5454,49.066551,PGCB_2025
3473,5,25,16,11954.9697,48.616877,PGCB_2025
3474,5,25,17,11592.7936,47.144027,PGCB_2025
3475,5,25,18,11326.9293,46.062846,PGCB_2025
3476,5,25,19,12685.4099,51.587334,PGCB_2025
3477,5,25,20,13422.1224,54.583298,PGCB_2025
3478,5,25,21,13509.6268,54.939149,PGCB_2025
3479,5,25,22,13400.1476,54.493934,PGCB_2025
3480,5,25,23,13342.9518,54.261337,PGCB_2025
3481,5,26,0,13114.5543,53.332521,PGCB_2025
3482,5,26,1,12885.9112,52.402706,PGCB_2025
3483,5,26,2,12430.6252,50.551209,PGCB_2025
3484,5,26,3,12210.4387,49.655784,PGCB_2025
3485,5,26,4,11973.5846,48.692577,PGCB_2025
3486,5,26,5,11755.1526,47.804287,PGCB_2025
3487,5,26,6,11263.856,45.806348,PGCB_2025
3488,5,26,7,11376.5371,46.264584,PGCB_2025
3489,5,26,8,11355.1237,46.177503,PGCB_2025
3490,5,26,9,11853.1137,48.202662,PGCB_2025
3491,5,26,10,11968.0054,48.669889,PGCB_2025
3492,5,26,11,12170.9016,49.495,PGCB_2025
3493,5,26,12,12555.6753,51.059746,PGCB_2025
3494,5,26,13,12704.367,51.664426,PGCB_2025
3495,5,26,14,12512.6644,50.884835,PGCB_2025
3496,5,26,15,12530.0249,50.955435,PGCB_2025
3497,5,26,16,12177.6212,49.522326,PGCB_2025
3498,5,26,17,12072.844,49.096232,PGCB_2025
3499,5,26,18,11757.5562,47.814062,PGCB_2025
3500,5,26,19,13115.5894,53.33673,PGCB_2025
3501,5,26,20,13264.8075,53.943551,PGCB_2025
3502,5,26,21,13365.2248,54.351914,PGCB_2025
3503,5,26,22,13212.7171,53.731716,PGCB_2025
3504,5,26,23,13335.6093,54.231478,PGCB_2025
3505,5,27,0,13333.9601,54.224771,PGCB_2025
3506,5,27,1,12983.8635,52.801045,PGCB_2025
3507,5,27,2,12544.7099,51.015154,PGCB_2025
3508,5,27,3,12282.03,49.946922,PGCB_2025
3509,5,27,4,11973.6899,48.693006,PGCB_2025
3510,5,27,5,11772.5131,47.874887,PGCB_2025
3511,5,27,6,11247.7323,45.740778,PGCB_2025
3512,5,27,7,11273.5757,45.845875,PGCB_2025
3513,5,27,8,11187.0889,45.494162,PGCB_2025
3514,5,27,9,11363.7557,46.212607,PGCB_2025
3515,5,27,10,11581.8105,47.099363,PGCB_2025
3516,5,27,11,12020.7888,48.884541,PGCB_2025
3517,5,27,12,12353.6388,50.238131,PGCB_2025
3518,5,27,13,12512.0766,50.882445,PGCB_2025
3519,5,27,14,12458.802,50.665795,PGCB_2025
3520,5,27,15,12256.9673,49.845,PGCB_2025
3521,5,27,16,12003.1738,48.812907,PGCB_2025
3522,5,27,17,11853.947,48.206051,PGCB_2025
3523,5,27,18,11494.8588,46.745759,PGCB_2025
3524,5,27,19,12895.8415,52.443089,PGCB_2025
3525,5,27,20,13203.243,53.693188,PGCB_2025
3526,5,27,21,13272.7728,53.975943,PGCB_2025
3527,5,27,22,12869.0683,52.334211,PGCB_2025
3528,5,27,23,12764.2384,51.907903,PGCB_2025
3529,5,28,0,12631.9423,51.369899,PGCB_2025
3530,5,28,1,12280.6176,49.941178,PGCB_2025
3531,5,28,2,12018.7623,48.8763,PGCB_2025
3532,5,28,3,11666.8148,47.445047,PGCB_2025
3533,5,28,4,11536.1065,46.9135,PGCB_2025
3534,5,28,5,11351.0095,46.160772,PGCB_2025
3535,5,28,6,11011.3257,44.779391,PGCB_2025
3536,5,28,7,10985.5613,44.674616,PGCB_2025
3537,5,28,8,11002.0972,44.741862,PGCB_2025
3538,5,28,9,11304.9721,45.973553,PGCB_2025
3539,5,28,10,11678.5084,47.492601,PGCB_2025
3540,5,28,11,11978.4884,48.712519,PGCB_2025
3541,5,28,12,12487.1192,50.780951,PGCB_2025
3542,5,28,13,12775.7215,51.954601,PGCB_2025
3543,5,28,14,12949.8267,52.662629,PGCB_2025
3544,5,28,15,13135.4764,53.417604,PGCB_2025
3545,5,28,16,13091.597,53.239161,PGCB_2025
3546,5,28,17,12917.3514,52.530562,PGCB_2025
3547,5,28,18,12389.3336,50.38329,PGCB_2025
3548,5,28,19,13466.1071,54.762169,PGCB_2025
3549,5,28,20,14142.5183,57.512908,PGCB_2025
3550,5,28,21,14404.4876,58.57825,PGCB_2025
3551,5,28,22,14343.4494,58.330028,PGCB_2025
3552,5,28,23,14299.8332,58.152655,PGCB_2025
3553,5,29,0,14290.6222,58.115197,PGCB_2025
3554,5,29,1,14035.6269,57.078216,PGCB_2025
3555,5,29,2,13473.8443,54.793633,PGCB_2025
3556,5,29,3,13176.3557,53.583847,PGCB_2025
3557,5,29,4,12877.7705,52.3696,PGCB_2025
3558,5,29,5,12632.9862,51.374144,PGCB_2025
3559,5,29,6,12020.8326,48.884719,PGCB_2025
3560,5,29,7,11986.4712,48.744983,PGCB_2025
3561,5,29,8,11583.8984,47.107853,PGCB_2025
3562,5,29,9,11845.1045,48.170092,PGCB_2025
3563,5,29,10,12108.8195,49.242533,PGCB_2025
3564,5,29,11,12405.8608,50.450501,PGCB_2025
3565,5,29,12,12723.0609,51.740448,PGCB_2025
3566,5,29,13,12948.3968,52.656814,PGCB_2025
3567,5,29,14,12942.7913,52.634018,PGCB_2025
3568,5,29,15,12984.0039,52.801616,PGCB_2025
3569,5,29,16,12613.8361,51.296267,PGCB_2025
3570,5,29,17,11933.0651,48.527798,PGCB_2025
3571,5,29,18,11292.0153,45.920862,PGCB_2025
3572,5,29,19,12939.0806,52.618928,PGCB_2025
3573,5,29,20,13553.4974,55.117556,PGCB_2025
3574,5,29,21,13861.855,56.371544,PGCB_2025
3575,5,29,22,13624.3694,55.405769,PGCB_2025
3576,5,29,23,13589.1133,55.262394,PGCB_2025
3577,5,30,0,13287.9227,54.037552,PGCB_2025
3578,5,30,1,12966.5995,52.730838,PGCB_2025
3579,5,30,2,12483.9085,50.767895,PGCB_2025
3580,5,30,3,12088.6694,49.160589,PGCB_2025
3581,5,30,4,11798.9794,47.982516,PGCB_2025
3582,5,30,5,11334.7104,46.094489,PGCB_2025
3583,5,30,6,10572.1984,42.993607,PGCB_2025
3584,5,30,7,10239.436,41.640373,PGCB_2025
3585,5,30,8,9705.532,39.469163,PGCB_2025
3586,5,30,9,9427.518,38.338573,PGCB_2025
3587,5,30,10,9449.7998,38.429186,PGCB_2025
3588,5,30,11,9665.3282,39.305668,PGCB_2025
3589,5,30,12,9923.7535,40.356598,PGCB_2025
3590,5,30,13,9859.6274,40.095818,PGCB_2025
3591,5,30,14,9694.47,39.424178,PGCB_2025
3592,5,30,15,9397.9639,38.218387,PGCB_2025
3593,5,30,16,9264.5624,37.675887,PGCB_2025
3594,5,30,17,8931.2737,36.320513,PGCB_2025
3595,5,30,18,8643.4698,35.150111,PGCB_2025
3596,5,30,19,9398.6306,38.221098,PGCB_2025
3597,5,30,20,9306.4242,37.846125,PGCB_2025
3598,5,30,21,9026.8399,36.709149,PGCB_2025
3599,5,30,22,8685.9368,35.32281,PGCB_2025
3600,5,30,23,8507.4629,34.597016,PGCB_2025
3601,5,31,0,8285.1097,33.692779,PGCB_2025
3602,5,31,1,7909.8452,32.166704,PGCB_2025
3603,5,31,2,7587.25,30.854817,PGCB_2025
3604,5,31,3,7237.3552,29.431911,PGCB_2025
3605,5,31,4,6689.0294,27.202053,PGCB_2025
3606,5,31,5,6467.4568,26.300991,PGCB_2025
3607,5,31,6,6402.0413,26.034968,PGCB_2025
3608,5,31,7,6476.9047,26.339412,PGCB_2025
3609,5,31,8,6572.9358,26.729939,PGCB_2025
3610,5,31,9,6696.3543,27.231841,PGCB_2025
3611,5,31,10,7017.7915,28.539019,PGCB_2025
3612,5,31,11,7712.7212,31.365066,PGCB_2025
3613,5,31,12,8260.8716,33.594211,PGCB_2025
3614,5,31,13,8644.2593,35.153321,PGCB_2025
3615,5,31,14,8525.4463,34.670148,PGCB_2025
3616,5,31,15,8759.5546,35.622189,PGCB_2025
3617,5,31,16,8848.6643,35.984568,PGCB_2025
3618,5,31,17,8979.5218,36.516722,PGCB_2025
3619,5,31,18,9222.034,37.502938,PGCB_2025
3620,5,31,19,10255.7789,41.706834,PGCB_2025
3621,5,31,20,11114.7695,45.200063,PGCB_2025
3622,5,31,21,11666.5517,47.443977,PGCB_2025
3623,5,31,22,11481.4546,46.691249,PGCB_2025
3624,5,31,23,11587.6003,47.122908,PGCB_2025
3625,6,1,0,11616.1105,47.238849,PGCB_2025
3626,6,1,1,11051.433,44.942494,PGCB_2025
3627,6,1,2,10711.9422,43.561898,PGCB_2025
3628,6,1,3,10470.702,42.580855,PGCB_2025
3629,6,1,4,10361.9246,42.138493,PGCB_2025
3630,6,1,5,10147.0015,41.264473,PGCB_2025
3631,6,1,6,9986.204,40.610563,PGCB_2025
3632,6,1,7,10187.4246,41.42886,PGCB_2025
3633,6,1,8,10382.2151,42.221008,PGCB_2025
3634,6,1,9,10619.3674,43.185427,PGCB_2025
3635,6,1,10,10885.6264,44.268214,PGCB_2025
3636,6,1,11,10961.4986,44.576761,PGCB_2025
3637,6,1,12,11504.1312,46.783467,PGCB_2025
3638,6,1,13,11221.7661,45.635182,PGCB_2025
3639,6,1,14,10895.8024,44.309596,PGCB_2025
3640,6,1,15,10997.2373,44.722098,PGCB_2025
3641,6,1,16,10185.1614,41.419656,PGCB_2025
3642,6,1,17,9981.502,40.591441,PGCB_2025
3643,6,1,18,10492.9137,42.671182,PGCB_2025
3644,6,1,19,11365.0628,46.217922,PGCB_2025
3645,6,1,20,12501.3743,50.838922,PGCB_2025
3646,6,1,21,12891.7712,52.426536,PGCB_2025
3647,6,1,22,12895.5608,52.441947,PGCB_2025
3648,6,1,23,12862.2258,52.306385,PGCB_2025
3649,6,2,0,12763.9753,51.906833,PGCB_2025
3650,6,2,1,12050.3078,49.004585,PGCB_2025
3651,6,2,2,11536.7206,46.915997,PGCB_2025
3652,6,2,3,11185.8257,45.489025,PGCB_2025
3653,6,2,4,10895.8989,44.309989,PGCB_2025
3654,6,2,5,10746.7686,43.703526,PGCB_2025
3655,6,2,6,10282.0171,41.813536,PGCB_2025
3656,6,2,7,10341.2657,42.054481,PGCB_2025
3657,6,2,8,10354.5909,42.10867,PGCB_2025
3658,6,2,9,10741.4964,43.682085,PGCB_2025
3659,6,2,10,10909.0574,44.3635,PGCB_2025
3660,6,2,11,11085.8295,45.082373,PGCB_2025
3661,6,2,12,11298.8928,45.948831,PGCB_2025
3662,6,2,13,11445.523,46.545127,PGCB_2025
3663,6,2,14,11457.4096,46.593466,PGCB_2025
3664,6,2,15,11506.3067,46.792314,PGCB_2025
3665,6,2,16,11199.4843,45.544569,PGCB_2025
3666,6,2,17,10838.4925,44.076536,PGCB_2025
3667,6,2,18,10842.7558,44.093874,PGCB_2025
3668,6,2,19,11495.6834,46.749112,PGCB_2025
3669,6,2,20,11695.4391,47.561452,PGCB_2025
3670,6,2,21,11957.6452,48.627757,PGCB_2025
3671,6,2,22,12061.2294,49.049,PGCB_2025
3672,6,2,23,12078.9145,49.120919,PGCB_2025
3673,6,3,0,12043.4127,48.976545,PGCB_2025
3674,6,3,1,11552.9758,46.982102,PGCB_2025
3675,6,3,2,11193.7209,45.521132,PGCB_2025
3676,6,3,3,10859.9935,44.163974,PGCB_2025
3677,6,3,4,10499.8789,42.699508,PGCB_2025
3678,6,3,5,9831.5208,39.981518,PGCB_2025
3679,6,3,6,9389.4898,38.183925,PGCB_2025
3680,6,3,7,9295.292,37.800854,PGCB_2025
3681,6,3,8,9112.5197,37.05758,PGCB_2025
3682,6,3,9,9639.5988,39.201035,PGCB_2025
3683,6,3,10,10104.3503,41.091025,PGCB_2025
3684,6,3,11,10632.2452,43.237797,PGCB_2025
3685,6,3,12,11229.8367,45.668003,PGCB_2025
3686,6,3,13,11631.1025,47.299817,PGCB_2025
3687,6,3,14,11695.8865,47.563272,PGCB_2025
3688,6,3,15,11856.4208,48.216111,PGCB_2025
3689,6,3,16,11746.6346,47.769647,PGCB_2025
3690,6,3,17,11474.5508,46.663173,PGCB_2025
3691,6,3,18,11156.2804,45.368874,PGCB_2025
3692,6,3,19,12243.5982,49.790633,PGCB_2025
3693,6,3,20,13163.1181,53.530014,PGCB_2025
3694,6,3,21,13184.4701,53.616845,PGCB_2025
3695,6,3,22,12720.131,51.728533,PGCB_2025
3696,6,3,23,11825.5158,48.090431,PGCB_2025
3697,6,4,0,10913.0488,44.379732,PGCB_2025
3698,6,4,1,10329.6949,42.007426,PGCB_2025
3699,6,4,2,9642.4762,39.212737,PGCB_2025
3700,6,4,3,8748.7119,35.578095,PGCB_2025
3701,6,4,4,7815.0948,31.781386,PGCB_2025
3702,6,4,5,7743.5035,31.490248,PGCB_2025
3703,6,4,6,7817.3054,31.790375,PGCB_2025
3704,6,4,7,7881.6157,32.051904,PGCB_2025
3705,6,4,8,8258.1785,33.583259,PGCB_2025
3706,6,4,9,8848.4889,35.983855,PGCB_2025
3707,6,4,10,9494.3985,38.610554,PGCB_2025
3708,6,4,11,10013.8633,40.723044,PGCB_2025
3709,6,4,12,10564.7419,42.963284,PGCB_2025
3710,6,4,13,11018.4664,44.80843,PGCB_2025
3711,6,4,14,11228.2401,45.66151,PGCB_2025
3712,6,4,15,11422.1973,46.450269,PGCB_2025
3713,6,4,16,11282.0235,45.880229,PGCB_2025
3714,6,4,17,10901.636,44.33332,PGCB_2025
3715,6,4,18,10625.6572,43.211006,PGCB_2025
3716,6,4,19,11821.5244,48.074199,PGCB_2025
3717,6,4,20,12451.2666,50.635151,PGCB_2025
3718,6,4,21,12549.754,51.035666,PGCB_2025
3719,6,4,22,12461.5916,50.677139,PGCB_2025
3720,6,4,23,12430.4497,50.550495,PGCB_2025
3721,6,5,0,12154.5587,49.428539,PGCB_2025
3722,6,5,1,11667.2534,47.44683,PGCB_2025
3723,6,5,2,11184.773,45.484744,PGCB_2025
3724,6,5,3,10724.2236,43.611843,PGCB_2025
3725,6,5,4,10270.692,41.767481,PGCB_2025
3726,6,5,5,9611.8869,39.08834,PGCB_2025
3727,6,5,6,8859.7087,36.029482,PGCB_2025
3728,6,5,7,8867.1916,36.059913,PGCB_2025
3729,6,5,8,9272.7558,37.709207,PGCB_2025
3730,6,5,9,9856.0922,40.081442,PGCB_2025
3731,6,5,10,9976.8263,40.572427,PGCB_2025
3732,6,5,11,10349.6696,42.088656,PGCB_2025
3733,6,5,12,10695.0993,43.493404,PGCB_2025
3734,6,5,13,11006.536,44.759913,PGCB_2025
3735,6,5,14,10947.305,44.51904,PGCB_2025
3736,6,5,15,10984.7103,44.671155,PGCB_2025
3737,6,5,16,10886.7493,44.27278,PGCB_2025
3738,6,5,17,10415.2782,42.355465,PGCB_2025
3739,6,5,18,10220.9526,41.565207,PGCB_2025
3740,6,5,19,11465.4889,46.626322,PGCB_2025
3741,6,5,20,12327.813,50.133106,PGCB_2025
3742,6,5,21,12314.9702,50.080879,PGCB_2025
3743,6,5,22,12231.3169,49.740689,PGCB_2025
3744,6,5,23,12140.0842,49.369676,PGCB_2025
3745,6,6,0,11890.0717,48.352958,PGCB_2025
3746,6,6,1,11544.0016,46.945607,PGCB_2025
3747,6,6,2,11280.8305,45.875377,PGCB_2025
3748,6,6,3,11056.2578,44.962115,PGCB_2025
3749,6,6,4,10751.8565,43.724216,PGCB_2025
3750,6,6,5,10497.4578,42.689662,PGCB_2025
3751,6,6,6,9707.1724,39.475834,PGCB_2025
3752,6,6,7,9502.0393,38.641626,PGCB_2025
3753,6,6,8,9402.3237,38.236116,PGCB_2025
3754,6,6,9,9322.618,37.91198,PGCB_2025
3755,6,6,10,9488.7755,38.587687,PGCB_2025
3756,6,6,11,9776.7285,39.758696,PGCB_2025
3757,6,6,12,10077.3577,40.981255,PGCB_2025
3758,6,6,13,10366.7494,42.158114,PGCB_2025
3759,6,6,14,10310.9484,41.93119,PGCB_2025
3760,6,6,15,10035.5135,40.811088,PGCB_2025
3761,6,6,16,9722.8399,39.539549,PGCB_2025
3762,6,6,17,9316.2668,37.886152,PGCB_2025
3763,6,6,18,9231.6836,37.54218,PGCB_2025
3764,6,6,19,10607.5423,43.137339,PGCB_2025
3765,6,6,20,11365.44,46.219456,PGCB_2025
3766,6,6,21,11607.2066,47.20264,PGCB_2025
3767,6,6,22,11512.8158,46.818784,PGCB_2025
3768,6,6,23,11532.0449,46.896983,PGCB_2025
3769,6,7,0,11344.2723,46.133374,PGCB_2025
3770,6,7,1,11078.5484,45.052763,PGCB_2025
3771,6,7,2,10703.9945,43.529578,PGCB_2025
3772,6,7,3,10385.2767,42.233459,PGCB_2025
3773,6,7,4,10009.7753,40.70642,PGCB_2025
3774,6,7,5,9648.6695,39.237923,PGCB_2025
3775,6,7,6,9020.5677,36.683642,PGCB_2025
3776,6,7,7,8779.5819,35.703633,PGCB_2025
3777,6,7,8,8732.1672,35.510813,PGCB_2025
3778,6,7,9,8636.0922,35.120108,PGCB_2025
3779,6,7,10,8576.905,34.879414,PGCB_2025
3780,6,7,11,8832.0933,35.917179,PGCB_2025
3781,6,7,12,9153.9428,37.226034,PGCB_2025
3782,6,7,13,9931.9644,40.389989,PGCB_2025
3783,6,7,14,9727.4629,39.558349,PGCB_2025
3784,6,7,15,9365.2956,38.085535,PGCB_2025
3785,6,7,16,9058.3942,36.83747,PGCB_2025
3786,6,7,17,8718.6402,35.455803,PGCB_2025
3787,6,7,18,8572.7294,34.862433,PGCB_2025
3788,6,7,19,10129.4568,41.193124,PGCB_2025
3789,6,7,20,10718.9601,43.590438,PGCB_2025
3790,6,7,21,10901.6623,44.333427,PGCB_2025
3791,6,7,22,10869.8011,44.203858,PGCB_2025
3792,6,7,23,11050.1347,44.937214,PGCB_2025
3793,6,8,0,10971.6921,44.618215,PGCB_2025
3794,6,8,1,10788.5777,43.873549,PGCB_2025
3795,6,8,2,10439.1127,42.452392,PGCB_2025
3796,6,8,3,10197.0216,41.467888,PGCB_2025
3797,6,8,4,9957.3517,40.49323,PGCB_2025
3798,6,8,5,9731.1298,39.573261,PGCB_2025
3799,6,8,6,9369.3221,38.10191,PGCB_2025
3800,6,8,7,9253.4391,37.630652,PGCB_2025
3801,6,8,8,8604.0204,34.989683,PGCB_2025
3802,6,8,9,8119.8031,33.020533,PGCB_2025
3803,6,8,10,8151.8924,33.151029,PGCB_2025
3804,6,8,11,8224.4136,33.445949,PGCB_2025
3805,6,8,12,8508.77,34.602331,PGCB_2025
3806,6,8,13,8572.7294,34.862433,PGCB_2025
3807,6,8,14,8636.022,35.119823,PGCB_2025
3808,6,8,15,8959.819,36.436597,PGCB_2025
3809,6,8,16,9205.6209,37.436192,PGCB_2025
3810,6,8,17,9157.1535,37.239091,PGCB_2025
3811,6,8,18,9252.7197,37.627727,PGCB_2025
3812,6,8,19,10229.0232,41.598028,PGCB_2025
3813,6,8,20,11209.9497,45.587129,PGCB_2025
3814,6,8,21,11496.8063,46.753679,PGCB_2025
3815,6,8,22,11396.8012,46.346992,PGCB_2025
3816,6,8,23,11450.3127,46.564605,PGCB_2025
3817,6,9,0,11443.2948,46.536066,PGCB_2025
3818,6,9,1,11110.6465,45.183296,PGCB_2025
3819,6,9,2,10858.8795,44.159443,PGCB_2025
3820,6,9,3,10540.0038,42.862682,PGCB_2025
3821,6,9,4,10243.4976,41.65689,PGCB_2025
3822,6,9,5,10000.9416,40.670496,PGCB_2025
3823,6,9,6,9500.5129,38.635419,PGCB_2025
3824,6,9,7,9503.206,38.646371,PGCB_2025
3825,6,9,8,9405.7801,38.250172,PGCB_2025
3826,6,9,9,9509.1098,38.67038,PGCB_2025
3827,6,9,10,9516.0137,38.698456,PGCB_2025
3828,6,9,11,9511.7942,38.681296,PGCB_2025
3829,6,9,12,9309.3015,37.857826,PGCB_2025
3830,6,9,13,10146.2734,41.261512,PGCB_2025
3831,6,9,14,10641.7106,43.27629,PGCB_2025
3832,6,9,15,10617.0164,43.175867,PGCB_2025
3833,6,9,16,10406.0672,42.318007,PGCB_2025
3834,6,9,17,9889.9448,40.219109,PGCB_2025
3835,6,9,18,9247.0265,37.604574,PGCB_2025
3836,6,9,19,10395.6544,42.275661,PGCB_2025
3837,6,9,20,11268.7685,45.826325,PGCB_2025
3838,6,9,21,11599.8816,47.172852,PGCB_2025
3839,6,9,22,11707.7818,47.611646,PGCB_2025
3840,6,9,23,11840.2446,48.150328,PGCB_2025
3841,6,10,0,11812.48,48.037419,PGCB_2025
3842,6,10,1,11711.7294,47.6277,PGCB_2025
3843,6,10,2,11553.8267,46.985562,PGCB_2025
3844,6,10,3,11295.0417,45.93317,PGCB_2025
3845,6,10,4,11035.3796,44.87721,PGCB_2025
3846,6,10,5,10790.6304,43.881897,PGCB_2025
3847,6,10,6,10077.0419,40.97997,PGCB_2025
3848,6,10,7,10099.5606,41.071546,PGCB_2025
3849,6,10,8,10002.8013,40.678059,PGCB_2025
3850,6,10,9,9869.7595,40.137022,PGCB_2025
3851,6,10,10,9891.3571,40.224852,PGCB_2025
3852,6,10,11,9838.486,40.009843,PGCB_2025
3853,6,10,12,9990.8884,40.629613,PGCB_2025
3854,6,10,13,10231.9707,41.610014,PGCB_2025
3855,6,10,14,10547.4515,42.892969,PGCB_2025
3856,6,10,15,10603.8052,43.122141,PGCB_2025
3857,6,10,16,10519.8185,42.780595,PGCB_2025
3858,6,10,17,10044.3648,40.847084,PGCB_2025
3859,6,10,18,9599.2722,39.03704,PGCB_2025
3860,6,10,19,10837.5626,44.072755,PGCB_2025
3861,6,10,20,11755.2403,47.804644,PGCB_2025
3862,6,10,21,12212.6756,49.664881,PGCB_2025
3863,6,10,22,12326.269,50.126827,PGCB_2025
3864,6,10,23,12488.8386,50.787944,PGCB_2025
3865,6,11,0,12536.6042,50.98219,PGCB_2025
3866,6,11,1,12282.2142,49.947671,PGCB_2025
3867,6,11,2,12061.3171,49.049356,PGCB_2025
3868,6,11,3,11729.0372,47.698085,PGCB_2025
3869,6,11,4,11536.6679,46.915783,PGCB_2025
3870,6,11,5,11343.2196,46.129093,PGCB_2025
3871,6,11,6,10699.31,43.510527,PGCB_2025
3872,6,11,7,10525.8452,42.805104,PGCB_2025
3873,6,11,8,10342.9412,42.061294,PGCB_2025
3874,6,11,9,10215.1102,41.541448,PGCB_2025
3875,6,11,10,10209.5135,41.518688,PGCB_2025
3876,6,11,11,10127.2549,41.18417,PGCB_2025
3877,6,11,12,10321.1331,41.972608,PGCB_2025
3878,6,11,13,10789.2444,43.876261,PGCB_2025
3879,6,11,14,10975.1134,44.632128,PGCB_2025
3880,6,11,15,11057.6965,44.967966,PGCB_2025
3881,6,11,16,10883.6439,44.260152,PGCB_2025
3882,6,11,17,10592.1906,43.074908,PGCB_2025
3883,6,11,18,9982.8529,40.596935,PGCB_2025
3884,6,11,19,11106.2603,45.165459,PGCB_2025
3885,6,11,20,11702.7815,47.591311,PGCB_2025
3886,6,11,21,11361.0275,46.201512,PGCB_2025
3887,6,11,22,10746.4791,43.702348,PGCB_2025
3888,6,11,23,10632.9295,43.24058,PGCB_2025
3889,6,12,0,10685.0023,43.452343,PGCB_2025
3890,6,12,1,10649.983,43.309931,PGCB_2025
3891,6,12,2,10737.5751,43.666139,PGCB_2025
3892,6,12,3,10641.6317,43.275969,PGCB_2025
3893,6,12,4,10509.5636,42.738892,PGCB_2025
3894,6,12,5,10360.5474,42.132893,PGCB_2025
3895,6,12,6,9679.25,39.362283,PGCB_2025
3896,6,12,7,9530.8828,38.758923,PGCB_2025
3897,6,12,8,9501.2059,38.638237,PGCB_2025
3898,6,12,9,9532.7338,38.766451,PGCB_2025
3899,6,12,10,9718.8835,39.52346,PGCB_2025
3900,6,12,11,9775.8162,39.754986,PGCB_2025
3901,6,12,12,10249.0067,41.679294,PGCB_2025
3902,6,12,13,10808.8682,43.956064,PGCB_2025
3903,6,12,14,11145.929,45.326778,PGCB_2025
3904,6,12,15,11130.9458,45.265846,PGCB_2025
3905,6,12,16,11043.3273,44.909531,PGCB_2025
3906,6,12,17,10670.563,43.393623,PGCB_2025
3907,6,12,18,10008.2665,40.700284,PGCB_2025
3908,6,12,19,10868.9677,44.200469,PGCB_2025
3909,6,12,20,11760.2406,47.824978,PGCB_2025
3910,6,12,21,12329.8657,50.141454,PGCB_2025
3911,6,12,22,12356.2969,50.248941,PGCB_2025
3912,6,12,23,12633.2757,51.375321,PGCB_2025
3913,6,13,0,12606.6603,51.267085,PGCB_2025
3914,6,13,1,12378.912,50.340909,PGCB_2025
3915,6,13,2,12150.769,49.413127,PGCB_2025
3916,6,13,3,11948.8115,48.591833,PGCB_2025
3917,6,13,4,11663.7269,47.432489,PGCB_2025
3918,6,13,5,11370.2648,46.239077,PGCB_2025
3919,6,13,6,10728.6624,43.629894,PGCB_2025
3920,6,13,7,10428.2525,42.408227,PGCB_2025
3921,6,13,8,10425.3927,42.396597,PGCB_2025
3922,6,13,9,10263.3232,41.737514,PGCB_2025
3923,6,13,10,10343.7483,42.064576,PGCB_2025
3924,6,13,11,10471.4389,42.583852,PGCB_2025
3925,6,13,12,10774.191,43.815043,PGCB_2025
3926,6,13,13,11092.3561,45.108915,PGCB_2025
3927,6,13,14,11434.461,46.500141,PGCB_2025
3928,6,13,15,11485.3759,46.707195,PGCB_2025
3929,6,13,16,11444.0931,46.539312,PGCB_2025
3930,6,13,17,11006.5185,44.759842,PGCB_2025
3931,6,13,18,10418.5591,42.368807,PGCB_2025
3932,6,13,19,11605.8468,47.19711,PGCB_2025
3933,6,13,20,12562.2107,51.086324,PGCB_2025
3934,6,13,21,12957.7657,52.694914,PGCB_2025
3935,6,13,22,13054.525,53.088402,PGCB_2025
3936,6,13,23,13229.139,53.798499,PGCB_2025
3937,6,14,0,13228.9285,53.797643,PGCB_2025
3938,6,14,1,13027.392,52.978061,PGCB_2025
3939,6,14,2,12765.4227,51.912719,PGCB_2025
3940,6,14,3,12519.5419,50.912804,PGCB_2025
3941,6,14,4,12150.1988,49.410808,PGCB_2025
3942,6,14,5,12000.893,48.803632,PGCB_2025
3943,6,14,6,11385.9761,46.302969,PGCB_2025
3944,6,14,7,11089.2682,45.096357,PGCB_2025
3945,6,14,8,10918.9614,44.403776,PGCB_2025
3946,6,14,9,10665.6592,43.373681,PGCB_2025
3947,6,14,10,10588.2606,43.058926,PGCB_2025
3948,6,14,11,10727.1886,43.6239,PGCB_2025
3949,6,14,12,10988.2544,44.685568,PGCB_2025
3950,6,14,13,11688.1492,47.531807,PGCB_2025
3951,6,14,14,11448.9881,46.559218,PGCB_2025
3952,6,14,15,11647.1735,47.365172,PGCB_2025
3953,6,14,16,11576.5647,47.07803,PGCB_2025
3954,6,14,17,11231.6877,45.67553,PGCB_2025
3955,6,14,18,10670.0805,43.391661,PGCB_2025
3956,6,14,19,11700.5885,47.582393,PGCB_2025
3957,6,14,20,12939.4227,52.620319,PGCB_2025
3958,6,14,21,13413.1307,54.546732,PGCB_2025
3959,6,14,22,13517.5219,54.971256,PGCB_2025
3960,6,14,23,13588.5781,55.260218,PGCB_2025
3961,6,15,0,13728.4975,55.829223,PGCB_2025
3962,6,15,1,13535.1105,55.042783,PGCB_2025
3963,6,15,2,13053.639,53.084799,PGCB_2025
3964,6,15,3,12922.3166,52.550754,PGCB_2025
3965,6,15,4,12684.5853,51.58398,PGCB_2025
3966,6,15,5,12369.2186,50.301489,PGCB_2025
3967,6,15,6,11607.5399,47.203996,PGCB_2025
3968,6,15,7,11389.3096,46.316526,PGCB_2025
3969,6,15,8,11261.698,45.797572,PGCB_2025
3970,6,15,9,11153.2539,45.356566,PGCB_2025
3971,6,15,10,11394.345,46.337003,PGCB_2025
3972,6,15,11,11275.1811,45.852403,PGCB_2025
3973,6,15,12,11671.473,47.46399,PGCB_2025
3974,6,15,13,12092.7661,49.177249,PGCB_2025
3975,6,15,14,12195.2712,49.594103,PGCB_2025
3976,6,15,15,12391.6846,50.392851,PGCB_2025
3977,6,15,16,12239.0015,49.771939,PGCB_2025
3978,6,15,17,11908.3708,48.427375,PGCB_2025
3979,6,15,18,11133.9108,45.277904,PGCB_2025
3980,6,15,19,12356.06,50.247977,PGCB_2025
3981,6,15,20,13318.3891,54.161449,PGCB_2025
3982,6,15,21,13586.4991,55.251763,PGCB_2025
3983,6,15,22,13615.9216,55.371415,PGCB_2025
3984,6,15,23,13700.5925,55.715743,PGCB_2025
3985,6,16,0,13763.5255,55.97167,PGCB_2025
3986,6,16,1,13466.3001,54.762954,PGCB_2025
3987,6,16,2,13264.3074,53.941517,PGCB_2025
3988,6,16,3,12865.4628,52.319549,PGCB_2025
3989,6,16,4,12585.1505,51.179612,PGCB_2025
3990,6,16,5,12219.4479,49.692421,PGCB_2025
3991,6,16,6,11735.0902,47.7227,PGCB_2025
3992,6,16,7,11417.1707,46.429828,PGCB_2025
3993,6,16,8,11475.314,46.666277,PGCB_2025
3994,6,16,9,11686.6842,47.525849,PGCB_2025
3995,6,16,10,11960.2682,48.638424,PGCB_2025
3996,6,16,11,12089.3712,49.163443,PGCB_2025
3997,6,16,12,12409.7294,50.466233,PGCB_2025
3998,6,16,13,12343.6471,50.197498,PGCB_2025
3999,6,16,14,12364.5955,50.282688,PGCB_2025
4000,6,16,15,12340.9891,50.186689,PGCB_2025
4001,6,16,16,12468.285,50.704359,PGCB_2025
4002,6,16,17,12040.2196,48.96356,PGCB_2025
4003,6,16,18,11492.3324,46.735485,PGCB_2025
4004,6,16,19,12606.713,51.2673,PGCB_2025
4005,6,16,20,13422.4733,54.584725,PGCB_2025
4006,6,16,21,13721.3655,55.80022,PGCB_2025
4007,6,16,22,13562.1645,55.152802,PGCB_2025
4008,6,16,23,13672.9157,55.603191,PGCB_2025
4009,6,17,0,13548.6902,55.098007,PGCB_2025
4010,6,17,1,13388.5154,54.446629,PGCB_2025
4011,6,17,2,12975.2052,52.765834,PGCB_2025
4012,6,17,3,12764.2911,51.908117,PGCB_2025
4013,6,17,4,12472.2764,50.720591,PGCB_2025
4014,6,17,5,12214.4915,49.672265,PGCB_2025
4015,6,17,6,11475.4105,46.666669,PGCB_2025
4016,6,17,7,11380.0723,46.278961,PGCB_2025
4017,6,17,8,11095.8124,45.12297,PGCB_2025
4018,6,17,9,11297.4103,45.942802,PGCB_2025
4019,6,17,10,11543.2209,46.942432,PGCB_2025
4020,6,17,11,11905.3882,48.415245,PGCB_2025
4021,6,17,12,12122.2763,49.297257,PGCB_2025
4022,6,17,13,12482.1365,50.760688,PGCB_2025
4023,6,17,14,12394.4918,50.404267,PGCB_2025
4024,6,17,15,12584.8171,51.178256,PGCB_2025
4025,6,17,16,12544.1572,51.012906,PGCB_2025
4026,6,17,17,12060.9487,49.047858,PGCB_2025
4027,6,17,18,11291.8837,45.920327,PGCB_2025
4028,6,17,19,12273.126,49.910712,PGCB_2025
4029,6,17,20,13207.366,53.709955,PGCB_2025
4030,6,17,21,13189.3563,53.636716,PGCB_2025
4031,6,17,22,13158.8372,53.512605,PGCB_2025
4032,6,17,23,13272.7816,53.975979,PGCB_2025
4033,6,18,0,13338.5656,54.2435,PGCB_2025
4034,6,18,1,12852.2604,52.265859,PGCB_2025
4035,6,18,2,12382.5175,50.355571,PGCB_2025
4036,6,18,3,12035.3421,48.943725,PGCB_2025
4037,6,18,4,11650.5158,47.378764,PGCB_2025
4038,6,18,5,11139.2883,45.299772,PGCB_2025
4039,6,18,6,10582.4357,43.035239,PGCB_2025
4040,6,18,7,10359.0385,42.126757,PGCB_2025
4041,6,18,8,10304.3954,41.904541,PGCB_2025
4042,6,18,9,10437.6039,42.446256,PGCB_2025
4043,6,18,10,10783.1739,43.851574,PGCB_2025
4044,6,18,11,10916.8473,44.395179,PGCB_2025
4045,6,18,12,11253.3379,45.763574,PGCB_2025
4046,6,18,13,11528.0008,46.880537,PGCB_2025
4047,6,18,14,11443.0667,46.535138,PGCB_2025
4048,6,18,15,11439.6981,46.521439,PGCB_2025
4049,6,18,16,10966.1743,44.595775,PGCB_2025
4050,6,18,17,10821.5092,44.007471,PGCB_2025
4051,6,18,18,10818.7195,43.996126,PGCB_2025
4052,6,18,19,11588.1091,47.124977,PGCB_2025
4053,6,18,20,12527.2879,50.944304,PGCB_2025
4054,6,18,21,12746.2551,51.834771,PGCB_2025
4055,6,18,22,12605.0199,51.260414,PGCB_2025
4056,6,18,23,12505.0149,50.853727,PGCB_2025
4057,6,19,0,12438.3449,50.582603,PGCB_2025
4058,6,19,1,12100.6086,49.209142,PGCB_2025
4059,6,19,2,11671.6396,47.464668,PGCB_2025
4060,6,19,3,11401.4506,46.365899,PGCB_2025
4061,6,19,4,10998.7988,44.728448,PGCB_2025
4062,6,19,5,10718.0829,43.58687,PGCB_2025
4063,6,19,6,10050.7862,40.873197,PGCB_2025
4064,6,19,7,9963.7204,40.51913,PGCB_2025
4065,6,19,8,10007.1436,40.695717,PGCB_2025
4066,6,19,9,10072.8399,40.962882,PGCB_2025
4067,6,19,10,10636.57,43.255385,PGCB_2025
4068,6,19,11,10654.8867,43.329873,PGCB_2025
4069,6,19,12,11115.0941,45.201383,PGCB_2025
4070,6,19,13,11542.2384,46.938436,PGCB_2025
4071,6,19,14,11256.3205,45.775703,PGCB_2025
4072,6,19,15,11224.6084,45.646741,PGCB_2025
4073,6,19,16,11080.3467,45.060077,PGCB_2025
4074,6,19,17,10839.1592,44.079247,PGCB_2025
4075,6,19,18,10650.4655,43.311893,PGCB_2025
4076,6,19,19,11657.7179,47.408053,PGCB_2025
4077,6,19,20,12441.9415,50.597229,PGCB_2025
4078,6,19,21,12401.9395,50.434554,PGCB_2025
4079,6,19,22,12339.6557,50.181267,PGCB_2025
4080,6,19,23,12226.9307,49.722852,PGCB_2025
4081,6,20,0,12079.5549,49.123523,PGCB_2025
4082,6,20,1,11737.4324,47.732225,PGCB_2025
4083,6,20,2,11281.2691,45.877161,PGCB_2025
4084,6,20,3,10921.6019,44.414514,PGCB_2025
4085,6,20,4,10469.8248,42.577288,PGCB_2025
4086,6,20,5,10005.7664,40.690117,PGCB_2025
4087,6,20,6,9498.6005,38.627642,PGCB_2025
4088,6,20,7,9497.4689,38.62304,PGCB_2025
4089,6,20,8,9863.2241,40.110445,PGCB_2025
4090,6,20,9,10039.2768,40.826392,PGCB_2025
4091,6,20,10,10427.3578,42.404588,PGCB_2025
4092,6,20,11,10674.8351,43.410996,PGCB_2025
4093,6,20,12,11163.5878,45.39859,PGCB_2025
4094,6,20,13,11589.2407,47.129579,PGCB_2025
4095,6,20,14,11254.4257,45.767998,PGCB_2025
4096,6,20,15,11359.1151,46.193735,PGCB_2025
4097,6,20,16,11309.9372,45.993745,PGCB_2025
4098,6,20,17,10925.4354,44.430104,PGCB_2025
4099,6,20,18,10841.4751,44.088665,PGCB_2025
4100,6,20,19,11767.2585,47.853518,PGCB_2025
4101,6,20,20,12548.1749,51.029245,PGCB_2025
4102,6,20,21,12445.7575,50.612747,PGCB_2025
4103,6,20,22,12200.5171,49.615436,PGCB_2025
4104,6,20,23,12226.5623,49.721353,PGCB_2025
4105,6,21,0,11935.0388,48.535824,PGCB_2025
4106,6,21,1,11680.9296,47.502447,PGCB_2025
4107,6,21,2,11335.535,46.097842,PGCB_2025
4108,6,21,3,10920.7159,44.410911,PGCB_2025
4109,6,21,4,10553.9518,42.919404,PGCB_2025
4110,6,21,5,10190.9424,41.443166,PGCB_2025
4111,6,21,6,9708.4707,39.481114,PGCB_2025
4112,6,21,7,9490.8194,38.595999,PGCB_2025
4113,6,21,8,9498.2408,38.626179,PGCB_2025
4114,6,21,9,9458.3792,38.464075,PGCB_2025
4115,6,21,10,9424.5529,38.326515,PGCB_2025
4116,6,21,11,9854.1798,40.073665,PGCB_2025
4117,6,21,12,10312.8871,41.939074,PGCB_2025
4118,6,21,13,10897.2937,44.315661,PGCB_2025
4119,6,21,14,10366.8372,42.158471,PGCB_2025
4120,6,21,15,10197.3023,41.469029,PGCB_2025
4121,6,21,16,9785.0184,39.792408,PGCB_2025
4122,6,21,17,9440.3081,38.390586,PGCB_2025
4123,6,21,18,9558.2877,38.87037,PGCB_2025
4124,6,21,19,10780.3667,43.840158,PGCB_2025
4125,6,21,20,11876.7377,48.298733,PGCB_2025
4126,6,21,21,12170.5945,49.493751,PGCB_2025
4127,6,21,22,12253.3443,49.830267,PGCB_2025
4128,6,21,23,12362.6393,50.274733,PGCB_2025
4129,6,22,0,12342.8664,50.194323,PGCB_2025
4130,6,22,1,11871.0707,48.275688,PGCB_2025
4131,6,22,2,11530.4483,46.89049,PGCB_2025
4132,6,22,3,11158.105,45.376294,PGCB_2025
4133,6,22,4,11034.0812,44.87193,PGCB_2025
4134,6,22,5,10587.4009,43.05543,PGCB_2025
4135,6,22,6,10133.343,41.208928,PGCB_2025
4136,6,22,7,10265.6742,41.747075,PGCB_2025
4137,6,22,8,10339.5288,42.047417,PGCB_2025
4138,6,22,9,10597.6207,43.096991,PGCB_2025
4139,6,22,10,10625.2098,43.209187,PGCB_2025
4140,6,22,11,10888.5827,44.280236,PGCB_2025
4141,6,22,12,11276.9005,45.859395,PGCB_2025
4142,6,22,13,11733.3357,47.715565,PGCB_2025
4143,6,22,14,11747.8189,47.774464,PGCB_2025
4144,6,22,15,11802.1901,47.995573,PGCB_2025
4145,6,22,16,11910.4148,48.435687,PGCB_2025
4146,6,22,17,11653.7264,47.391821,PGCB_2025
4147,6,22,18,11455.2516,46.58469,PGCB_2025
4148,6,22,19,12680.6377,51.567927,PGCB_2025
4149,6,22,20,13702.9699,55.725411,PGCB_2025
4150,6,22,21,13790.7637,56.082439,PGCB_2025
4151,6,22,22,13733.8837,55.851127,PGCB_2025
4152,6,22,23,13615.369,55.369167,PGCB_2025
4153,6,23,0,13655.4587,55.532199,PGCB_2025
4154,6,23,1,13321.1612,54.172722,PGCB_2025
4155,6,23,2,12689.761,51.605028,PGCB_2025
4156,6,23,3,12354.9635,50.243518,PGCB_2025
4157,6,23,4,12114.8374,49.267005,PGCB_2025
4158,6,23,5,11777.7327,47.896113,PGCB_2025
4159,6,23,6,11136.4987,45.288428,PGCB_2025
4160,6,23,7,11116.445,45.206876,PGCB_2025
4161,6,23,8,11024.8966,44.83458,PGCB_2025
4162,6,23,9,11351.6762,46.163483,PGCB_2025
4163,6,23,10,11633.9184,47.311268,PGCB_2025
4164,6,23,11,11747.9768,47.775106,PGCB_2025
4165,6,23,12,12150.0847,49.410344,PGCB_2025
4166,6,23,13,12375.7978,50.328244,PGCB_2025
4167,6,23,14,12635.6355,51.384918,PGCB_2025
4168,6,23,15,12688.2697,51.598963,PGCB_2025
4169,6,23,16,12643.6096,51.417346,PGCB_2025
4170,6,23,17,12307.2242,50.049378,PGCB_2025
4171,6,23,18,11769.2147,47.861473,PGCB_2025
4172,6,23,19,12874.9458,52.358113,PGCB_2025
4173,6,23,20,13711.5756,55.760407,PGCB_2025
4174,6,23,21,13668.2839,55.584355,PGCB_2025
4175,6,23,22,13427.5262,54.605273,PGCB_2025
4176,6,23,23,13387.4628,54.442349,PGCB_2025
4177,6,24,0,13375.8569,54.395151,PGCB_2025
4178,6,24,1,13378.2518,54.404891,PGCB_2025
4179,6,24,2,12957.3622,52.693273,PGCB_2025
4180,6,24,3,12527.8494,50.946588,PGCB_2025
4181,6,24,4,12220.1672,49.695347,PGCB_2025
4182,6,24,5,11970.8652,48.681518,PGCB_2025
4183,6,24,6,11401.0471,46.364258,PGCB_2025
4184,6,24,7,11170.7986,45.427914,PGCB_2025
4185,6,24,8,11138.7619,45.297632,PGCB_2025
4186,6,24,9,11522.7462,46.859168,PGCB_2025
4187,6,24,10,11699.8253,47.57929,PGCB_2025
4188,6,24,11,11801.8918,47.99436,PGCB_2025
4189,6,24,12,12143.602,49.383981,PGCB_2025
4190,6,24,13,12452.7842,50.641322,PGCB_2025
4191,6,24,14,12497.0496,50.821335,PGCB_2025
4192,6,24,15,12671.9794,51.532716,PGCB_2025
4193,6,24,16,12565.1758,51.098382,PGCB_2025
4194,6,24,17,12124.1712,49.304963,PGCB_2025
4195,6,24,18,11828.6037,48.102988,PGCB_2025
4196,6,24,19,12927.3519,52.571231,PGCB_2025
4197,6,24,20,13755.6479,55.939635,PGCB_2025
4198,6,24,21,13659.8887,55.550214,PGCB_2025
4199,6,24,22,13469.0019,54.773941,PGCB_2025
4200,6,24,23,13579.8496,55.224722,PGCB_2025
4201,6,25,0,13659.9238,55.550357,PGCB_2025
4202,6,25,1,13330.5038,54.210715,PGCB_2025
4203,6,25,2,12756.6679,51.877116,PGCB_2025
4204,6,25,3,12413.8612,50.483036,PGCB_2025
4205,6,25,4,12002.2703,48.809233,PGCB_2025
4206,6,25,5,11721.2035,47.666228,PGCB_2025
4207,6,25,6,11141.5252,45.308869,PGCB_2025
4208,6,25,7,11041.6167,44.902575,PGCB_2025
4209,6,25,8,11220.8626,45.631508,PGCB_2025
4210,6,25,9,11479.9633,46.685184,PGCB_2025
4211,6,25,10,11809.0062,48.023292,PGCB_2025
4212,6,25,11,12053.2641,49.016607,PGCB_2025
4213,6,25,12,12451.3455,50.635472,PGCB_2025
4214,6,25,13,12647.0132,51.431187,PGCB_2025
4215,6,25,14,12678.8745,51.560756,PGCB_2025
4216,6,25,15,12839.058,52.212169,PGCB_2025
4217,6,25,16,12675.7515,51.548056,PGCB_2025
4218,6,25,17,12090.0203,49.166083,PGCB_2025
4219,6,25,18,11598.7939,47.168429,PGCB_2025
4220,6,25,19,12592.4754,51.2094,PGCB_2025
4221,6,25,20,13720.1637,55.795332,PGCB_2025
4222,6,25,21,13597.6049,55.296927,PGCB_2025
4223,6,25,22,13510.1093,54.941111,PGCB_2025
4224,6,25,23,13773.7892,56.013409,PGCB_2025
4225,6,26,0,13716.2161,55.779279,PGCB_2025
4226,6,26,1,13230.0864,53.802351,PGCB_2025
4227,6,26,2,12896.5521,52.445979,PGCB_2025
4228,6,26,3,12563.7108,51.092424,PGCB_2025
4229,6,26,4,12370.2362,50.305627,PGCB_2025
4230,6,26,5,11940.6619,48.558692,PGCB_2025
4231,6,26,6,11433.6627,46.496895,PGCB_2025
4232,6,26,7,11214.3973,45.605216,PGCB_2025
4233,6,26,8,11279.6287,45.87049,PGCB_2025
4234,6,26,9,11423.8026,46.456797,PGCB_2025
4235,6,26,10,11638.8134,47.331174,PGCB_2025
4236,6,26,11,11786.9524,47.933606,PGCB_2025
4237,6,26,12,12052.1324,49.012005,PGCB_2025
4238,6,26,13,12311.5841,50.067109,PGCB_2025
4239,6,26,14,12236.0891,49.760096,PGCB_2025
4240,6,26,15,12537.1393,50.984366,PGCB_2025
4241,6,26,16,12326.1375,50.126293,PGCB_2025
4242,6,26,17,12041.6933,48.969553,PGCB_2025
4243,6,26,18,11470.2698,46.645764,PGCB_2025
4244,6,26,19,12521.5508,50.920973,PGCB_2025
4245,6,26,20,13532.2771,55.03126,PGCB_2025
4246,6,26,21,13572.7528,55.195861,PGCB_2025
4247,6,26,22,13484.1869,54.835693,PGCB_2025
4248,6,26,23,13607.0001,55.335134,PGCB_2025
4249,6,27,0,13649.5461,55.508154,PGCB_2025
4250,6,27,1,13404.3583,54.511057,PGCB_2025
4251,6,27,2,12930.6503,52.584645,PGCB_2025
4252,6,27,3,12628.0035,51.353881,PGCB_2025
4253,6,27,4,12168.3313,49.484547,PGCB_2025
4254,6,27,5,11991.1294,48.763926,PGCB_2025
4255,6,27,6,11222.6609,45.638821,PGCB_2025
4256,6,27,7,11113.9888,45.196888,PGCB_2025
4257,6,27,8,11100.4355,45.141771,PGCB_2025
4258,6,27,9,11368.4051,46.231514,PGCB_2025
4259,6,27,10,11643.5066,47.35026,PGCB_2025
4260,6,27,11,11841.3762,48.15493,PGCB_2025
4261,6,27,12,12285.8635,49.962512,PGCB_2025
4262,6,27,13,12314.9527,50.080808,PGCB_2025
4263,6,27,14,12198.4293,49.606946,PGCB_2025
4264,6,27,15,12348.2175,50.216085,PGCB_2025
4265,6,27,16,12404.694,50.445756,PGCB_2025
4266,6,27,17,11943.8024,48.571463,PGCB_2025
4267,6,27,18,11540.0541,46.929553,PGCB_2025
4268,6,27,19,12570.9743,51.121962,PGCB_2025
4269,6,27,20,13421.2627,54.579802,PGCB_2025
4270,6,27,21,13510.1181,54.941147,PGCB_2025
4271,6,27,22,13462.5192,54.747578,PGCB_2025
4272,6,27,23,13615.3777,55.369203,PGCB_2025
4273,6,28,0,13615.0532,55.367883,PGCB_2025
4274,6,28,1,13268.2287,53.957463,PGCB_2025
4275,6,28,2,12931.8609,52.589568,PGCB_2025
4276,6,28,3,12526.6388,50.941664,PGCB_2025
4277,6,28,4,12245.958,49.800229,PGCB_2025
4278,6,28,5,11868.5355,48.265378,PGCB_2025
4279,6,28,6,10819.1669,43.997945,PGCB_2025
4280,6,28,7,10424.7524,42.393993,PGCB_2025
4281,6,28,8,10142.2996,41.245352,PGCB_2025
4282,6,28,9,9827.0995,39.963538,PGCB_2025
4283,6,28,10,9858.5221,40.091323,PGCB_2025
4284,6,28,11,10040.5751,40.831672,PGCB_2025
4285,6,28,12,10725.557,43.617265,PGCB_2025
4286,6,28,13,11257.1188,45.77895,PGCB_2025
4287,6,28,14,10925.3477,44.429747,PGCB_2025
4288,6,28,15,10926.339,44.433779,PGCB_2025
4289,6,28,16,10481.4306,42.624484,PGCB_2025
4290,6,28,17,10198.6269,41.474416,PGCB_2025
4291,6,28,18,9676.9691,39.353008,PGCB_2025
4292,6,28,19,10862.3884,44.173713,PGCB_2025
4293,6,28,20,12344.0419,50.199104,PGCB_2025
4294,6,28,21,12600.4232,51.241721,PGCB_2025
4295,6,28,22,12683.6028,51.579985,PGCB_2025
4296,6,28,23,12780.0112,51.972046,PGCB_2025
4297,6,29,0,12879.9636,52.378519,PGCB_2025
4298,6,29,1,12652.0486,51.451664,PGCB_2025
4299,6,29,2,12304.6802,50.039033,PGCB_2025
4300,6,29,3,12010.9549,48.84455,PGCB_2025
4301,6,29,4,11767.9515,47.856336,PGCB_2025
4302,6,29,5,11560.8183,47.013994,PGCB_2025
4303,6,29,6,10864.2306,44.181204,PGCB_2025
4304,6,29,7,10712.1791,43.562862,PGCB_2025
4305,6,29,8,10244.4363,41.660708,PGCB_2025
4306,6,29,9,10001.8451,40.67417,PGCB_2025
4307,6,29,10,10108.2277,41.106793,PGCB_2025
4308,6,29,11,10432.4545,42.425315,PGCB_2025
4309,6,29,12,10834.8607,44.061767,PGCB_2025
4310,6,29,13,11108.8569,45.176018,PGCB_2025
4311,6,29,14,11256.4258,45.776132,PGCB_2025
4312,6,29,15,11528.3342,46.881892,PGCB_2025
4313,6,29,16,11517.1933,46.836586,PGCB_2025
4314,6,29,17,11333.2103,46.088389,PGCB_2025
4315,6,29,18,11436.1278,46.50692,PGCB_2025
4316,6,29,19,12527.4897,50.945125,PGCB_2025
4317,6,29,20,13615.3514,55.369096,PGCB_2025
4318,6,29,21,13518.3992,54.974823,PGCB_2025
4319,6,29,22,13448.2202,54.689429,PGCB_2025
4320,6,29,23,13535.9439,55.046172,PGCB_2025
4321,6,30,0,13255.228,53.904594,PGCB_2025
4322,6,30,1,13132.8535,53.406938,PGCB_2025
4323,6,30,2,12706.5162,51.673166,PGCB_2025
4324,6,30,3,12505.1903,50.854441,PGCB_2025
4325,6,30,4,12220.0883,49.695026,PGCB_2025
4326,6,30,5,12049.027,48.999376,PGCB_2025
4327,6,30,6,11164.8948,45.403906,PGCB_2025
4328,6,30,7,10994.5617,44.711218,PGCB_2025
4329,6,30,8,10991.3159,44.698018,PGCB_2025
4330,6,30,9,11267.7246,45.82208,PGCB_2025
4331,6,30,10,11548.765,46.964978,PGCB_2025
4332,6,30,11,11822.6034,48.078587,PGCB_2025
4333,6,30,12,12204.1489,49.630206,PGCB_2025
4334,6,30,13,12379.6752,50.344012,PGCB_2025
4335,6,30,14,12298.2062,50.012705,PGCB_2025
4336,6,30,15,12373.1223,50.317364,PGCB_2025
4337,6,30,16,12454.1878,50.64703,PGCB_2025
4338,6,30,17,12223.2025,49.70769,PGCB_2025
4339,6,30,18,11578.4332,47.085628,PGCB_2025
4340,6,30,19,12517.0418,50.902637,PGCB_2025
4341,6,30,20,13518.7852,54.976393,PGCB_2025
4342,6,30,21,13496.7226,54.886672,PGCB_2025
4343,6,30,22,13488.5643,54.853495,PGCB_2025
4344,6,30,23,13658.9062,55.546219,PGCB_2025
4345,7,1,0,13597.1224,55.294964,PGCB_2025
4346,7,1,1,13351.7329,54.297047,PGCB_2025
4347,7,1,2,12904.8771,52.479834,PGCB_2025
4348,7,1,3,12633.0476,51.374394,PGCB_2025
4349,7,1,4,12360.6392,50.266599,PGCB_2025
4350,7,1,5,12063.3348,49.057562,PGCB_2025
4351,7,1,6,11272.2599,45.840524,PGCB_2025
4352,7,1,7,11034.1777,44.872323,PGCB_2025
4353,7,1,8,11056.6964,44.963899,PGCB_2025
4354,7,1,9,11156.1488,45.368338,PGCB_2025
4355,7,1,10,11293.3838,45.926427,PGCB_2025
4356,7,1,11,11530.9834,46.892666,PGCB_2025
4357,7,1,12,11986.8836,48.74666,PGCB_2025
4358,7,1,13,12380.6753,50.34808,PGCB_2025
4359,7,1,14,12437.1781,50.577858,PGCB_2025
4360,7,1,15,12422.7651,50.519245,PGCB_2025
4361,7,1,16,12316.3738,50.086587,PGCB_2025
4362,7,1,17,11980.9008,48.72233,PGCB_2025
4363,7,1,18,11508.6314,46.801768,PGCB_2025
4364,7,1,19,12782.985,51.984139,PGCB_2025
4365,7,1,20,13501.4334,54.905829,PGCB_2025
4366,7,1,21,13500.3544,54.901441,PGCB_2025
4367,7,1,22,13474.2829,54.795417,PGCB_2025
4368,7,1,23,13386.4803,54.438353,PGCB_2025
4369,7,2,0,13299.0373,54.082752,PGCB_2025
4370,7,2,1,13264.439,53.942052,PGCB_2025
4371,7,2,2,12895.9994,52.443731,PGCB_2025
4372,7,2,3,12641.6007,51.409176,PGCB_2025
4373,7,2,4,12342.9015,50.194466,PGCB_2025
4374,7,2,5,12167.8049,49.482407,PGCB_2025
4375,7,2,6,11554.7566,46.989344,PGCB_2025
4376,7,2,7,11538.9049,46.92488,PGCB_2025
4377,7,2,8,11451.9444,46.571241,PGCB_2025
4378,7,2,9,11471.2524,46.64976,PGCB_2025
4379,7,2,10,11647.7875,47.367669,PGCB_2025
4380,7,2,11,11935.2845,48.536824,PGCB_2025
4381,7,2,12,12514.7259,50.893219,PGCB_2025
4382,7,2,13,12724.4645,51.746156,PGCB_2025
4383,7,2,14,12634.0038,51.378282,PGCB_2025
4384,7,2,15,12705.5337,51.66917,PGCB_2025
4385,7,2,16,12613.1343,51.293413,PGCB_2025
4386,7,2,17,12193.1571,49.585506,PGCB_2025
4387,7,2,18,11816.8224,48.055078,PGCB_2025
4388,7,2,19,12805.9072,52.077356,PGCB_2025
4389,7,2,20,13798.5536,56.114118,PGCB_2025
4390,7,2,21,13965.9568,56.794891,PGCB_2025
4391,7,2,22,13877.6629,56.435829,PGCB_2025
4392,7,2,23,13781.3598,56.044197,PGCB_2025
4393,7,3,0,13789.6584,56.077944,PGCB_2025
4394,7,3,1,13360.5754,54.333007,PGCB_2025
4395,7,3,2,13009.1192,52.903751,PGCB_2025
4396,7,3,3,12624.4419,51.339397,PGCB_2025
4397,7,3,4,12360.5866,50.266386,PGCB_2025
4398,7,3,5,12069.607,49.083068,PGCB_2025
4399,7,3,6,11511.7983,46.814646,PGCB_2025
4400,7,3,7,11381.2566,46.283777,PGCB_2025
4401,7,3,8,11298.7261,45.948153,PGCB_2025
4402,7,3,9,11367.0103,46.225842,PGCB_2025
4403,7,3,10,11529.2202,46.885495,PGCB_2025
4404,7,3,11,11920.9943,48.47871,PGCB_2025
4405,7,3,12,12421.9756,50.516034,PGCB_2025
4406,7,3,13,12567.7812,51.108977,PGCB_2025
4407,7,3,14,12211.9738,49.662027,PGCB_2025
4408,7,3,15,12509.4449,50.871743,PGCB_2025
4409,7,3,16,12528.8933,50.950833,PGCB_2025
4410,7,3,17,12113.1531,49.260156,PGCB_2025
4411,7,3,18,11717.0893,47.649496,PGCB_2025
4412,7,3,19,12653.2679,51.456623,PGCB_2025
4413,7,3,20,13619.2814,55.385078,PGCB_2025
4414,7,3,21,13632.44,55.438589,PGCB_2025
4415,7,3,22,13545.7777,55.086163,PGCB_2025
4416,7,3,23,13615.3953,55.369274,PGCB_2025
4417,7,4,0,13606.8334,55.334456,PGCB_2025
4418,7,4,1,13220.5772,53.763681,PGCB_2025
4419,7,4,2,12738.0441,51.801379,PGCB_2025
4420,7,4,3,12387.3774,50.375335,PGCB_2025
4421,7,4,4,12097.7312,49.19744,PGCB_2025
4422,7,4,5,11794.6195,47.964786,PGCB_2025
4423,7,4,6,11297.9103,45.944835,PGCB_2025
4424,7,4,7,11067.4513,45.007635,PGCB_2025
4425,7,4,8,11006.7816,44.760912,PGCB_2025
4426,7,4,9,11107.234,45.169418,PGCB_2025
4427,7,4,10,11416.2057,46.425903,PGCB_2025
4428,7,4,11,11633.6903,47.310341,PGCB_2025
4429,7,4,12,12183.6478,49.546834,PGCB_2025
4430,7,4,13,12574.1587,51.134912,PGCB_2025
4431,7,4,14,12430.1778,50.54939,PGCB_2025
4432,7,4,15,12458.2406,50.663512,PGCB_2025
4433,7,4,16,12306.2505,50.045419,PGCB_2025
4434,7,4,17,11926.1173,48.499544,PGCB_2025
4435,7,4,18,11445.8213,46.54634,PGCB_2025
4436,7,4,19,12394.9216,50.406015,PGCB_2025
4437,7,4,20,13465.9404,54.761491,PGCB_2025
4438,7,4,21,13566.4718,55.170319,PGCB_2025
4439,7,4,22,13526.461,55.007608,PGCB_2025
4440,7,4,23,13439.9917,54.655966,PGCB_2025
4441,7,5,0,13352.1803,54.298867,PGCB_2025
4442,7,5,1,12983.1793,52.798262,PGCB_2025
4443,7,5,2,12580.4836,51.160633,PGCB_2025
4444,7,5,3,12163.3661,49.464355,PGCB_2025
4445,7,5,4,11856.298,48.215612,PGCB_2025
4446,7,5,5,11521.3689,46.853567,PGCB_2025
4447,7,5,6,10868.7396,44.199541,PGCB_2025
4448,7,5,7,10539.3897,42.860185,PGCB_2025
4449,7,5,8,10169.1606,41.354586,PGCB_2025
4450,7,5,9,9970.9751,40.548632,PGCB_2025
4451,7,5,10,9742.1479,39.618068,PGCB_2025
4452,7,5,11,9932.4118,40.391808,PGCB_2025
4453,7,5,12,10545.2672,42.884087,PGCB_2025
4454,7,5,13,11035.5199,44.877781,PGCB_2025
4455,7,5,14,10810.5349,43.962842,PGCB_2025
4456,7,5,15,10650.9655,43.313926,PGCB_2025
4457,7,5,16,10206.5572,41.506666,PGCB_2025
4458,7,5,17,9963.7467,40.519237,PGCB_2025
4459,7,5,18,9686.7854,39.392927,PGCB_2025
4460,7,5,19,10826.5269,44.027876,PGCB_2025
4461,7,5,20,12042.6144,48.973299,PGCB_2025
4462,7,5,21,12175.1737,49.512373,PGCB_2025
4463,7,5,22,12338.3398,50.175915,PGCB_2025
4464,7,5,23,12386.1492,50.37034,PGCB_2025
4465,7,6,0,12432.2042,50.55763,PGCB_2025
4466,7,6,1,12068.3262,49.07786,PGCB_2025
4467,7,6,2,11602.5133,47.183554,PGCB_2025
4468,7,6,3,11252.4957,45.760149,PGCB_2025
4469,7,6,4,10883.1789,44.258261,PGCB_2025
4470,7,6,5,10641.0615,43.27365,PGCB_2025
4471,7,6,6,10335.7216,42.031935,PGCB_2025
4472,7,6,7,10167.678,41.348557,PGCB_2025
4473,7,6,8,10222.8211,41.572806,PGCB_2025
4474,7,6,9,10305.027,41.90711,PGCB_2025
4475,7,6,10,10404.6461,42.312227,PGCB_2025
4476,7,6,11,10695.8449,43.496436,PGCB_2025
4477,7,6,12,11102.1198,45.148621,PGCB_2025
4478,7,6,13,11337.4386,46.105584,PGCB_2025
4479,7,6,14,11308.6389,45.988465,PGCB_2025
4480,7,6,15,11632.9184,47.307201,PGCB_2025
4481,7,6,16,11473.0419,46.657037,PGCB_2025
4482,7,6,17,11019.7735,44.813746,PGCB_2025
4483,7,6,18,10730.6362,43.637921,PGCB_2025
4484,7,6,19,11817.3487,48.057218,PGCB_2025
4485,7,6,20,12958.9324,52.699658,PGCB_2025
4486,7,6,21,13128.4848,53.389172,PGCB_2025
4487,7,6,22,13089.0092,53.228637,PGCB_2025
4488,7,6,23,13036.5591,53.01534,PGCB_2025
4489,7,7,0,13031.9887,52.996754,PGCB_2025
4490,7,7,1,12667.295,51.513666,PGCB_2025
4491,7,7,2,12352.13,50.231995,PGCB_2025
4492,7,7,3,11922.6084,48.485274,PGCB_2025
4493,7,7,4,11553.66,46.984884,PGCB_2025
4494,7,7,5,11277.3128,45.861072,PGCB_2025
4495,7,7,6,10770.375,43.799525,PGCB_2025
4496,7,7,7,10514.4411,42.758727,PGCB_2025
4497,7,7,8,10291.6141,41.852564,PGCB_2025
4498,7,7,9,10488.2906,42.652382,PGCB_2025
4499,7,7,10,10500.0281,42.700114,PGCB_2025
4500,7,7,11,10681.8179,43.439393,PGCB_2025
4501,7,7,12,11088.9086,45.094895,PGCB_2025
4502,7,7,13,11578.3367,47.085236,PGCB_2025
4503,7,7,14,11582.8281,47.103501,PGCB_2025
4504,7,7,15,11522.0181,46.856207,PGCB_2025
4505,7,7,16,11233.0386,45.681024,PGCB_2025
4506,7,7,17,10889.7933,44.285159,PGCB_2025
4507,7,7,18,10609.8494,43.146721,PGCB_2025
4508,7,7,19,11649.8754,47.37616,PGCB_2025
4509,7,7,20,12894.9029,52.439272,PGCB_2025
4510,7,7,21,12992.092,52.834507,PGCB_2025
4511,7,7,22,13054.1916,53.087046,PGCB_2025
4512,7,7,23,12904.5964,52.478692,PGCB_2025
4513,7,8,0,12790.7836,52.015853,PGCB_2025
4514,7,8,1,12430.4585,50.550531,PGCB_2025
4515,7,8,2,12036.4124,48.948077,PGCB_2025
4516,7,8,3,11711.5539,47.626986,PGCB_2025
4517,7,8,4,11347.4216,46.146181,PGCB_2025
4518,7,8,5,11211.9498,45.595263,PGCB_2025
4519,7,8,6,10607.051,43.135341,PGCB_2025
4520,7,8,7,10698.7223,43.508137,PGCB_2025
4521,7,8,8,10700.9592,43.517234,PGCB_2025
4522,7,8,9,10769.2609,43.794994,PGCB_2025
4523,7,8,10,11000.2023,44.734156,PGCB_2025
4524,7,8,11,11324.7713,46.05407,PGCB_2025
4525,7,8,12,11528.8956,46.884175,PGCB_2025
4526,7,8,13,11753.6964,47.798365,PGCB_2025
4527,7,8,14,11538.6768,46.923952,PGCB_2025
4528,7,8,15,11666.0341,47.441872,PGCB_2025
4529,7,8,16,11444.3212,46.54024,PGCB_2025
4530,7,8,17,10977.4907,44.641796,PGCB_2025
4531,7,8,18,10771.8312,43.805447,PGCB_2025
4532,7,8,19,11592.7672,47.14392,PGCB_2025
4533,7,8,20,12579.4923,51.156602,PGCB_2025
4534,7,8,21,12540.4289,50.997744,PGCB_2025
4535,7,8,22,12564.6056,51.096063,PGCB_2025
4536,7,8,23,12243.7473,49.791239,PGCB_2025
4537,7,9,0,12124.68,49.307032,PGCB_2025
4538,7,9,1,11798.3302,47.979876,PGCB_2025
4539,7,9,2,11384.8796,46.29851,PGCB_2025
4540,7,9,3,10921.6282,44.414621,PGCB_2025
4541,7,9,4,10610.8231,43.150681,PGCB_2025
4542,7,9,5,10372.5567,42.181731,PGCB_2025
4543,7,9,6,9971.6769,40.551486,PGCB_2025
4544,7,9,7,10019.4425,40.745733,PGCB_2025
4545,7,9,8,10007.0471,40.695325,PGCB_2025
4546,7,9,9,10141.1416,41.240643,PGCB_2025
4547,7,9,10,10247.4101,41.672801,PGCB_2025
4548,7,9,11,10499.1947,42.696725,PGCB_2025
4549,7,9,12,10825.5181,44.023774,PGCB_2025
4550,7,9,13,10993.9476,44.70872,PGCB_2025
4551,7,9,14,10728.7589,43.630286,PGCB_2025
4552,7,9,15,10764.0326,43.773733,PGCB_2025
4553,7,9,16,10540.0827,42.863003,PGCB_2025
4554,7,9,17,10359.4596,42.128469,PGCB_2025
4555,7,9,18,10263.8057,41.739477,PGCB_2025
4556,7,9,19,10908.7416,44.362216,PGCB_2025
4557,7,9,20,11717.0981,47.649532,PGCB_2025
4558,7,9,21,11741.8186,47.750062,PGCB_2025
4559,7,9,22,11758.4861,47.817843,PGCB_2025
4560,7,9,23,11535.6679,46.911716,PGCB_2025
4561,7,10,0,11347.9391,46.148286,PGCB_2025
4562,7,10,1,10959.3231,44.567914,PGCB_2025
4563,7,10,2,10515.4411,42.762794,PGCB_2025
4564,7,10,3,10021.5566,40.75433,PGCB_2025
4565,7,10,4,9604.869,39.059801,PGCB_2025
4566,7,10,5,9435.5623,38.371287,PGCB_2025
4567,7,10,6,9093.6591,36.98088,PGCB_2025
4568,7,10,7,9230.1046,37.535759,PGCB_2025
4569,7,10,8,9489.5036,38.590648,PGCB_2025
4570,7,10,9,9725.4803,39.550287,PGCB_2025
4571,7,10,10,9804.2124,39.870464,PGCB_2025
4572,7,10,11,10029.522,40.786723,PGCB_2025
4573,7,10,12,10505.7477,42.723374,PGCB_2025
4574,7,10,13,10550.013,42.903386,PGCB_2025
4575,7,10,14,10320.212,41.968862,PGCB_2025
4576,7,10,15,10232.4532,41.611976,PGCB_2025
4577,7,10,16,10083.9633,41.008117,PGCB_2025
4578,7,10,17,9755.438,39.672115,PGCB_2025
4579,7,10,18,9822.8975,39.94645,PGCB_2025
4580,7,10,19,10683.8707,43.447741,PGCB_2025
4581,7,10,20,11431.2767,46.487192,PGCB_2025
4582,7,10,21,11249.7061,45.748805,PGCB_2025
4583,7,10,22,11247.3727,45.739316,PGCB_2025
4584,7,10,23,11151.6661,45.350109,PGCB_2025
4585,7,11,0,11072.3639,45.027613,PGCB_2025
4586,7,11,1,10693.108,43.485306,PGCB_2025
4587,7,11,2,9975.0104,40.565042,PGCB_2025
4588,7,11,3,9995.5904,40.648734,PGCB_2025
4589,7,11,4,9622.133,39.130008,PGCB_2025
4590,7,11,5,9388.1651,38.178538,PGCB_2025
4591,7,11,6,9152.7147,37.22104,PGCB_2025
4592,7,11,7,9276.8788,37.725974,PGCB_2025
4593,7,11,8,9479.2574,38.54898,PGCB_2025
4594,7,11,9,9796.8348,39.840462,PGCB_2025
4595,7,11,10,10098.3763,41.06673,PGCB_2025
4596,7,11,11,10375.1797,42.192397,PGCB_2025
4597,7,11,12,10720.9251,43.598429,PGCB_2025
4598,7,11,13,11029.66,44.853951,PGCB_2025
4599,7,11,14,10895.5216,44.308455,PGCB_2025
4600,7,11,15,10849.7299,44.122235,PGCB_2025
4601,7,11,16,10723.8025,43.61013,PGCB_2025
4602,7,11,17,10509.204,42.73743,PGCB_2025
4603,7,11,18,10426.656,42.401734,PGCB_2025
4604,7,11,19,11218.4063,45.621519,PGCB_2025
4605,7,11,20,12110.6617,49.250024,PGCB_2025
4606,7,11,21,12172.0157,49.499531,PGCB_2025
4607,7,11,22,12000.6035,48.802454,PGCB_2025
4608,7,11,23,11897.0896,48.381498,PGCB_2025
4609,7,12,0,11704.4483,47.59809,PGCB_2025
4610,7,12,1,11365.4839,46.219635,PGCB_2025
4611,7,12,2,11061.5212,44.98352,PGCB_2025
4612,7,12,3,10618.5165,43.181967,PGCB_2025
4613,7,12,4,10271.1306,41.769264,PGCB_2025
4614,7,12,5,9919.3585,40.338725,PGCB_2025
4615,7,12,6,9321.0039,37.905416,PGCB_2025
4616,7,12,7,9319.7757,37.900421,PGCB_2025
4617,7,12,8,9205.2787,37.4348,PGCB_2025
4618,7,12,9,9196.366,37.398555,PGCB_2025
4619,7,12,10,9282.1335,37.747343,PGCB_2025
4620,7,12,11,9683.4607,39.379407,PGCB_2025
4621,7,12,12,10405.0233,42.313761,PGCB_2025
4622,7,12,13,11082.4082,45.06846,PGCB_2025
4623,7,12,14,10690.4762,43.474603,PGCB_2025
4624,7,12,15,10779.7965,43.837839,PGCB_2025
4625,7,12,16,10435.0687,42.435946,PGCB_2025
4626,7,12,17,9981.5809,40.591762,PGCB_2025
4627,7,12,18,9713.9622,39.503446,PGCB_2025
4628,7,12,19,10938.98,44.485185,PGCB_2025
4629,7,12,20,12190.2973,49.573876,PGCB_2025
4630,7,12,21,12580.0801,51.158992,PGCB_2025
4631,7,12,22,12660.2858,51.485162,PGCB_2025
4632,7,12,23,12833.9788,52.191514,PGCB_2025
4633,7,13,0,12904.2279,52.477193,PGCB_2025
4634,7,13,1,12527.8669,50.946659,PGCB_2025
4635,7,13,2,12198.596,49.607624,PGCB_2025
4636,7,13,3,11883.6678,48.326916,PGCB_2025
4637,7,13,4,11638.9187,47.331603,PGCB_2025
4638,7,13,5,11410.837,46.40407,PGCB_2025
4639,7,13,6,10850.0983,44.123733,PGCB_2025
4640,7,13,7,10930.1462,44.449261,PGCB_2025
4641,7,13,8,10900.3114,44.327933,PGCB_2025
4642,7,13,9,11104.9708,45.160215,PGCB_2025
4643,7,13,10,11030.3091,44.85659,PGCB_2025
4644,7,13,11,11499.8152,46.765915,PGCB_2025
4645,7,13,12,11721.9229,47.669153,PGCB_2025
4646,7,13,13,12035.2632,48.943404,PGCB_2025
4647,7,13,14,12238.3348,49.769228,PGCB_2025
4648,7,13,15,12481.1628,50.756729,PGCB_2025
4649,7,13,16,12393.518,50.400307,PGCB_2025
4650,7,13,17,12129.1012,49.325012,PGCB_2025
4651,7,13,18,11843.2184,48.162421,PGCB_2025
4652,7,13,19,12834.5753,52.19394,PGCB_2025
4653,7,13,20,14096.9984,57.327793,PGCB_2025
4654,7,13,21,14272.7441,58.042493,PGCB_2025
4655,7,13,22,14141.606,57.509198,PGCB_2025
4656,7,13,23,13584.7183,55.244521,PGCB_2025
4657,7,14,0,13558.2784,55.136999,PGCB_2025
4658,7,14,1,13685.0479,55.652528,PGCB_2025
4659,7,14,2,13202.1377,53.688693,PGCB_2025
4660,7,14,3,12852.12,52.265288,PGCB_2025
4661,7,14,4,12676.9972,51.553122,PGCB_2025
4662,7,14,5,12369.7449,50.303629,PGCB_2025
4663,7,14,6,11976.5058,48.704457,PGCB_2025
4664,7,14,7,12109.688,49.246065,PGCB_2025
4665,7,14,8,12125.566,49.310635,PGCB_2025
4666,7,14,9,12377.333,50.334488,PGCB_2025
4667,7,14,10,12510.8397,50.877415,PGCB_2025
4668,7,14,11,12835.5403,52.197864,PGCB_2025
4669,7,14,12,12910.0791,52.500988,PGCB_2025
4670,7,14,13,13080.6842,53.194782,PGCB_2025
4671,7,14,14,12717.201,51.716617,PGCB_2025
4672,7,14,15,12516.1207,50.898891,PGCB_2025
4673,7,14,16,11962.3735,48.646986,PGCB_2025
4674,7,14,17,11530.5448,46.890882,PGCB_2025
4675,7,14,18,11384.5375,46.297119,PGCB_2025
4676,7,14,19,12707.218,51.67602,PGCB_2025
4677,7,14,20,13413.1307,54.546732,PGCB_2025
4678,7,14,21,13754.6479,55.935568,PGCB_2025
4679,7,14,22,13579.9988,55.225328,PGCB_2025
4680,7,14,23,13562.1908,55.152909,PGCB_2025
4681,7,15,0,13474.5987,54.796701,PGCB_2025
4682,7,15,1,13176.5574,53.584667,PGCB_2025
4683,7,15,2,12545.0081,51.016366,PGCB_2025
4684,7,15,3,12203.219,49.626424,PGCB_2025
4685,7,15,4,11737.8359,47.733866,PGCB_2025
4686,7,15,5,11266.2596,45.816122,PGCB_2025
4687,7,15,6,10681.8355,43.439464,PGCB_2025
4688,7,15,7,10526.7838,42.808921,PGCB_2025
4689,7,15,8,10306.0973,41.911462,PGCB_2025
4690,7,15,9,10361.293,42.135925,PGCB_2025
4691,7,15,10,10599.1295,43.103127,PGCB_2025
4692,7,15,11,10736.0224,43.659824,PGCB_2025
4693,7,15,12,11094.865,45.119118,PGCB_2025
4694,7,15,13,11253.1186,45.762682,PGCB_2025
4695,7,15,14,11194.7121,45.525163,PGCB_2025
4696,7,15,15,11110.9974,45.184723,PGCB_2025
4697,7,15,16,11020.8613,44.818169,PGCB_2025
4698,7,15,17,10627.5696,43.218783,PGCB_2025
4699,7,15,18,10451.4642,42.502621,PGCB_2025
4700,7,15,19,11330.0084,46.075367,PGCB_2025
4701,7,15,20,12233.2644,49.748609,PGCB_2025
4702,7,15,21,12125.3467,49.309743,PGCB_2025
4703,7,15,22,12055.1677,49.024349,PGCB_2025
4704,7,15,23,12159.5589,49.448873,PGCB_2025
4705,7,16,0,12142.8914,49.381092,PGCB_2025
4706,7,16,1,11899.0195,48.389346,PGCB_2025
4707,7,16,2,11477.5071,46.675196,PGCB_2025
4708,7,16,3,11221.3538,45.633505,PGCB_2025
4709,7,16,4,10917.6543,44.398461,PGCB_2025
4710,7,16,5,10633.4295,43.242613,PGCB_2025
4711,7,16,6,10352.968,42.10207,PGCB_2025
4712,7,16,7,10498.4315,42.693621,PGCB_2025
4713,7,16,8,10569.9176,42.984332,PGCB_2025
4714,7,16,9,10828.2726,44.034975,PGCB_2025
4715,7,16,10,11072.5393,45.028326,PGCB_2025
4716,7,16,11,11281.234,45.877018,PGCB_2025
4717,7,16,12,11178.6675,45.459915,PGCB_2025
4718,7,16,13,11187.2907,45.494982,PGCB_2025
4719,7,16,14,11052.012,44.944849,PGCB_2025
4720,7,16,15,10862.8797,44.175711,PGCB_2025
4721,7,16,16,10788.1654,43.871873,PGCB_2025
4722,7,16,17,10717.5829,43.584837,PGCB_2025
4723,7,16,18,10775.6735,43.821072,PGCB_2025
4724,7,16,19,11828.0071,48.100562,PGCB_2025
4725,7,16,20,12550.4031,51.038306,PGCB_2025
4726,7,16,21,12605.1953,51.261128,PGCB_2025
4727,7,16,22,12554.5788,51.055287,PGCB_2025
4728,7,16,23,12470.364,50.712814,PGCB_2025
4729,7,17,0,12356.4986,50.249761,PGCB_2025
4730,7,17,1,11936.3021,48.540962,PGCB_2025
4731,7,17,2,11609.0926,47.21031,PGCB_2025
4732,7,17,3,11270.4791,45.833282,PGCB_2025
4733,7,17,4,11099.4179,45.137633,PGCB_2025
4734,7,17,5,10819.4038,43.998909,PGCB_2025
4735,7,17,6,10622.8676,43.199662,PGCB_2025
4736,7,17,7,10682.2565,43.441176,PGCB_2025
4737,7,17,8,10860.6339,44.166578,PGCB_2025
4738,7,17,9,11061.144,44.981986,PGCB_2025
4739,7,17,10,11348.1409,46.149106,PGCB_2025
4740,7,17,11,11711.6855,47.627521,PGCB_2025
4741,7,17,12,11922.5294,48.484953,PGCB_2025
4742,7,17,13,12166.7873,49.478268,PGCB_2025
4743,7,17,14,11862.5089,48.24087,PGCB_2025
4744,7,17,15,11786.1629,47.930396,PGCB_2025
4745,7,17,16,11524.4831,46.866231,PGCB_2025
4746,7,17,17,11255.5222,45.772457,PGCB_2025
4747,7,17,18,11096.7072,45.126609,PGCB_2025
4748,7,17,19,12147.9794,49.401783,PGCB_2025
4749,7,17,20,12973.4595,52.758735,PGCB_2025
4750,7,17,21,13084.8774,53.211835,PGCB_2025
4751,7,17,22,12983.8021,52.800795,PGCB_2025
4752,7,17,23,12856.8484,52.284517,PGCB_2025
4753,7,18,0,12846.8654,52.243919,PGCB_2025
4754,7,18,1,12408.4135,50.460882,PGCB_2025
4755,7,18,2,12040.7196,48.965593,PGCB_2025
4756,7,18,3,11791.1018,47.950481,PGCB_2025
4757,7,18,4,11485.5952,46.708087,PGCB_2025
4758,7,18,5,11207.4584,45.576997,PGCB_2025
4759,7,18,6,10817.4475,43.990953,PGCB_2025
4760,7,18,7,10734.4697,43.65351,PGCB_2025
4761,7,18,8,10765.4537,43.779512,PGCB_2025
4762,7,18,9,11007.6062,44.764265,PGCB_2025
4763,7,18,10,11267.093,45.819512,PGCB_2025
4764,7,18,11,11591.6356,47.139318,PGCB_2025
4765,7,18,12,12029.1576,48.918574,PGCB_2025
4766,7,18,13,12184.7795,49.551437,PGCB_2025
4767,7,18,14,12033.2104,48.935056,PGCB_2025
4768,7,18,15,12158.436,49.444306,PGCB_2025
4769,7,18,16,12049.1498,48.999876,PGCB_2025
4770,7,18,17,11681.6577,47.505408,PGCB_2025
4771,7,18,18,11185.5976,45.488097,PGCB_2025
4772,7,18,19,12165.5241,49.473131,PGCB_2025
4773,7,18,20,13163.1181,53.530014,PGCB_2025
4774,7,18,21,13185.0491,53.6192,PGCB_2025
4775,7,18,22,13071.3591,53.15686,PGCB_2025
4776,7,18,23,13036.4188,53.01477,PGCB_2025
4777,7,19,0,13002.7943,52.87803,PGCB_2025
4778,7,19,1,12699.1387,51.643164,PGCB_2025
4779,7,19,2,12440.2835,50.590486,PGCB_2025
4780,7,19,3,12125.1098,49.30878,PGCB_2025
4781,7,19,4,11835.0689,48.12928,PGCB_2025
4782,7,19,5,11755.9158,47.807391,PGCB_2025
4783,7,19,6,11035.5725,44.877995,PGCB_2025
4784,7,19,7,10779.6649,43.837304,PGCB_2025
4785,7,19,8,10646.3863,43.295304,PGCB_2025
4786,7,19,9,10482.2026,42.627624,PGCB_2025
4787,7,19,10,10505.6424,42.722946,PGCB_2025
4788,7,19,11,10693.2571,43.485912,PGCB_2025
4789,7,19,12,11096.9791,45.127715,PGCB_2025
4790,7,19,13,11740.6431,47.745282,PGCB_2025
4791,7,19,14,11233.2316,45.681809,PGCB_2025
4792,7,19,15,11293.6031,45.927319,PGCB_2025
4793,7,19,16,11043.4765,44.910138,PGCB_2025
4794,7,19,17,10586.2078,43.050578,PGCB_2025
4795,7,19,18,10080.1999,40.992813,PGCB_2025
4796,7,19,19,11333.377,46.089066,PGCB_2025
4797,7,19,20,12431.1515,50.553349,PGCB_2025
4798,7,19,21,12938.5454,52.616751,PGCB_2025
4799,7,19,22,12983.2231,52.798441,PGCB_2025
4800,7,19,23,13158.4688,53.511106,PGCB_2025
4801,7,20,0,13160.3899,53.518919,PGCB_2025
4802,7,20,1,12746.8691,51.837268,PGCB_2025
4803,7,20,2,12447.7313,50.620774,PGCB_2025
4804,7,20,3,12159.1203,49.447089,PGCB_2025
4805,7,20,4,11887.1768,48.341186,PGCB_2025
4806,7,20,5,11728.5021,47.695909,PGCB_2025
4807,7,20,6,11278.0058,45.86389,PGCB_2025
4808,7,20,7,11195.7824,45.529515,PGCB_2025
4809,7,20,8,11194.2472,45.523272,PGCB_2025
4810,7,20,9,11345.0267,46.136442,PGCB_2025
4811,7,20,10,11313.9111,46.009905,PGCB_2025
4812,7,20,11,11359.9924,46.197302,PGCB_2025
4813,7,20,12,11969.4178,48.675632,PGCB_2025
4814,7,20,13,12277.5473,49.928692,PGCB_2025
4815,7,20,14,11956.4259,48.622799,PGCB_2025
4816,7,20,15,12469.6359,50.709853,PGCB_2025
4817,7,20,16,12544.9028,51.015938,PGCB_2025
4818,7,20,17,12206.9823,49.641728,PGCB_2025
4819,7,20,18,11921.0206,48.478817,PGCB_2025
4820,7,20,19,13069.8415,53.150689,PGCB_2025
4821,7,20,20,14045.2502,57.117351,PGCB_2025
4822,7,20,21,14149.4046,57.540912,PGCB_2025
4823,7,20,22,14106.7621,57.367499,PGCB_2025
4824,7,20,23,14080.7959,57.261903,PGCB_2025
4825,7,21,0,14061.8739,57.184954,PGCB_2025
4826,7,21,1,13650.2742,55.511115,PGCB_2025
4827,7,21,2,13202.7693,53.691262,PGCB_2025
4828,7,21,3,12834.3297,52.192941,PGCB_2025
4829,7,21,4,12483.4348,50.765968,PGCB_2025
4830,7,21,5,12264.1256,49.874111,PGCB_2025
4831,7,21,6,11932.144,48.524052,PGCB_2025
4832,7,21,7,11637.7958,47.327036,PGCB_2025
4833,7,21,8,11214.8623,45.607107,PGCB_2025
4834,7,21,9,11794.4528,47.964108,PGCB_2025
4835,7,21,10,11683.263,47.511936,PGCB_2025
4836,7,21,11,12027.061,48.910048,PGCB_2025
4837,7,21,12,12232.5977,49.745897,PGCB_2025
4838,7,21,13,12538.3674,50.989361,PGCB_2025
4839,7,21,14,12463.6795,50.68563,PGCB_2025
4840,7,21,15,12762.9664,51.90273,PGCB_2025
4841,7,21,16,12551.5172,51.042837,PGCB_2025
4842,7,21,17,12221.1497,49.699342,PGCB_2025
4843,7,21,18,11722.7913,47.672685,PGCB_2025
4844,7,21,19,13098.4219,53.266916,PGCB_2025
4845,7,21,20,13773.6576,56.012874,PGCB_2025
4846,7,21,21,13869.7326,56.403579,PGCB_2025
4847,7,21,22,13852.4247,56.333194,PGCB_2025
4848,7,21,23,13800.2993,56.121217,PGCB_2025
4849,7,22,0,13801.8959,56.12771,PGCB_2025
4850,7,22,1,13338.241,54.24218,PGCB_2025
4851,7,22,2,12917.9128,52.532845,PGCB_2025
4852,7,22,3,12501.0848,50.837745,PGCB_2025
4853,7,22,4,12193.1044,49.585291,PGCB_2025
4854,7,22,5,12036.2808,48.947542,PGCB_2025
4855,7,22,6,11579.9683,47.091871,PGCB_2025
4856,7,22,7,11459.4623,46.601813,PGCB_2025
4857,7,22,8,11405.8719,46.383879,PGCB_2025
4858,7,22,9,11651.1123,47.38119,PGCB_2025
4859,7,22,10,12196.0169,49.597135,PGCB_2025
4860,7,22,11,12451.9596,50.637969,PGCB_2025
4861,7,22,12,12793.5996,52.027305,PGCB_2025
4862,7,22,13,12978.8457,52.780639,PGCB_2025
4863,7,22,14,13011.6193,52.913918,PGCB_2025
4864,7,22,15,13127.3181,53.384427,PGCB_2025
4865,7,22,16,13206.901,53.708064,PGCB_2025
4866,7,22,17,12820.4693,52.136575,PGCB_2025
4867,7,22,18,12168.6909,49.48601,PGCB_2025
4868,7,22,19,13361.6369,54.337323,PGCB_2025
4869,7,22,20,13861.5919,56.370474,PGCB_2025
4870,7,22,21,14036.741,57.082747,PGCB_2025
4871,7,22,22,14035.1357,57.076219,PGCB_2025
4872,7,22,23,14036.8288,57.083104,PGCB_2025
4873,7,23,0,14035.5217,57.077788,PGCB_2025
4874,7,23,1,13773.2453,56.011198,PGCB_2025
4875,7,23,2,13510.4426,54.942467,PGCB_2025
4876,7,23,3,12983.3635,52.799012,PGCB_2025
4877,7,23,4,12852.4183,52.266501,PGCB_2025
4878,7,23,5,12719.9643,51.727855,PGCB_2025
4879,7,23,6,12107.837,49.238537,PGCB_2025
4880,7,23,7,12153.7165,49.425114,PGCB_2025
4881,7,23,8,12135.6893,49.351803,PGCB_2025
4882,7,23,9,12372.0257,50.312905,PGCB_2025
4883,7,23,10,12547.1573,51.025106,PGCB_2025
4884,7,23,11,12723.8768,51.743766,PGCB_2025
4885,7,23,12,13056.3408,53.095786,PGCB_2025
4886,7,23,13,13311.108,54.131839,PGCB_2025
4887,7,23,14,13142.9241,53.447891,PGCB_2025
4888,7,23,15,13012.3562,52.916915,PGCB_2025
4889,7,23,16,12802.7579,52.064549,PGCB_2025
4890,7,23,17,12634.8986,51.381921,PGCB_2025
4891,7,23,18,12195.3414,49.594388,PGCB_2025
4892,7,23,19,13317.0733,54.156098,PGCB_2025
4893,7,23,20,14158.6068,57.578334,PGCB_2025
4894,7,23,21,14362.31,58.406727,PGCB_2025
4895,7,23,22,14325.7731,58.258144,PGCB_2025
4896,7,23,23,14317.6762,58.225217,PGCB_2025
4897,7,24,0,14309.2547,58.190969,PGCB_2025
4898,7,24,1,14123.6401,57.436136,PGCB_2025
4899,7,24,2,13685.6444,55.654954,PGCB_2025
4900,7,24,3,13203.2167,53.693081,PGCB_2025
4901,7,24,4,12852.5674,52.267107,PGCB_2025
4902,7,24,5,12808.0652,52.086132,PGCB_2025
4903,7,24,6,12330.9009,50.145664,PGCB_2025
4904,7,24,7,12339.0679,50.178876,PGCB_2025
4905,7,24,8,12419.0105,50.503976,PGCB_2025
4906,7,24,9,12682.2168,51.574348,PGCB_2025
4907,7,24,10,12726.8857,51.756002,PGCB_2025
4908,7,24,11,12919.9042,52.540944,PGCB_2025
4909,7,24,12,13209.0415,53.716769,PGCB_2025
4910,7,24,13,13476.2918,54.803587,PGCB_2025
4911,7,24,14,13339.6797,54.248031,PGCB_2025
4912,7,24,15,13602.4209,55.316512,PGCB_2025
4913,7,24,16,13427.4209,54.604845,PGCB_2025
4914,7,24,17,13296.4231,54.072121,PGCB_2025
4915,7,24,18,13032.9362,53.000607,PGCB_2025
4916,7,24,19,14211.2849,57.792559,PGCB_2025
4917,7,24,20,14781.3136,60.110675,PGCB_2025
4918,7,24,21,15000.0,61.0,PGCB_2025
4919,7,24,22,14868.9057,60.466883,PGCB_2025
4920,7,24,23,14764.0759,60.040575,PGCB_2025
4921,7,25,0,14649.3771,59.574134,PGCB_2025
4922,7,25,1,13940.5871,56.691721,PGCB_2025
4923,7,25,2,13308.4851,54.121173,PGCB_2025
4924,7,25,3,12693.9103,51.621902,PGCB_2025
4925,7,25,4,11531.2641,46.893807,PGCB_2025
4926,7,25,5,10421.1294,42.37926,PGCB_2025
4927,7,25,6,10195.3636,41.461145,PGCB_2025
4928,7,25,7,10222.0492,41.569667,PGCB_2025
4929,7,25,8,10532.9859,42.834143,PGCB_2025
4930,7,25,9,10787.3846,43.868697,PGCB_2025
4931,7,25,10,11261.0927,45.79511,PGCB_2025
4932,7,25,11,11793.5756,47.960541,PGCB_2025
4933,7,25,12,12390.0968,50.386394,PGCB_2025
4934,7,25,13,12849.7691,52.255728,PGCB_2025
4935,7,25,14,12960.8185,52.707329,PGCB_2025
4936,7,25,15,13096.6938,53.259888,PGCB_2025
4937,7,25,16,13126.2479,53.380075,PGCB_2025
4938,7,25,17,12776.1075,51.956171,PGCB_2025
4939,7,25,18,12328.5762,50.13621,PGCB_2025
4940,7,25,19,13466.3351,54.763096,PGCB_2025
4941,7,25,20,13948.2366,56.722829,PGCB_2025
4942,7,25,21,13684.4602,55.650138,PGCB_2025
4943,7,25,22,12938.6069,52.617001,PGCB_2025
4944,7,25,23,13202.2078,53.688978,PGCB_2025
4945,7,26,0,13290.1333,54.046542,PGCB_2025
4946,7,26,1,12939.8613,52.622103,PGCB_2025
4947,7,26,2,12790.8099,52.01596,PGCB_2025
4948,7,26,3,12474.8467,50.731043,PGCB_2025
4949,7,26,4,11922.0382,48.482955,PGCB_2025
4950,7,26,5,11580.1964,47.092799,PGCB_2025
4951,7,26,6,10846.4051,44.108714,PGCB_2025
4952,7,26,7,10379.329,42.209271,PGCB_2025
4953,7,26,8,9890.0763,40.219644,PGCB_2025
4954,7,26,9,9395.3234,38.207648,PGCB_2025
4955,7,26,10,9175.8825,37.315256,PGCB_2025
4956,7,26,11,9057.0169,36.831869,PGCB_2025
4957,7,26,12,9369.4537,38.102445,PGCB_2025
4958,7,26,13,9568.3496,38.911288,PGCB_2025
4959,7,26,14,9256.7287,37.64403,PGCB_2025
4960,7,26,15,9122.7483,37.099176,PGCB_2025
4961,7,26,16,8774.9852,35.68494,PGCB_2025
4962,7,26,17,8596.1078,34.957505,PGCB_2025
4963,7,26,18,8682.5419,35.309004,PGCB_2025
4964,7,26,19,10215.1015,41.541413,PGCB_2025
4965,7,26,20,11500.6573,46.76934,PGCB_2025
4966,7,26,21,11930.4246,48.51706,PGCB_2025
4967,7,26,22,11939.3461,48.553341,PGCB_2025
4968,7,26,23,12263.3185,49.870829,PGCB_2025
4969,7,27,0,12456.3808,50.655949,PGCB_2025
4970,7,27,1,12229.387,49.73284,PGCB_2025
4971,7,27,2,11865.0704,48.251286,PGCB_2025
4972,7,27,3,11551.8968,46.977714,PGCB_2025
4973,7,27,4,11325.5696,46.057316,PGCB_2025
4974,7,27,5,11154.5084,45.361667,PGCB_2025
4975,7,27,6,10603.1034,43.119287,PGCB_2025
4976,7,27,7,10606.6299,43.133628,PGCB_2025
4977,7,27,8,10620.5341,43.190172,PGCB_2025
4978,7,27,9,10602.2788,43.115934,PGCB_2025
4979,7,27,10,10972.7799,44.622638,PGCB_2025
4980,7,27,11,11028.8617,44.850704,PGCB_2025
4981,7,27,12,11595.3025,47.15423,PGCB_2025
4982,7,27,13,11911.4938,48.440075,PGCB_2025
4983,7,27,14,11941.5392,48.562259,PGCB_2025
4984,7,27,15,12215.1494,49.674941,PGCB_2025
4985,7,27,16,12138.4263,49.362934,PGCB_2025
4986,7,27,17,11734.1077,47.718705,PGCB_2025
4987,7,27,18,11437.4963,46.512485,PGCB_2025
4988,7,27,19,12651.9521,51.451272,PGCB_2025
4989,7,27,20,13552.6114,55.113953,PGCB_2025
4990,7,27,21,13640.9141,55.473051,PGCB_2025
4991,7,27,22,13527.1715,55.010497,PGCB_2025
4992,7,27,23,13544.304,55.08017,PGCB_2025
4993,7,28,0,13658.2044,55.543365,PGCB_2025
4994,7,28,1,13176.6802,53.585166,PGCB_2025
4995,7,28,2,12693.6208,51.620725,PGCB_2025
4996,7,28,3,12434.8359,50.568333,PGCB_2025
4997,7,28,4,12097.7137,49.197369,PGCB_2025
4998,7,28,5,11939.811,48.555231,PGCB_2025
4999,7,28,6,11515.5177,46.829772,PGCB_2025
5000,7,28,7,11415.4074,46.422657,PGCB_2025
5001,7,28,8,11416.5391,46.427259,PGCB_2025
5002,7,28,9,11740.4676,47.744568,PGCB_2025
5003,7,28,10,11866.9389,48.258885,PGCB_2025
5004,7,28,11,12054.5799,49.021958,PGCB_2025
5005,7,28,12,12596.5107,51.22581,PGCB_2025
5006,7,28,13,12809.2407,52.090912,PGCB_2025
5007,7,28,14,12652.882,51.455053,PGCB_2025
5008,7,28,15,12802.6526,52.064121,PGCB_2025
5009,7,28,16,12715.1395,51.708234,PGCB_2025
5010,7,28,17,12323.5408,50.115733,PGCB_2025
5011,7,28,18,11960.2068,48.638174,PGCB_2025
5012,7,28,19,13070.8328,53.15472,PGCB_2025
5013,7,28,20,13421.9031,54.582406,PGCB_2025
5014,7,28,21,13439.711,54.654825,PGCB_2025
5015,7,28,22,13091.9742,53.240695,PGCB_2025
5016,7,28,23,13159.1618,53.513925,PGCB_2025
5017,7,29,0,13159.1355,53.513818,PGCB_2025
5018,7,29,1,12729.7104,51.767489,PGCB_2025
5019,7,29,2,12304.2328,50.037213,PGCB_2025
5020,7,29,3,12002.9633,48.812051,PGCB_2025
5021,7,29,4,11553.5898,46.984599,PGCB_2025
5022,7,29,5,11359.159,46.193913,PGCB_2025
5023,7,29,6,10944.4013,44.507232,PGCB_2025
5024,7,29,7,10951.5508,44.536307,PGCB_2025
5025,7,29,8,10852.923,44.13522,PGCB_2025
5026,7,29,9,11178.0183,45.457274,PGCB_2025
5027,7,29,10,11342.509,46.126203,PGCB_2025
5028,7,29,11,11621.5055,47.260789,PGCB_2025
5029,7,29,12,11971.1986,48.682874,PGCB_2025
5030,7,29,13,12037.8861,48.95407,PGCB_2025
5031,7,29,14,11753.6788,47.798294,PGCB_2025
5032,7,29,15,11738.5816,47.736899,PGCB_2025
5033,7,29,16,11656.3055,47.402309,PGCB_2025
5034,7,29,17,11341.7985,46.123314,PGCB_2025
5035,7,29,18,11238.881,45.704783,PGCB_2025
5036,7,29,19,12567.2548,51.106836,PGCB_2025
5037,7,29,20,12957.6955,52.694628,PGCB_2025
5038,7,29,21,13101.9747,53.281364,PGCB_2025
5039,7,29,22,12943.6334,52.637442,PGCB_2025
5040,7,29,23,12882.6654,52.389506,PGCB_2025
5041,7,30,0,12878.288,52.371705,PGCB_2025
5042,7,30,1,12281.6703,49.945459,PGCB_2025
5043,7,30,2,12018.1483,48.873803,PGCB_2025
5044,7,30,3,11730.4145,47.703686,PGCB_2025
5045,7,30,4,11365.4839,46.219635,PGCB_2025
5046,7,30,5,11226.0032,45.652413,PGCB_2025
5047,7,30,6,10829.2902,44.039113,PGCB_2025
5048,7,30,7,10838.3696,44.076036,PGCB_2025
5049,7,30,8,10808.719,43.955457,PGCB_2025
5050,7,30,9,10783.13,43.851395,PGCB_2025
5051,7,30,10,11232.8544,45.680275,PGCB_2025
5052,7,30,11,11677.7013,47.489319,PGCB_2025
5053,7,30,12,11992.6031,48.769919,PGCB_2025
5054,7,30,13,12052.65,49.01411,PGCB_2025
5055,7,30,14,11925.0208,48.495085,PGCB_2025
5056,7,30,15,11784.0927,47.921977,PGCB_2025
5057,7,30,16,11472.1384,46.653363,PGCB_2025
5058,7,30,17,11253.9695,45.766143,PGCB_2025
5059,7,30,18,11105.2603,45.161392,PGCB_2025
5060,7,30,19,12273.3366,49.911569,PGCB_2025
5061,7,30,20,12983.2845,52.79869,PGCB_2025
5062,7,30,21,13159.4162,53.514959,PGCB_2025
5063,7,30,22,12999.7766,52.865758,PGCB_2025
5064,7,30,23,12825.7064,52.157873,PGCB_2025
5065,7,31,0,12825.0748,52.155304,PGCB_2025
5066,7,31,1,12607.3007,51.26969,PGCB_2025
5067,7,31,2,12071.1597,49.089383,PGCB_2025
5068,7,31,3,11760.4336,47.825763,PGCB_2025
5069,7,31,4,11493.385,46.739766,PGCB_2025
5070,7,31,5,11324.6222,46.053464,PGCB_2025
5071,7,31,6,10905.9959,44.35105,PGCB_2025
5072,7,31,7,10949.9103,44.529635,PGCB_2025
5073,7,31,8,10893.5391,44.300392,PGCB_2025
5074,7,31,9,11069.7409,45.016946,PGCB_2025
5075,7,31,10,11479.5598,46.683543,PGCB_2025
5076,7,31,11,11551.388,46.975645,PGCB_2025
5077,7,31,12,11942.6269,48.566683,PGCB_2025
5078,7,31,13,12329.3131,50.139207,PGCB_2025
5079,7,31,14,12184.49,49.550259,PGCB_2025
5080,7,31,15,12335.9362,50.166141,PGCB_2025
5081,7,31,16,12093.038,49.178355,PGCB_2025
5082,7,31,17,11604.8994,47.193258,PGCB_2025
5083,7,31,18,11311.0601,45.998311,PGCB_2025
5084,7,31,19,12611.1167,51.285208,PGCB_2025
5085,7,31,20,13466.4316,54.763489,PGCB_2025
5086,7,31,21,13474.3268,54.795596,PGCB_2025
5087,7,31,22,13255.9298,53.907448,PGCB_2025
5088,7,31,23,13229.3495,53.799355,PGCB_2025
5089,8,1,0,13020.9706,52.951947,PGCB_2025
5090,8,1,1,12623.6524,51.336186,PGCB_2025
5091,8,1,2,12228.5975,49.72963,PGCB_2025
5092,8,1,3,11809.3659,48.024755,PGCB_2025
5093,8,1,4,11509.3508,46.804693,PGCB_2025
5094,8,1,5,11320.7448,46.037696,PGCB_2025
5095,8,1,6,10780.3141,43.839944,PGCB_2025
5096,8,1,7,10758.7165,43.752114,PGCB_2025
5097,8,1,8,10869.4238,44.202323,PGCB_2025
5098,8,1,9,10850.3176,44.124625,PGCB_2025
5099,8,1,10,11071.5656,45.024367,PGCB_2025
5100,8,1,11,11339.4124,46.11361,PGCB_2025
5101,8,1,12,11604.2152,47.190475,PGCB_2025
5102,8,1,13,11697.2549,47.568837,PGCB_2025
5103,8,1,14,11582.7229,47.103073,PGCB_2025
5104,8,1,15,11503.2715,46.779971,PGCB_2025
5105,8,1,16,11256.3205,45.775703,PGCB_2025
5106,8,1,17,11167.9827,45.416463,PGCB_2025
5107,8,1,18,10931.3919,44.454327,PGCB_2025
5108,8,1,19,12192.7886,49.584007,PGCB_2025
5109,8,1,20,12764.9227,51.910686,PGCB_2025
5110,8,1,21,12782.6516,51.982783,PGCB_2025
5111,8,1,22,12579.8783,51.158172,PGCB_2025
5112,8,1,23,12535.2181,50.976554,PGCB_2025
5113,8,2,0,12439.0905,50.585635,PGCB_2025
5114,8,2,1,12076.3091,49.110324,PGCB_2025
5115,8,2,2,11694.0706,47.555887,PGCB_2025
5116,8,2,3,11392.9853,46.331474,PGCB_2025
5117,8,2,4,11134.0687,45.278546,PGCB_2025
5118,8,2,5,10816.3335,43.986423,PGCB_2025
5119,8,2,6,10198.2761,41.472989,PGCB_2025
5120,8,2,7,9916.2706,40.326167,PGCB_2025
5121,8,2,8,9811.4057,39.899717,PGCB_2025
5122,8,2,9,9606.834,39.067792,PGCB_2025
5123,8,2,10,9591.8947,39.007038,PGCB_2025
5124,8,2,11,9688.7767,39.401025,PGCB_2025
5125,8,2,12,10234.2515,41.619289,PGCB_2025
5126,8,2,13,10786.8671,43.866593,PGCB_2025
5127,8,2,14,10365.3897,42.152585,PGCB_2025
5128,8,2,15,10101.9291,41.081178,PGCB_2025
5129,8,2,16,9903.6121,40.274689,PGCB_2025
5130,8,2,17,9580.6046,38.961125,PGCB_2025
5131,8,2,18,9504.8552,38.653078,PGCB_2025
5132,8,2,19,11186.9661,45.493662,PGCB_2025
5133,8,2,20,11750.8541,47.786807,PGCB_2025
5134,8,2,21,11948.1623,48.589193,PGCB_2025
5135,8,2,22,12006.367,48.825892,PGCB_2025
5136,8,2,23,12074.9494,49.104794,PGCB_2025
5137,8,3,0,12022.4117,48.891141,PGCB_2025
5138,8,3,1,11771.7938,47.871961,PGCB_2025
5139,8,3,2,11376.4318,46.264156,PGCB_2025
5140,8,3,3,11182.9835,45.477466,PGCB_2025
5141,8,3,4,10875.3276,44.226332,PGCB_2025
5142,8,3,5,10724.1183,43.611414,PGCB_2025
5143,8,3,6,10473.4566,42.592057,PGCB_2025
5144,8,3,7,10544.118,42.879413,PGCB_2025
5145,8,3,8,10588.708,43.060746,PGCB_2025
5146,8,3,9,10903.1887,44.339634,PGCB_2025
5147,8,3,10,10756.6726,43.743802,PGCB_2025
5148,8,3,11,11081.3556,45.064179,PGCB_2025
5149,8,3,12,11408.3106,46.393796,PGCB_2025
5150,8,3,13,11833.3495,48.122288,PGCB_2025
5151,8,3,14,11930.5649,48.517631,PGCB_2025
5152,8,3,15,11906.0725,48.418028,PGCB_2025
5153,8,3,16,11670.0957,47.458389,PGCB_2025
5154,8,3,17,11221.1082,45.632507,PGCB_2025
5155,8,3,18,11058.6,44.97164,PGCB_2025
5156,8,3,19,12412.0277,50.475579,PGCB_2025
5157,8,3,20,13259.7019,53.922788,PGCB_2025
5158,8,3,21,13295.5809,54.068696,PGCB_2025
5159,8,3,22,13105.9223,53.297417,PGCB_2025
5160,8,3,23,13028.9009,52.984197,PGCB_2025
5161,8,4,0,13042.0594,53.037708,PGCB_2025
5162,8,4,1,12671.8654,51.532253,PGCB_2025
5163,8,4,2,12378.1664,50.337877,PGCB_2025
5164,8,4,3,12049.3779,49.000803,PGCB_2025
5165,8,4,4,11763.7495,47.839248,PGCB_2025
5166,8,4,5,11548.8264,46.965227,PGCB_2025
5167,8,4,6,11150.5608,45.345614,PGCB_2025
5168,8,4,7,11090.935,45.103136,PGCB_2025
5169,8,4,8,11059.9159,44.976991,PGCB_2025
5170,8,4,9,11262.6805,45.801567,PGCB_2025
5171,8,4,10,11441.707,46.529608,PGCB_2025
5172,8,4,11,11557.6427,47.00108,PGCB_2025
5173,8,4,12,11931.5123,48.521483,PGCB_2025
5174,8,4,13,12137.1455,49.357725,PGCB_2025
5175,8,4,14,11799.1022,47.983016,PGCB_2025
5176,8,4,15,11731.011,47.706111,PGCB_2025
5177,8,4,16,11651.393,47.382332,PGCB_2025
5178,8,4,17,11458.778,46.599031,PGCB_2025
5179,8,4,18,11073.285,45.031359,PGCB_2025
5180,8,4,19,12627.6526,51.352454,PGCB_2025
5181,8,4,20,13014.4528,52.925441,PGCB_2025
5182,8,4,21,13032.6467,52.99943,PGCB_2025
5183,8,4,22,12870.0683,52.338278,PGCB_2025
5184,8,4,23,12874.7966,52.357506,PGCB_2025
5185,8,5,0,12820.8904,52.138288,PGCB_2025
5186,8,5,1,12290.9515,49.983203,PGCB_2025
5187,8,5,2,11947.7149,48.587374,PGCB_2025
5188,8,5,3,11520.6847,46.850784,PGCB_2025
5189,8,5,4,11103.7426,45.15522,PGCB_2025
5190,8,5,5,10418.9363,42.370341,PGCB_2025
5191,8,5,6,10211.9522,41.528606,PGCB_2025
5192,8,5,7,10251.8665,41.690924,PGCB_2025
5193,8,5,8,10312.2993,41.936684,PGCB_2025
5194,8,5,9,10589.8045,43.065205,PGCB_2025
5195,8,5,10,10820.5266,44.003475,PGCB_2025
5196,8,5,11,11129.5334,45.260102,PGCB_2025
5197,8,5,12,11564.5202,47.029049,PGCB_2025
5198,8,5,13,11917.2748,48.463584,PGCB_2025
5199,8,5,14,11865.5529,48.253248,PGCB_2025
5200,8,5,15,11901.2301,48.398336,PGCB_2025
5201,8,5,16,11724.5633,47.679891,PGCB_2025
5202,8,5,17,11515.4739,46.829594,PGCB_2025
5203,8,5,18,11381.4759,46.284669,PGCB_2025
5204,8,5,19,12711.4288,51.693144,PGCB_2025
5205,8,5,20,13142.4241,53.445858,PGCB_2025
5206,8,5,21,13058.5515,53.104776,PGCB_2025
5207,8,5,22,12872.5772,52.348481,PGCB_2025
5208,8,5,23,12677.8306,51.556511,PGCB_2025
5209,8,6,0,12339.2171,50.179483,PGCB_2025
5210,8,6,1,11645.3225,47.357645,PGCB_2025
5211,8,6,2,10804.0521,43.936479,PGCB_2025
5212,8,6,3,10315.4311,41.94942,PGCB_2025
5213,8,6,4,10219.3736,41.558786,PGCB_2025
5214,8,6,5,10042.1717,40.838165,PGCB_2025
5215,8,6,6,9470.3623,38.512807,PGCB_2025
5216,8,6,7,9207.1473,37.442399,PGCB_2025
5217,8,6,8,9145.7056,37.192536,PGCB_2025
5218,8,6,9,9114.5549,37.065857,PGCB_2025
5219,8,6,10,9251.4653,37.622626,PGCB_2025
5220,8,6,11,9591.8333,39.006789,PGCB_2025
5221,8,6,12,10095.6393,41.0556,PGCB_2025
5222,8,6,13,10426.5507,42.401306,PGCB_2025
5223,8,6,14,10343.3184,42.062828,PGCB_2025
5224,8,6,15,9963.2818,40.517346,PGCB_2025
5225,8,6,16,9648.3273,39.236531,PGCB_2025
5226,8,6,17,9212.2089,37.462983,PGCB_2025
5227,8,6,18,9422.8248,38.319488,PGCB_2025
5228,8,6,19,10900.9605,44.330573,PGCB_2025
5229,8,6,20,11514.4826,46.825563,PGCB_2025
5230,8,6,21,11669.929,47.457711,PGCB_2025
5231,8,6,22,11752.3805,47.793014,PGCB_2025
5232,8,6,23,11901.6863,48.400191,PGCB_2025
5233,8,7,0,11841.4376,48.15518,PGCB_2025
5234,8,7,1,11448.5144,46.557292,PGCB_2025
5235,8,7,2,10977.9732,44.643758,PGCB_2025
5236,8,7,3,10568.6543,42.979194,PGCB_2025
5237,8,7,4,10257.9808,41.715789,PGCB_2025
5238,8,7,5,10026.1183,40.772881,PGCB_2025
5239,8,7,6,9762.219,39.699691,PGCB_2025
5240,8,7,7,10073.8312,40.966914,PGCB_2025
5241,8,7,8,10218.1367,41.553756,PGCB_2025
5242,8,7,9,10518.3623,42.774673,PGCB_2025
5243,8,7,10,11009.1853,44.770687,PGCB_2025
5244,8,7,11,11192.9752,45.518099,PGCB_2025
5245,8,7,12,11581.1,47.096473,PGCB_2025
5246,8,7,13,11799.4443,47.984407,PGCB_2025
5247,8,7,14,11865.9389,48.254818,PGCB_2025
5248,8,7,15,11862.5264,48.240941,PGCB_2025
5249,8,7,16,11696.211,47.564591,PGCB_2025
5250,8,7,17,11403.9858,46.376209,PGCB_2025
5251,8,7,18,11048.6872,44.931328,PGCB_2025
5252,8,7,19,12172.8754,49.503027,PGCB_2025
5253,8,7,20,12975.3982,52.766619,PGCB_2025
5254,8,7,21,12965.1433,52.724916,PGCB_2025
5255,8,7,22,12961.5992,52.710503,PGCB_2025
5256,8,7,23,12913.4389,52.514652,PGCB_2025
5257,8,8,0,12825.452,52.156838,PGCB_2025
5258,8,8,1,12500.4971,50.835355,PGCB_2025
5259,8,8,2,12115.969,49.271607,PGCB_2025
5260,8,8,3,11772.7061,47.875671,PGCB_2025
5261,8,8,4,11518.6056,46.842329,PGCB_2025
5262,8,8,5,11290.6994,45.915511,PGCB_2025
5263,8,8,6,10818.1142,43.993664,PGCB_2025
5264,8,8,7,10834.6063,44.060732,PGCB_2025
5265,8,8,8,10906.1713,44.351763,PGCB_2025
5266,8,8,9,10999.2111,44.730125,PGCB_2025
5267,8,8,10,11209.4234,45.584988,PGCB_2025
5268,8,8,11,11380.8969,46.282314,PGCB_2025
5269,8,8,12,11866.7459,48.2581,PGCB_2025
5270,8,8,13,12013.227,48.85379,PGCB_2025
5271,8,8,14,11938.2934,48.54906,PGCB_2025
5272,8,8,15,11910.3008,48.435223,PGCB_2025
5273,8,8,16,11704.8694,47.599802,PGCB_2025
5274,8,8,17,11258.7241,45.785478,PGCB_2025
5275,8,8,18,11080.4871,45.060648,PGCB_2025
5276,8,8,19,12185.2619,49.553398,PGCB_2025
5277,8,8,20,12922.3166,52.550754,PGCB_2025
5278,8,8,21,12761.6769,51.897486,PGCB_2025
5279,8,8,22,12739.8074,51.80855,PGCB_2025
5280,8,8,23,12828.4083,52.16886,PGCB_2025
5281,8,9,0,12818.557,52.128798,PGCB_2025
5282,8,9,1,12306.5751,50.046739,PGCB_2025
5283,8,9,2,12065.6244,49.066873,PGCB_2025
5284,8,9,3,11780.5749,47.907671,PGCB_2025
5285,8,9,4,11396.696,46.346564,PGCB_2025
5286,8,9,5,11168.0617,45.416784,PGCB_2025
5287,8,9,6,10436.5337,42.441904,PGCB_2025
5288,8,9,7,9880.5846,40.181044,PGCB_2025
5289,8,9,8,9775.7723,39.754807,PGCB_2025
5290,8,9,9,9512.6363,38.684721,PGCB_2025
5291,8,9,10,9175.7422,37.314685,PGCB_2025
5292,8,9,11,9223.8674,37.510394,PGCB_2025
5293,8,9,12,9785.1676,39.793015,PGCB_2025
5294,8,9,13,10329.0546,42.004822,PGCB_2025
5295,8,9,14,9695.2332,39.427282,PGCB_2025
5296,8,9,15,9531.4355,38.761171,PGCB_2025
5297,8,9,16,8895.614,36.175497,PGCB_2025
5298,8,9,17,8654.5932,35.195346,PGCB_2025
5299,8,9,18,8804.4077,35.804591,PGCB_2025
5300,8,9,19,10426.8402,42.402483,PGCB_2025
5301,8,9,20,11059.3281,44.974601,PGCB_2025
5302,8,9,21,11133.8933,45.277833,PGCB_2025
5303,8,9,22,11165.4738,45.40626,PGCB_2025
5304,8,9,23,11359.7818,46.196446,PGCB_2025
5305,8,10,0,11225.5646,45.650629,PGCB_2025
5306,8,10,1,10878.1787,44.237927,PGCB_2025
5307,8,10,2,10565.005,42.964354,PGCB_2025
5308,8,10,3,10286.9209,41.833478,PGCB_2025
5309,8,10,4,10084.2791,41.009402,PGCB_2025
5310,8,10,5,9865.8471,40.121112,PGCB_2025
5311,8,10,6,9552.2348,38.845755,PGCB_2025
5312,8,10,7,9572.7797,38.929304,PGCB_2025
5313,8,10,8,9599.0178,39.036006,PGCB_2025
5314,8,10,9,9746.7183,39.636654,PGCB_2025
5315,8,10,10,9987.3795,40.615343,PGCB_2025
5316,8,10,11,10300.7461,41.889701,PGCB_2025
5317,8,10,12,10767.9538,43.789679,PGCB_2025
5318,8,10,13,11296.2436,45.938057,PGCB_2025
5319,8,10,14,11443.9001,46.538527,PGCB_2025
5320,8,10,15,11556.9321,46.998191,PGCB_2025
5321,8,10,16,11452.5672,46.573773,PGCB_2025
5322,8,10,17,10998.9918,44.729233,PGCB_2025
5323,8,10,18,10670.5279,43.39348,PGCB_2025
5324,8,10,19,12286.1179,49.963546,PGCB_2025
5325,8,10,20,12804.1966,52.0704,PGCB_2025
5326,8,10,21,12849.6726,52.255335,PGCB_2025
5327,8,10,22,12655.0049,51.463687,PGCB_2025
5328,8,10,23,12594.3615,51.21707,PGCB_2025
5329,8,11,0,12538.499,50.989896,PGCB_2025
5330,8,11,1,12168.3137,49.484476,PGCB_2025
5331,8,11,2,11877.0271,48.29991,PGCB_2025
5332,8,11,3,11484.446,46.703414,PGCB_2025
5333,8,11,4,11288.0765,45.904844,PGCB_2025
5334,8,11,5,11114.2783,45.198065,PGCB_2025
5335,8,11,6,10612.6741,43.158208,PGCB_2025
5336,8,11,7,10777.9105,43.830169,PGCB_2025
5337,8,11,8,10846.5104,44.109142,PGCB_2025
5338,8,11,9,11069.776,45.017089,PGCB_2025
5339,8,11,10,11275.0056,45.851689,PGCB_2025
5340,8,11,11,11621.5932,47.261146,PGCB_2025
5341,8,11,12,12029.3155,48.919216,PGCB_2025
5342,8,11,13,12352.5247,50.2336,PGCB_2025
5343,8,11,14,12342.5681,50.19311,PGCB_2025
5344,8,11,15,12461.6881,50.677532,PGCB_2025
5345,8,11,16,12442.3451,50.59887,PGCB_2025
5346,8,11,17,12046.676,48.989816,PGCB_2025
5347,8,11,18,11566.5817,47.037432,PGCB_2025
5348,8,11,19,12764.563,51.909223,PGCB_2025
5349,8,11,20,13703.2506,55.726552,PGCB_2025
5350,8,11,21,13518.3992,54.974823,PGCB_2025
5351,8,11,22,13360.9351,54.334469,PGCB_2025
5352,8,11,23,13325.8456,54.191772,PGCB_2025
5353,8,12,0,13235.7621,53.825433,PGCB_2025
5354,8,12,1,12827.3995,52.164758,PGCB_2025
5355,8,12,2,12399.3078,50.423852,PGCB_2025
5356,8,12,3,12179.9985,49.531994,PGCB_2025
5357,8,12,4,11901.9144,48.401119,PGCB_2025
5358,8,12,5,11795.7687,47.969459,PGCB_2025
5359,8,12,6,11446.7687,46.550193,PGCB_2025
5360,8,12,7,11436.6804,46.509167,PGCB_2025
5361,8,12,8,11272.6634,45.842164,PGCB_2025
5362,8,12,9,11569.6082,47.04974,PGCB_2025
5363,8,12,10,11795.6459,47.96896,PGCB_2025
5364,8,12,11,11893.6245,48.367406,PGCB_2025
5365,8,12,12,12135.2594,49.350055,PGCB_2025
5366,8,12,13,12469.7149,50.710174,PGCB_2025
5367,8,12,14,12687.7083,51.59668,PGCB_2025
5368,8,12,15,12831.4085,52.181061,PGCB_2025
5369,8,12,16,12845.9969,52.240387,PGCB_2025
5370,8,12,17,12585.0891,51.179362,PGCB_2025
5371,8,12,18,12074.6862,49.103724,PGCB_2025
5372,8,12,19,13378.0237,54.403963,PGCB_2025
5373,8,12,20,13991.4142,56.898418,PGCB_2025
5374,8,12,21,14124.2103,57.438455,PGCB_2025
5375,8,12,22,14053.7594,57.151955,PGCB_2025
5376,8,12,23,13992.8265,56.904161,PGCB_2025
5377,8,13,0,13931.5515,56.654976,PGCB_2025
5378,8,13,1,13369.7338,54.370251,PGCB_2025
5379,8,13,2,13050.209,53.07085,PGCB_2025
5380,8,13,3,12782.2393,51.981106,PGCB_2025
5381,8,13,4,12546.2713,51.021503,PGCB_2025
5382,8,13,5,12314.7071,50.079809,PGCB_2025
5383,8,13,6,11985.8396,48.742414,PGCB_2025
5384,8,13,7,11895.7825,48.376182,PGCB_2025
5385,8,13,8,11809.8571,48.026752,PGCB_2025
5386,8,13,9,11950.8203,48.600003,PGCB_2025
5387,8,13,10,12096.7838,49.193587,PGCB_2025
5388,8,13,11,12231.9397,49.743221,PGCB_2025
5389,8,13,12,12521.5859,50.921116,PGCB_2025
5390,8,13,13,12786.4589,51.998266,PGCB_2025
5391,8,13,14,12850.3568,52.258118,PGCB_2025
5392,8,13,15,12724.754,51.747333,PGCB_2025
5393,8,13,16,12733.7895,51.784077,PGCB_2025
5394,8,13,17,12319.7599,50.100357,PGCB_2025
5395,8,13,18,11963.2946,48.650731,PGCB_2025
5396,8,13,19,13554.515,55.121694,PGCB_2025
5397,8,13,20,14036.1884,57.080499,PGCB_2025
5398,8,13,21,14045.5309,57.118492,PGCB_2025
5399,8,13,22,13922.2791,56.617268,PGCB_2025
5400,8,13,23,14036.32,57.081035,PGCB_2025
5401,8,14,0,13658.9238,55.54629,PGCB_2025
5402,8,14,1,13450.3431,54.698062,PGCB_2025
5403,8,14,2,13108.554,53.30812,PGCB_2025
5404,8,14,3,12643.3552,51.416311,PGCB_2025
5405,8,14,4,12235.4399,49.757456,PGCB_2025
5406,8,14,5,11942.2673,48.56522,PGCB_2025
5407,8,14,6,11455.4095,46.585332,PGCB_2025
5408,8,14,7,11290.8222,45.91601,PGCB_2025
5409,8,14,8,10966.7358,44.598059,PGCB_2025
5410,8,14,9,11134.9109,45.281971,PGCB_2025
5411,8,14,10,11227.8191,45.659798,PGCB_2025
5412,8,14,11,11475.3052,46.666241,PGCB_2025
5413,8,14,12,11751.6261,47.789946,PGCB_2025
5414,8,14,13,11835.7356,48.131991,PGCB_2025
5415,8,14,14,11615.9702,47.238279,PGCB_2025
5416,8,14,15,11759.6616,47.822624,PGCB_2025
5417,8,14,16,11653.5422,47.391072,PGCB_2025
5418,8,14,17,11494.4553,46.744118,PGCB_2025
5419,8,14,18,11310.1039,45.994423,PGCB_2025
5420,8,14,19,12681.7694,51.572529,PGCB_2025
5421,8,14,20,12892.4115,52.42914,PGCB_2025
5422,8,14,21,12819.5219,52.132722,PGCB_2025
5423,8,14,22,12697.4982,51.636493,PGCB_2025
5424,8,14,23,12664.6282,51.502821,PGCB_2025
5425,8,15,0,12685.0678,51.585942,PGCB_2025
5426,8,15,1,12343.0944,50.195251,PGCB_2025
5427,8,15,2,11974.3829,48.695824,PGCB_2025
5428,8,15,3,11716.6507,47.647713,PGCB_2025
5429,8,15,4,11430.7152,46.484908,PGCB_2025
5430,8,15,5,11140.1831,45.303411,PGCB_2025
5431,8,15,6,10962.2443,44.579793,PGCB_2025
5432,8,15,7,10812.3508,43.970227,PGCB_2025
5433,8,15,8,10872.8889,44.216415,PGCB_2025
5434,8,15,9,11106.927,45.16817,PGCB_2025
5435,8,15,10,11373.1948,46.250992,PGCB_2025
5436,8,15,11,11643.8488,47.351652,PGCB_2025
5437,8,15,12,11799.0583,47.982837,PGCB_2025
5438,8,15,13,12030.0875,48.922356,PGCB_2025
5439,8,15,14,11820.0769,48.068313,PGCB_2025
5440,8,15,15,11951.7677,48.603855,PGCB_2025
5441,8,15,16,11812.5765,48.037811,PGCB_2025
5442,8,15,17,11684.9999,47.519,PGCB_2025
5443,8,15,18,11270.9616,45.835244,PGCB_2025
5444,8,15,19,12903.2805,52.473341,PGCB_2025
5445,8,15,20,13158.4688,53.511106,PGCB_2025
5446,8,15,21,13301.5725,54.093062,PGCB_2025
5447,8,15,22,13101.4396,53.279188,PGCB_2025
5448,8,15,23,13065.9992,53.135063,PGCB_2025
5449,8,16,0,12964.8275,52.723632,PGCB_2025
5450,8,16,1,12503.8745,50.84909,PGCB_2025
5451,8,16,2,12314.9878,50.08095,PGCB_2025
5452,8,16,3,12055.8695,49.027203,PGCB_2025
5453,8,16,4,11783.7242,47.920478,PGCB_2025
5454,8,16,5,11545.2999,46.950886,PGCB_2025
5455,8,16,6,10716.3811,43.57995,PGCB_2025
5456,8,16,7,10536.1527,42.847021,PGCB_2025
5457,8,16,8,10429.2614,42.41233,PGCB_2025
5458,8,16,9,9977.7913,40.576351,PGCB_2025
5459,8,16,10,9987.5725,40.616128,PGCB_2025
5460,8,16,11,10341.2394,42.054374,PGCB_2025
5461,8,16,12,10844.4752,44.100866,PGCB_2025
5462,8,16,13,11305.8932,45.977299,PGCB_2025
5463,8,16,14,10896.0655,44.310666,PGCB_2025
5464,8,16,15,11147.6747,45.333877,PGCB_2025
5465,8,16,16,10686.862,43.459905,PGCB_2025
5466,8,16,17,10592.2169,43.075015,PGCB_2025
5467,8,16,18,10051.4792,40.876015,PGCB_2025
5468,8,16,19,11722.9054,47.673149,PGCB_2025
5469,8,16,20,12696.8491,51.633853,PGCB_2025
5470,8,16,21,12888.7447,52.414228,PGCB_2025
5471,8,16,22,12911.4388,52.506518,PGCB_2025
5472,8,16,23,12992.3289,52.835471,PGCB_2025
5473,8,17,0,13078.2542,53.1849,PGCB_2025
5474,8,17,1,12771.8704,51.93894,PGCB_2025
5475,8,17,2,12327.1112,50.130252,PGCB_2025
5476,8,17,3,11991.8312,48.76678,PGCB_2025
5477,8,17,4,11748.8365,47.778602,PGCB_2025
5478,8,17,5,11519.0004,46.843935,PGCB_2025
5479,8,17,6,11154.5785,45.361953,PGCB_2025
5480,8,17,7,11026.1861,44.839823,PGCB_2025
5481,8,17,8,10982.7629,44.663236,PGCB_2025
5482,8,17,9,11172.1671,45.43348,PGCB_2025
5483,8,17,10,11029.3354,44.852631,PGCB_2025
5484,8,17,11,11132.0335,45.27027,PGCB_2025
5485,8,17,12,11614.2683,47.231358,PGCB_2025
5486,8,17,13,12030.2717,48.923105,PGCB_2025
5487,8,17,14,12133.2769,49.341993,PGCB_2025
5488,8,17,15,11954.4696,48.614843,PGCB_2025
5489,8,17,16,12370.1572,50.305306,PGCB_2025
5490,8,17,17,12057.6415,49.034409,PGCB_2025
5491,8,17,18,11620.4704,47.25658,PGCB_2025
5492,8,17,19,13339.9341,54.249065,PGCB_2025
5493,8,17,20,13844.898,56.302585,PGCB_2025
5494,8,17,21,14054.8033,57.1562,PGCB_2025
5495,8,17,22,13983.5191,56.866311,PGCB_2025
5496,8,17,23,14072.9358,57.229939,PGCB_2025
5497,8,18,0,14020.2139,57.015537,PGCB_2025
5498,8,18,1,13545.4268,55.084736,PGCB_2025
5499,8,18,2,13203.6465,53.694829,PGCB_2025
5500,8,18,3,13010.5315,52.909495,PGCB_2025
5501,8,18,4,12519.4191,50.912304,PGCB_2025
5502,8,18,5,12658.4612,51.477742,PGCB_2025
5503,8,18,6,12240.2735,49.777112,PGCB_2025
5504,8,18,7,11947.3991,48.58609,PGCB_2025
5505,8,18,8,11494.7448,46.745296,PGCB_2025
5506,8,18,9,11077.2501,45.047484,PGCB_2025
5507,8,18,10,11125.8666,45.245191,PGCB_2025
5508,8,18,11,11709.0362,47.616747,PGCB_2025
5509,8,18,12,12234.0714,49.75189,PGCB_2025
5510,8,18,13,12503.9622,50.849446,PGCB_2025
5511,8,18,14,12677.6464,51.555762,PGCB_2025
5512,8,18,15,12901.0348,52.464208,PGCB_2025
5513,8,18,16,12820.2325,52.135612,PGCB_2025
5514,8,18,17,12485.4876,50.774316,PGCB_2025
5515,8,18,18,11989.103,48.755686,PGCB_2025
5516,8,18,19,13597.3505,55.295892,PGCB_2025
5517,8,18,20,13816.6598,56.18775,PGCB_2025
5518,8,18,21,14063.2248,57.190448,PGCB_2025
5519,8,18,22,14000.669,56.936054,PGCB_2025
5520,8,18,23,13948.8594,56.725362,PGCB_2025
5521,8,19,0,13903.7519,56.541924,PGCB_2025
5522,8,19,1,13313.8977,54.143184,PGCB_2025
5523,8,19,2,12748.1499,51.842476,PGCB_2025
5524,8,19,3,12367.1571,50.293106,PGCB_2025
5525,8,19,4,11820.7699,48.071131,PGCB_2025
5526,8,19,5,11672.5169,47.468235,PGCB_2025
5527,8,19,6,11401.4506,46.365899,PGCB_2025
5528,8,19,7,11369.8701,46.237472,PGCB_2025
5529,8,19,8,11414.6092,46.419411,PGCB_2025
5530,8,19,9,11375.1335,46.258876,PGCB_2025
5531,8,19,10,11603.2151,47.186408,PGCB_2025
5532,8,19,11,11902.353,48.402902,PGCB_2025
5533,8,19,12,12290.969,49.983274,PGCB_2025
5534,8,19,13,12517.2962,50.903671,PGCB_2025
5535,8,19,14,12563.7898,51.092745,PGCB_2025
5536,8,19,15,12746.2551,51.834771,PGCB_2025
5537,8,19,16,12662.9176,51.495865,PGCB_2025
5538,8,19,17,12469.9254,50.71103,PGCB_2025
5539,8,19,18,12055.8695,49.027203,PGCB_2025
5540,8,19,19,13641.265,55.474478,PGCB_2025
5541,8,19,20,14169.0108,57.620644,PGCB_2025
5542,8,19,21,13991.9932,56.900772,PGCB_2025
5543,8,19,22,13747.7089,55.90735,PGCB_2025
5544,8,19,23,13763.8501,55.97299,PGCB_2025
5545,8,20,0,13861.3726,56.369582,PGCB_2025
5546,8,20,1,13299.5285,54.084749,PGCB_2025
5547,8,20,2,12895.9994,52.443731,PGCB_2025
5548,8,20,3,12387.816,50.377118,PGCB_2025
5549,8,20,4,12150.2602,49.411058,PGCB_2025
5550,8,20,5,11876.8254,48.29909,PGCB_2025
5551,8,20,6,11601.2326,47.178346,PGCB_2025
5552,8,20,7,11423.1184,46.454015,PGCB_2025
5553,8,20,8,11244.5743,45.727935,PGCB_2025
5554,8,20,9,11399.5119,46.358015,PGCB_2025
5555,8,20,10,11518.6582,46.842543,PGCB_2025
5556,8,20,11,11730.8531,47.705469,PGCB_2025
5557,8,20,12,11930.8281,48.518701,PGCB_2025
5558,8,20,13,12238.0453,49.768051,PGCB_2025
5559,8,20,14,12058.7117,49.038761,PGCB_2025
5560,8,20,15,12297.7676,50.010922,PGCB_2025
5561,8,20,16,12004.4809,48.818222,PGCB_2025
5562,8,20,17,11670.2097,47.458853,PGCB_2025
5563,8,20,18,11318.8412,46.029954,PGCB_2025
5564,8,20,19,13115.2736,53.335446,PGCB_2025
5565,8,20,20,13598.3681,55.30003,PGCB_2025
5566,8,20,21,13380.8835,54.415593,PGCB_2025
5567,8,20,22,13453.2029,54.709692,PGCB_2025
5568,8,20,23,13326.5299,54.194555,PGCB_2025
5569,8,21,0,13256.1491,53.90834,PGCB_2025
5570,8,21,1,12896.2275,52.444659,PGCB_2025
5571,8,21,2,12544.8678,51.015796,PGCB_2025
5572,8,21,3,12163.9889,49.466888,PGCB_2025
5573,8,21,4,11880.1589,48.312646,PGCB_2025
5574,8,21,5,11625.5847,47.277378,PGCB_2025
5575,8,21,6,11088.0401,45.091363,PGCB_2025
5576,8,21,7,10956.0071,44.554429,PGCB_2025
5577,8,21,8,10777.3841,43.828029,PGCB_2025
5578,8,21,9,10929.2076,44.445444,PGCB_2025
5579,8,21,10,11222.3276,45.637466,PGCB_2025
5580,8,21,11,11383.5988,46.293302,PGCB_2025
5581,8,21,12,11595.2674,47.154087,PGCB_2025
5582,8,21,13,11987.3748,48.748658,PGCB_2025
5583,8,21,14,11902.3793,48.403009,PGCB_2025
5584,8,21,15,12000.8404,48.803418,PGCB_2025
5585,8,21,16,11879.2729,48.309043,PGCB_2025
5586,8,21,17,11615.0491,47.234533,PGCB_2025
5587,8,21,18,11072.3112,45.027399,PGCB_2025
5588,8,21,19,12452.0999,50.63854,PGCB_2025
5589,8,21,20,13175.5749,53.580671,PGCB_2025
5590,8,21,21,13098.2816,53.266345,PGCB_2025
5591,8,21,22,13124.5022,53.372976,PGCB_2025
5592,8,21,23,13115.3614,53.335803,PGCB_2025
5593,8,22,0,12977.5737,52.775466,PGCB_2025
5594,8,22,1,12694.7613,51.625363,PGCB_2025
5595,8,22,2,12291.3462,49.984808,PGCB_2025
5596,8,22,3,11996.77,48.786865,PGCB_2025
5597,8,22,4,11611.5927,47.220477,PGCB_2025
5598,8,22,5,11428.2853,46.475027,PGCB_2025
5599,8,22,6,11134.4196,45.279973,PGCB_2025
5600,8,22,7,10990.3071,44.693916,PGCB_2025
5601,8,22,8,10968.5078,44.605265,PGCB_2025
5602,8,22,9,11191.6067,45.512534,PGCB_2025
5603,8,22,10,10938.787,44.4844,PGCB_2025
5604,8,22,11,11238.074,45.701501,PGCB_2025
5605,8,22,12,11635.3045,47.316905,PGCB_2025
5606,8,22,13,11751.4419,47.789197,PGCB_2025
5607,8,22,14,11638.173,47.32857,PGCB_2025
5608,8,22,15,11573.5645,47.065829,PGCB_2025
5609,8,22,16,11462.4712,46.61405,PGCB_2025
5610,8,22,17,11089.163,45.09593,PGCB_2025
5611,8,22,18,10791.2708,43.884501,PGCB_2025
5612,8,22,19,12016.8324,48.868452,PGCB_2025
5613,8,22,20,12749.3254,51.847257,PGCB_2025
5614,8,22,21,12620.1786,51.32206,PGCB_2025
5615,8,22,22,12524.9194,50.934672,PGCB_2025
5616,8,22,23,12577.5887,51.148861,PGCB_2025
5617,8,23,0,12524.0948,50.931319,PGCB_2025
5618,8,23,1,12187.7708,49.563601,PGCB_2025
5619,8,23,2,11802.6901,47.997606,PGCB_2025
5620,8,23,3,11419.5217,46.439388,PGCB_2025
5621,8,23,4,11154.9207,45.363344,PGCB_2025
5622,8,23,5,10905.7064,44.349873,PGCB_2025
5623,8,23,6,10210.0661,41.520935,PGCB_2025
5624,8,23,7,9954.4392,40.481386,PGCB_2025
5625,8,23,8,9648.301,39.236424,PGCB_2025
5626,8,23,9,9319.4599,37.899137,PGCB_2025
5627,8,23,10,9248.4651,37.610425,PGCB_2025
5628,8,23,11,9381.0771,38.149714,PGCB_2025
5629,8,23,12,10022.1093,40.756578,PGCB_2025
5630,8,23,13,10450.973,42.500624,PGCB_2025
5631,8,23,14,9927.6484,40.372437,PGCB_2025
5632,8,23,15,9781.0445,39.776248,PGCB_2025
5633,8,23,16,9691.3032,39.4113,PGCB_2025
5634,8,23,17,9189.0148,37.36866,PGCB_2025
5635,8,23,18,9103.5806,37.021228,PGCB_2025
5636,8,23,19,10552.9956,42.915515,PGCB_2025
5637,8,23,20,11663.341,47.43092,PGCB_2025
5638,8,23,21,11844.894,48.169236,PGCB_2025
5639,8,23,22,11847.5257,48.179938,PGCB_2025
5640,8,23,23,11890.0717,48.352958,PGCB_2025
5641,8,24,0,11904.5117,48.411681,PGCB_2025
5642,8,24,1,11918.9517,48.470404,PGCB_2025
5643,8,24,2,11933.3917,48.529126,PGCB_2025
5644,8,24,3,11947.8318,48.587849,PGCB_2025
5645,8,24,4,11962.2718,48.646572,PGCB_2025
5646,8,24,5,11976.7118,48.705295,PGCB_2025
5647,8,24,6,11991.1518,48.764017,PGCB_2025
5648,8,24,7,12005.5919,48.82274,PGCB_2025
5649,8,24,8,12020.0319,48.881463,PGCB_2025
5650,8,24,9,12034.4719,48.940186,PGCB_2025
5651,8,24,10,12048.9119,48.998908,PGCB_2025
5652,8,24,11,12063.352,49.057631,PGCB_2025
5653,8,24,12,12077.792,49.116354,PGCB_2025
5654,8,24,13,12092.232,49.175077,PGCB_2025
5655,8,24,14,12106.672,49.233799,PGCB_2025
5656,8,24,15,12121.1121,49.292523,PGCB_2025
5657,8,24,16,12135.5521,49.351245,PGCB_2025
5658,8,24,17,12149.9921,49.409968,PGCB_2025
5659,8,24,18,12164.4321,49.468691,PGCB_2025
5660,8,24,19,12178.8722,49.527414,PGCB_2025
5661,8,24,20,12193.3122,49.586136,PGCB_2025
5662,8,24,21,12207.7522,49.644859,PGCB_2025
5663,8,24,22,12222.1922,49.703582,PGCB_2025
5664,8,24,23,12236.6323,49.762305,PGCB_2025
5665,8,25,0,12251.0723,49.821027,PGCB_2025
5666,8,25,1,11829.5335,48.10677,PGCB_2025
5667,8,25,2,11449.9618,46.563178,PGCB_2025
5668,8,25,3,11089.6542,45.097927,PGCB_2025
5669,8,25,4,10799.2186,43.916822,PGCB_2025
5670,8,25,5,10507.0372,42.728618,PGCB_2025
5671,8,25,6,10302.9831,41.898798,PGCB_2025
5672,8,25,7,10218.242,41.554184,PGCB_2025
5673,8,25,8,10271.4025,41.77037,PGCB_2025
5674,8,25,9,10516.5815,42.767431,PGCB_2025
5675,8,25,10,10748.716,43.711445,PGCB_2025
5676,8,25,11,11025.4931,44.837005,PGCB_2025
5677,8,25,12,11343.8688,46.131733,PGCB_2025
5678,8,25,13,11564.45,47.028763,PGCB_2025
5679,8,25,14,11536.0275,46.913179,PGCB_2025
5680,8,25,15,11581.4509,47.0979,PGCB_2025
5681,8,25,16,11433.4961,46.496217,PGCB_2025
5682,8,25,17,11197.5193,45.536578,PGCB_2025
5683,8,25,18,10961.2969,44.575941,PGCB_2025
5684,8,25,19,12794.5645,52.031229,PGCB_2025
5685,8,25,20,13007.8735,52.898686,PGCB_2025
5686,8,25,21,12884.3497,52.396355,PGCB_2025
5687,8,25,22,12758.6417,51.885143,PGCB_2025
5688,8,25,23,12785.9062,51.996019,PGCB_2025
5689,8,26,0,12731.0789,51.773054,PGCB_2025
5690,8,26,1,12181.2091,49.536917,PGCB_2025
5691,8,26,2,11839.1831,48.146011,PGCB_2025
5692,8,26,3,11480.9107,46.689037,PGCB_2025
5693,8,26,4,11297.1559,45.941767,PGCB_2025
5694,8,26,5,11047.31,44.925727,PGCB_2025
5695,8,26,6,10762.05,43.76567,PGCB_2025
5696,8,26,7,10725.2587,43.616052,PGCB_2025
5697,8,26,8,10703.8717,43.529078,PGCB_2025
5698,8,26,9,10988.6755,44.68728,PGCB_2025
5699,8,26,10,11183.6677,45.480249,PGCB_2025
5700,8,26,11,11456.7253,46.590683,PGCB_2025
5701,8,26,12,11794.5756,47.964607,PGCB_2025
5702,8,26,13,12143.4441,49.383339,PGCB_2025
5703,8,26,14,12192.8851,49.584399,PGCB_2025
5704,8,26,15,12166.761,49.478161,PGCB_2025
5705,8,26,16,11993.9979,48.775591,PGCB_2025
5706,8,26,17,11869.597,48.269694,PGCB_2025
5707,8,26,18,11546.5544,46.955988,PGCB_2025
5708,8,26,19,13406.2005,54.518549,PGCB_2025
5709,8,26,20,13816.072,56.185359,PGCB_2025
5710,8,26,21,13756.648,55.943702,PGCB_2025
5711,8,26,22,13484.8273,54.838298,PGCB_2025
5712,8,26,23,13510.6005,54.943109,PGCB_2025
5713,8,27,0,13505.9599,54.924237,PGCB_2025
5714,8,27,1,12975.2666,52.766084,PGCB_2025
5715,8,27,2,12532.6391,50.966066,PGCB_2025
5716,8,27,3,12300.0133,50.020054,PGCB_2025
5717,8,27,4,12052.4483,49.01329,PGCB_2025
5718,8,27,5,11832.7354,48.119791,PGCB_2025
5719,8,27,6,11435.7243,46.505279,PGCB_2025
5720,8,27,7,11383.6953,46.293694,PGCB_2025
5721,8,27,8,11392.3712,46.328976,PGCB_2025
5722,8,27,9,11566.7045,47.037932,PGCB_2025
5723,8,27,10,11847.3941,48.179403,PGCB_2025
5724,8,27,11,12077.4846,49.115104,PGCB_2025
5725,8,27,12,12462.3548,50.680243,PGCB_2025
5726,8,27,13,12960.8711,52.707542,PGCB_2025
5727,8,27,14,12734.4124,51.78661,PGCB_2025
5728,8,27,15,12971.4418,52.75053,PGCB_2025
5729,8,27,16,12961.7922,52.711288,PGCB_2025
5730,8,27,17,12574.9044,51.137945,PGCB_2025
5731,8,27,18,12193.6571,49.587539,PGCB_2025
5732,8,27,19,13614.8426,55.367027,PGCB_2025
5733,8,27,20,14124.7718,57.440739,PGCB_2025
5734,8,27,21,14115.359,57.40246,PGCB_2025
5735,8,27,22,14009.9151,56.973655,PGCB_2025
5736,8,27,23,13979.8259,56.851292,PGCB_2025
5737,8,28,0,13857.1004,56.352208,PGCB_2025
5738,8,28,1,13412.9553,54.546018,PGCB_2025
5739,8,28,2,12986.1794,52.810463,PGCB_2025
5740,8,28,3,12625.3718,51.343179,PGCB_2025
5741,8,28,4,12275.7928,49.921557,PGCB_2025
5742,8,28,5,12099.4682,49.204504,PGCB_2025
5743,8,28,6,11657.4284,47.406875,PGCB_2025
5744,8,28,7,11407.8369,46.39187,PGCB_2025
5745,8,28,8,11457.3745,46.593323,PGCB_2025
5746,8,28,9,11587.7582,47.12355,PGCB_2025
5747,8,28,10,11698.8077,47.575151,PGCB_2025
5748,8,28,11,11895.8176,48.376325,PGCB_2025
5749,8,28,12,12457.5037,50.660515,PGCB_2025
5750,8,28,13,12672.9268,51.536569,PGCB_2025
5751,8,28,14,12626.6438,51.348351,PGCB_2025
5752,8,28,15,12798.8893,52.048816,PGCB_2025
5753,8,28,16,12820.7062,52.137539,PGCB_2025
5754,8,28,17,12231.159,49.740047,PGCB_2025
5755,8,28,18,11917.2222,48.46337,PGCB_2025
5756,8,28,19,13607.9475,55.338987,PGCB_2025
5757,8,28,20,13795.3078,56.100918,PGCB_2025
5758,8,28,21,13756.0778,55.941383,PGCB_2025
5759,8,28,22,13861.548,56.370295,PGCB_2025
5760,8,28,23,13878.0488,56.437398,PGCB_2025
5761,8,29,0,13878.198,56.438005,PGCB_2025
5762,8,29,1,13315.9065,54.151353,PGCB_2025
5763,8,29,2,12838.0316,52.207995,PGCB_2025
5764,8,29,3,12522.5859,50.925183,PGCB_2025
5765,8,29,4,12147.9531,49.401676,PGCB_2025
5766,8,29,5,11826.2263,48.09332,PGCB_2025
5767,8,29,6,11519.5881,46.846325,PGCB_2025
5768,8,29,7,11509.6139,46.805763,PGCB_2025
5769,8,29,8,11281.313,45.87734,PGCB_2025
5770,8,29,9,11530.8694,46.892202,PGCB_2025
5771,8,29,10,11627.2163,47.284013,PGCB_2025
5772,8,29,11,11855.2541,48.211367,PGCB_2025
5773,8,29,12,12195.8853,49.5966,PGCB_2025
5774,8,29,13,12521.428,50.920474,PGCB_2025
5775,8,29,14,12276.9946,49.926445,PGCB_2025
5776,8,29,15,12355.481,50.245623,PGCB_2025
5777,8,29,16,12155.5061,49.432391,PGCB_2025
5778,8,29,17,11865.9301,48.254782,PGCB_2025
5779,8,29,18,11435.5576,46.504601,PGCB_2025
5780,8,29,19,13152.4948,53.486812,PGCB_2025
5781,8,29,20,13403.5337,54.507704,PGCB_2025
5782,8,29,21,13373.0322,54.383664,PGCB_2025
5783,8,29,22,13263.246,53.9372,PGCB_2025
5784,8,29,23,13371.4883,54.377386,PGCB_2025
5785,8,30,0,13290.6333,54.048575,PGCB_2025
5786,8,30,1,12979.5475,52.783493,PGCB_2025
5787,8,30,2,12577.7115,51.14936,PGCB_2025
5788,8,30,3,12160.7256,49.453617,PGCB_2025
5789,8,30,4,11915.1431,48.454915,PGCB_2025
5790,8,30,5,11724.037,47.67775,PGCB_2025
5791,8,30,6,11009.273,44.771044,PGCB_2025
5792,8,30,7,10617.5954,43.178221,PGCB_2025
5793,8,30,8,10381.101,42.216477,PGCB_2025
5794,8,30,9,10133.1851,41.208286,PGCB_2025
5795,8,30,10,10056.9356,40.898205,PGCB_2025
5796,8,30,11,10193.1881,41.452298,PGCB_2025
5797,8,30,12,10721.1883,43.599499,PGCB_2025
5798,8,30,13,11279.0409,45.8681,PGCB_2025
5799,8,30,14,10776.9718,43.826352,PGCB_2025
5800,8,30,15,10770.2873,43.799168,PGCB_2025
5801,8,30,16,10101.508,41.079466,PGCB_2025
5802,8,30,17,9797.9138,39.844849,PGCB_2025
5803,8,30,18,9806.6248,39.880274,PGCB_2025
5804,8,30,19,11861.5615,48.237017,PGCB_2025
5805,8,30,20,12307.4611,50.050342,PGCB_2025
5806,8,30,21,12403.7378,50.441867,PGCB_2025
5807,8,30,22,12489.6983,50.79144,PGCB_2025
5808,8,30,23,12625.556,51.343928,PGCB_2025
5809,8,31,0,12460.5828,50.673037,PGCB_2025
5810,8,31,1,12239.8875,49.775543,PGCB_2025
5811,8,31,2,11932.9598,48.52737,PGCB_2025
5812,8,31,3,11614.049,47.230466,PGCB_2025
5813,8,31,4,11368.0366,46.230016,PGCB_2025
5814,8,31,5,11108.0499,45.172736,PGCB_2025
5815,8,31,6,10621.0342,43.192206,PGCB_2025
5816,8,31,7,10664.1504,43.367545,PGCB_2025
5817,8,31,8,10608.8142,43.142511,PGCB_2025
5818,8,31,9,10540.0301,42.862789,PGCB_2025
5819,8,31,10,10444.7709,42.475402,PGCB_2025
5820,8,31,11,10679.195,43.428726,PGCB_2025
5821,8,31,12,11032.7128,44.866365,PGCB_2025
5822,8,31,13,11444.444,46.540739,PGCB_2025
5823,8,31,14,11653.2966,47.390073,PGCB_2025
5824,8,31,15,11666.1657,47.442407,PGCB_2025
5825,8,31,16,11469.9716,46.644551,PGCB_2025
5826,8,31,17,11143.7534,45.31793,PGCB_2025
5827,8,31,18,11188.5802,45.500226,PGCB_2025
5828,8,31,19,13251.991,53.89143,PGCB_2025
5829,8,31,20,13379.822,54.411276,PGCB_2025
5830,8,31,21,13501.6439,54.906685,PGCB_2025
5831,8,31,22,13443.1322,54.668738,PGCB_2025
5832,8,31,23,13445.7639,54.67944,PGCB_2025
5833,9,1,0,13401.2003,54.498215,PGCB_2025
5834,9,1,1,13104.2555,53.290639,PGCB_2025
5835,9,1,2,12579.7555,51.157672,PGCB_2025
5836,9,1,3,12252.4583,49.826664,PGCB_2025
5837,9,1,4,11930.6,48.517773,PGCB_2025
5838,9,1,5,11788.1367,47.938423,PGCB_2025
5839,9,1,6,11420.1094,46.441778,PGCB_2025
5840,9,1,7,11426.8291,46.469105,PGCB_2025
5841,9,1,8,11469.9628,46.644515,PGCB_2025
5842,9,1,9,11668.7447,47.452895,PGCB_2025
5843,9,1,10,11844.9992,48.169663,PGCB_2025
5844,9,1,11,12150.6462,49.412628,PGCB_2025
5845,9,1,12,12463.3022,50.684096,PGCB_2025
5846,9,1,13,12488.8386,50.787944,PGCB_2025
5847,9,1,14,12533.3584,50.968991,PGCB_2025
5848,9,1,15,12760.5453,51.892884,PGCB_2025
5849,9,1,16,12486.9438,50.780238,PGCB_2025
5850,9,1,17,12229.7203,49.734196,PGCB_2025
5851,9,1,18,11795.6459,47.96896,PGCB_2025
5852,9,1,19,13317.1259,54.156312,PGCB_2025
5853,9,1,20,13724.8569,55.814418,PGCB_2025
5854,9,1,21,13882.6456,56.456092,PGCB_2025
5855,9,1,22,13904.9274,56.546705,PGCB_2025
5856,9,1,23,13860.8813,56.367584,PGCB_2025
5857,9,2,0,13804.1592,56.136914,PGCB_2025
5858,9,2,1,13352.1013,54.298545,PGCB_2025
5859,9,2,2,12944.5896,52.641331,PGCB_2025
5860,9,2,3,12603.2128,51.253065,PGCB_2025
5861,9,2,4,12178.6914,49.526678,PGCB_2025
5862,9,2,5,12090.9414,49.169828,PGCB_2025
5863,9,2,6,11743.1783,47.755592,PGCB_2025
5864,9,2,7,11845.0869,48.17002,PGCB_2025
5865,9,2,8,11728.4056,47.695516,PGCB_2025
5866,9,2,9,11785.1541,47.926293,PGCB_2025
5867,9,2,10,12077.7215,49.116067,PGCB_2025
5868,9,2,11,12309.3296,50.05794,PGCB_2025
5869,9,2,12,12818.8903,52.130154,PGCB_2025
5870,9,2,13,13131.0902,53.399767,PGCB_2025
5871,9,2,14,13225.8143,53.784978,PGCB_2025
5872,9,2,15,13294.8178,54.065592,PGCB_2025
5873,9,2,16,13330.0125,54.208718,PGCB_2025
5874,9,2,17,12916.6584,52.527744,PGCB_2025
5875,9,2,18,12430.9322,50.552458,PGCB_2025
5876,9,2,19,13992.7915,56.904019,PGCB_2025
5877,9,2,20,14299.5876,58.151656,PGCB_2025
5878,9,2,21,14290.8942,58.116303,PGCB_2025
5879,9,2,22,13826.4673,56.227634,PGCB_2025
5880,9,2,23,12904.3244,52.477586,PGCB_2025
5881,9,3,0,12404.5975,50.445363,PGCB_2025
5882,9,3,1,11877.957,48.303692,PGCB_2025
5883,9,3,2,11374.2036,46.255095,PGCB_2025
5884,9,3,3,11383.6251,46.293409,PGCB_2025
5885,9,3,4,11264.3823,45.808488,PGCB_2025
5886,9,3,5,11043.4677,44.910102,PGCB_2025
5887,9,3,6,10777.3052,43.827708,PGCB_2025
5888,9,3,7,10569.321,42.981905,PGCB_2025
5889,9,3,8,10675.7211,43.414599,PGCB_2025
5890,9,3,9,10848.4579,44.117062,PGCB_2025
5891,9,3,10,11458.2517,46.59689,PGCB_2025
5892,9,3,11,11750.2138,47.784203,PGCB_2025
5893,9,3,12,12169.6647,49.48997,PGCB_2025
5894,9,3,13,12551.7277,51.043693,PGCB_2025
5895,9,3,14,12477.996,50.74385,PGCB_2025
5896,9,3,15,12749.6675,51.848648,PGCB_2025
5897,9,3,16,12628.5123,51.35595,PGCB_2025
5898,9,3,17,12328.62,50.136388,PGCB_2025
5899,9,3,18,11864.6581,48.24961,PGCB_2025
5900,9,3,19,13807.5102,56.150541,PGCB_2025
5901,9,3,20,14019.7051,57.013467,PGCB_2025
5902,9,3,21,14010.5029,56.976045,PGCB_2025
5903,9,3,22,13993.309,56.906123,PGCB_2025
5904,9,3,23,14098.288,57.333038,PGCB_2025
5905,9,4,0,14037.5305,57.085957,PGCB_2025
5906,9,4,1,13632.7821,55.439981,PGCB_2025
5907,9,4,2,13088.7021,53.227389,PGCB_2025
5908,9,4,3,12737.6318,51.799703,PGCB_2025
5909,9,4,4,12326.7866,50.128932,PGCB_2025
5910,9,4,5,12045.0795,48.983323,PGCB_2025
5911,9,4,6,11338.4737,46.109793,PGCB_2025
5912,9,4,7,11439.1806,46.519334,PGCB_2025
5913,9,4,8,11460.8834,46.607592,PGCB_2025
5914,9,4,9,11558.1164,47.003007,PGCB_2025
5915,9,4,10,11773.5044,47.878918,PGCB_2025
5916,9,4,11,12084.0551,49.141824,PGCB_2025
5917,9,4,12,12587.5892,51.189529,PGCB_2025
5918,9,4,13,12666.0756,51.508707,PGCB_2025
5919,9,4,14,12873.3053,52.351442,PGCB_2025
5920,9,4,15,12845.3127,52.237605,PGCB_2025
5921,9,4,16,12599.8881,51.239545,PGCB_2025
5922,9,4,17,12344.6208,50.201458,PGCB_2025
5923,9,4,18,12020.28,48.882472,PGCB_2025
5924,9,4,19,13728.9273,55.830971,PGCB_2025
5925,9,4,20,13940.5695,56.691649,PGCB_2025
5926,9,4,21,13993.9406,56.908692,PGCB_2025
5927,9,4,22,13948.5962,56.724291,PGCB_2025
5928,9,4,23,13992.7213,56.903733,PGCB_2025
5929,9,5,0,14009.8099,56.973227,PGCB_2025
5930,9,5,1,13491.7312,54.866374,PGCB_2025
5931,9,5,2,13026.0937,52.972781,PGCB_2025
5932,9,5,3,12395.6234,50.408868,PGCB_2025
5933,9,5,4,12115.083,49.268004,PGCB_2025
5934,9,5,5,12052.9746,49.01543,PGCB_2025
5935,9,5,6,11590.0566,47.132897,PGCB_2025
5936,9,5,7,11582.8632,47.103644,PGCB_2025
5937,9,5,8,11540.5102,46.931408,PGCB_2025
5938,9,5,9,11680.0085,47.498701,PGCB_2025
5939,9,5,10,11853.7277,48.205159,PGCB_2025
5940,9,5,11,12250.0985,49.817067,PGCB_2025
5941,9,5,12,12671.5671,51.53104,PGCB_2025
5942,9,5,13,12942.4755,52.632734,PGCB_2025
5943,9,5,14,12907.2895,52.489644,PGCB_2025
5944,9,5,15,13005.1716,52.887698,PGCB_2025
5945,9,5,16,12969.4768,52.742539,PGCB_2025
5946,9,5,17,12442.5293,50.599619,PGCB_2025
5947,9,5,18,12122.1096,49.296579,PGCB_2025
5948,9,5,19,13926.7355,56.635391,PGCB_2025
5949,9,5,20,13940.2713,56.690437,PGCB_2025
5950,9,5,21,13975.1678,56.832349,PGCB_2025
5951,9,5,22,13922.7879,56.619337,PGCB_2025
5952,9,5,23,13868.715,56.399441,PGCB_2025
5953,9,6,0,13843.512,56.296949,PGCB_2025
5954,9,6,1,13510.8286,54.944036,PGCB_2025
5955,9,6,2,13019.453,52.945776,PGCB_2025
5956,9,6,3,12571.4393,51.123853,PGCB_2025
5957,9,6,4,12237.5804,49.76616,PGCB_2025
5958,9,6,5,12097.3277,49.195799,PGCB_2025
5959,9,6,6,11439.8648,46.522117,PGCB_2025
5960,9,6,7,11153.2539,45.356566,PGCB_2025
5961,9,6,8,10968.6832,44.605978,PGCB_2025
5962,9,6,9,10754.9795,43.736917,PGCB_2025
5963,9,6,10,10667.3347,43.380494,PGCB_2025
5964,9,6,11,10850.0457,44.123519,PGCB_2025
5965,9,6,12,11418.8287,46.43657,PGCB_2025
5966,9,6,13,11962.0051,48.645487,PGCB_2025
5967,9,6,14,11424.2061,46.458438,PGCB_2025
5968,9,6,15,11474.1472,46.661532,PGCB_2025
5969,9,6,16,11334.1051,46.092027,PGCB_2025
5970,9,6,17,10909.9259,44.367032,PGCB_2025
5971,9,6,18,10450.9291,42.500445,PGCB_2025
5972,9,6,19,12291.3199,49.984701,PGCB_2025
5973,9,6,20,12984.2758,52.802722,PGCB_2025
5974,9,6,21,13255.2193,53.904558,PGCB_2025
5975,9,6,22,13423.0698,54.587151,PGCB_2025
5976,9,6,23,13493.2049,54.872367,PGCB_2025
5977,9,7,0,13510.4426,54.942467,PGCB_2025
5978,9,7,1,13247.254,53.872166,PGCB_2025
5979,9,7,2,12887.5517,52.409377,PGCB_2025
5980,9,7,3,12545.5608,51.018614,PGCB_2025
5981,9,7,4,12282.3107,49.948064,PGCB_2025
5982,9,7,5,12079.7742,49.124415,PGCB_2025
5983,9,7,6,11511.8158,46.814718,PGCB_2025
5984,9,7,7,11425.1535,46.462291,PGCB_2025
5985,9,7,8,11123.5331,45.235701,PGCB_2025
5986,9,7,9,11176.5182,45.451174,PGCB_2025
5987,9,7,10,10742.2069,43.684975,PGCB_2025
5988,9,7,11,11172.7023,45.435656,PGCB_2025
5989,9,7,12,11696.9742,47.567695,PGCB_2025
5990,9,7,13,12111.2231,49.252307,PGCB_2025
5991,9,7,14,12215.7021,49.677189,PGCB_2025
5992,9,7,15,12239.2822,49.773081,PGCB_2025
5993,9,7,16,12267.3099,49.88706,PGCB_2025
5994,9,7,17,12037.9826,48.954463,PGCB_2025
5995,9,7,18,11686.3772,47.524601,PGCB_2025
5996,9,7,19,13729.5501,55.833504,PGCB_2025
5997,9,7,20,14045.0046,57.116352,PGCB_2025
5998,9,7,21,14054.7858,57.156129,PGCB_2025
5999,9,7,22,13922.8932,56.619766,PGCB_2025
6000,9,7,23,14176.8884,57.652679,PGCB_2025
6001,9,8,0,14237.7599,57.900224,PGCB_2025
6002,9,8,1,13887.6283,56.476355,PGCB_2025
6003,9,8,2,13426.377,54.6006,PGCB_2025
6004,9,8,3,13032.0589,52.99704,PGCB_2025
6005,9,8,4,12554.4121,51.054609,PGCB_2025
6006,9,8,5,12368.315,50.297814,PGCB_2025
6007,9,8,6,11891.6946,48.359558,PGCB_2025
6008,9,8,7,11692.8951,47.551107,PGCB_2025
6009,9,8,8,11739.6518,47.741251,PGCB_2025
6010,9,8,9,11762.2933,47.833326,PGCB_2025
6011,9,8,10,12043.7636,48.977972,PGCB_2025
6012,9,8,11,12245.1422,49.796912,PGCB_2025
6013,9,8,12,12530.1214,50.955827,PGCB_2025
6014,9,8,13,12932.089,52.590495,PGCB_2025
6015,9,8,14,12899.947,52.459784,PGCB_2025
6016,9,8,15,12968.7575,52.739614,PGCB_2025
6017,9,8,16,12916.711,52.527958,PGCB_2025
6018,9,8,17,12617.1609,51.309788,PGCB_2025
6019,9,8,18,12130.8031,49.331933,PGCB_2025
6020,9,8,19,13922.9107,56.619837,PGCB_2025
6021,9,8,20,14054.1103,57.153382,PGCB_2025
6022,9,8,21,14001.1427,56.93798,PGCB_2025
6023,9,8,22,14035.9691,57.079608,PGCB_2025
6024,9,8,23,14053.7682,57.151991,PGCB_2025
6025,9,9,0,14035.7498,57.078716,PGCB_2025
6026,9,9,1,13711.4791,55.760015,PGCB_2025
6027,9,9,2,13268.6498,53.959176,PGCB_2025
6028,9,9,3,12746.4305,51.835484,PGCB_2025
6029,9,9,4,12434.8359,50.568333,PGCB_2025
6030,9,9,5,12224.299,49.712149,PGCB_2025
6031,9,9,6,11882.9573,48.324026,PGCB_2025
6032,9,9,7,11855.3331,48.211688,PGCB_2025
6033,9,9,8,11818.6997,48.062712,PGCB_2025
6034,9,9,9,12055.7467,49.026703,PGCB_2025
6035,9,9,10,12318.9178,50.096932,PGCB_2025
6036,9,9,11,12424.8705,50.527807,PGCB_2025
6037,9,9,12,12978.1439,52.777785,PGCB_2025
6038,9,9,13,13162.7409,53.52848,PGCB_2025
6039,9,9,14,13048.3755,53.063394,PGCB_2025
6040,9,9,15,13091.1058,53.237164,PGCB_2025
6041,9,9,16,12853.7254,52.271817,PGCB_2025
6042,9,9,17,12503.006,50.845558,PGCB_2025
6043,9,9,18,12676.4972,51.551089,PGCB_2025
6044,9,9,19,14166.809,57.61169,PGCB_2025
6045,9,9,20,14255.1292,57.970859,PGCB_2025
6046,9,9,21,14299.1314,58.149801,PGCB_2025
6047,9,9,22,14342.2739,58.325247,PGCB_2025
6048,9,9,23,14386.3902,58.504653,PGCB_2025
6049,9,10,0,14166.4405,57.610191,PGCB_2025
6050,9,10,1,13746.6475,55.903033,PGCB_2025
6051,9,10,2,13263.8425,53.939626,PGCB_2025
6052,9,10,3,13027.6201,52.978988,PGCB_2025
6053,9,10,4,12649.373,51.440784,PGCB_2025
6054,9,10,5,12500.8305,50.836711,PGCB_2025
6055,9,10,6,11967.3036,48.667035,PGCB_2025
6056,9,10,7,11845.201,48.170484,PGCB_2025
6057,9,10,8,11703.3254,47.593523,PGCB_2025
6058,9,10,9,12019.622,48.879796,PGCB_2025
6059,9,10,10,12259.0464,49.853455,PGCB_2025
6060,9,10,11,12635.732,51.38531,PGCB_2025
6061,9,10,12,12792.0819,52.021133,PGCB_2025
6062,9,10,13,13072.2978,53.160678,PGCB_2025
6063,9,10,14,13115.6245,53.336873,PGCB_2025
6064,9,10,15,13159.7846,53.516457,PGCB_2025
6065,9,10,16,13072.4996,53.161498,PGCB_2025
6066,9,10,17,12809.0302,52.090056,PGCB_2025
6067,9,10,18,12719.4555,51.725786,PGCB_2025
6068,9,10,19,14092.1035,57.307888,PGCB_2025
6069,9,10,20,14253.366,57.963688,PGCB_2025
6070,9,10,21,14253.2431,57.963189,PGCB_2025
6071,9,10,22,14297.6577,58.143808,PGCB_2025
6072,9,10,23,14296.9383,58.140882,PGCB_2025
6073,9,11,0,14253.3396,57.963581,PGCB_2025
6074,9,11,1,13903.1817,56.539606,PGCB_2025
6075,9,11,2,13509.1882,54.937365,PGCB_2025
6076,9,11,3,13359.4263,54.328334,PGCB_2025
6077,9,11,4,12939.5016,52.62064,PGCB_2025
6078,9,11,5,12676.9884,51.553086,PGCB_2025
6079,9,11,6,12326.9533,50.12961,PGCB_2025
6080,9,11,7,12196.2186,49.597956,PGCB_2025
6081,9,11,8,12197.3327,49.602486,PGCB_2025
6082,9,11,9,12372.903,50.316472,PGCB_2025
6083,9,11,10,12476.3292,50.737072,PGCB_2025
6084,9,11,11,12766.9052,51.918748,PGCB_2025
6085,9,11,12,12986.0566,52.809964,PGCB_2025
6086,9,11,13,13029.3395,52.985981,PGCB_2025
6087,9,11,14,13467.0106,54.765843,PGCB_2025
6088,9,11,15,13439.8689,54.655467,PGCB_2025
6089,9,11,16,13290.9842,54.050002,PGCB_2025
6090,9,11,17,12966.4416,52.730196,PGCB_2025
6091,9,11,18,13069.8328,53.150653,PGCB_2025
6092,9,11,19,14227.4611,57.858342,PGCB_2025
6093,9,11,20,14219.566,57.826235,PGCB_2025
6094,9,11,21,14254.9099,57.969967,PGCB_2025
6095,9,11,22,14237.8038,57.900402,PGCB_2025
6096,9,11,23,14210.6533,57.78999,PGCB_2025
6097,9,12,0,14211.2937,57.792594,PGCB_2025
6098,9,12,1,13526.3294,55.007073,PGCB_2025
6099,9,12,2,13158.3635,53.510678,PGCB_2025
6100,9,12,3,12940.1157,52.623137,PGCB_2025
6101,9,12,4,12544.8853,51.015867,PGCB_2025
6102,9,12,5,12299.8379,50.019341,PGCB_2025
6103,9,12,6,12106.0123,49.231117,PGCB_2025
6104,9,12,7,11889.4751,48.350532,PGCB_2025
6105,9,12,8,11951.6976,48.60357,PGCB_2025
6106,9,12,9,12065.405,49.06598,PGCB_2025
6107,9,12,10,12164.682,49.469707,PGCB_2025
6108,9,12,11,12430.7831,50.551851,PGCB_2025
6109,9,12,12,12546.0433,51.020576,PGCB_2025
6110,9,12,13,12791.2486,52.017744,PGCB_2025
6111,9,12,14,12647.794,51.434362,PGCB_2025
6112,9,12,15,12723.8329,51.743587,PGCB_2025
6113,9,12,16,12556.2017,51.061887,PGCB_2025
6114,9,12,17,12370.7362,50.307661,PGCB_2025
6115,9,12,18,12238.9489,49.771726,PGCB_2025
6116,9,12,19,13729.787,55.834467,PGCB_2025
6117,9,12,20,13974.5011,56.829638,PGCB_2025
6118,9,12,21,13915.0858,56.588016,PGCB_2025
6119,9,12,22,13869.5133,56.402687,PGCB_2025
6120,9,12,23,13842.8629,56.294309,PGCB_2025
6121,9,13,0,13949.3068,56.727181,PGCB_2025
6122,9,13,1,13527.4786,55.011746,PGCB_2025
6123,9,13,2,13202.971,53.692082,PGCB_2025
6124,9,13,3,12667.4441,51.514273,PGCB_2025
6125,9,13,4,12308.8997,50.056192,PGCB_2025
6126,9,13,5,12080.4847,49.127304,PGCB_2025
6127,9,13,6,11361.8433,46.204829,PGCB_2025
6128,9,13,7,10994.5442,44.711146,PGCB_2025
6129,9,13,8,10881.8982,44.253053,PGCB_2025
6130,9,13,9,10600.2524,43.107693,PGCB_2025
6131,9,13,10,10477.6322,42.609038,PGCB_2025
6132,9,13,11,10722.6358,43.605386,PGCB_2025
6133,9,13,12,11041.0377,44.90022,PGCB_2025
6134,9,13,13,11644.0681,47.352544,PGCB_2025
6135,9,13,14,11078.8291,45.053905,PGCB_2025
6136,9,13,15,11131.6388,45.268664,PGCB_2025
6137,9,13,16,10850.2738,44.124447,PGCB_2025
6138,9,13,17,10520.3712,42.782843,PGCB_2025
6139,9,13,18,10404.3566,42.31105,PGCB_2025
6140,9,13,19,12326.348,50.127149,PGCB_2025
6141,9,13,20,12659.9174,51.483664,PGCB_2025
6142,9,13,21,12939.9753,52.622566,PGCB_2025
6143,9,13,22,12975.0122,52.76505,PGCB_2025
6144,9,13,23,13020.032,52.94813,PGCB_2025
6145,9,14,0,13081.0088,53.196102,PGCB_2025
6146,9,14,1,12914.4302,52.518683,PGCB_2025
6147,9,14,2,12237.7295,49.766767,PGCB_2025
6148,9,14,3,11896.3439,48.378465,PGCB_2025
6149,9,14,4,11536.5714,46.91539,PGCB_2025
6150,9,14,5,11431.1451,46.486657,PGCB_2025
6151,9,14,6,11115.4976,45.203024,PGCB_2025
6152,9,14,7,10994.6056,44.711396,PGCB_2025
6153,9,14,8,11040.5728,44.898329,PGCB_2025
6154,9,14,9,11324.0871,46.051288,PGCB_2025
6155,9,14,10,11387.6604,46.309819,PGCB_2025
6156,9,14,11,11610.7331,47.216981,PGCB_2025
6157,9,14,12,12013.92,48.856608,PGCB_2025
6158,9,14,13,12318.2774,50.094328,PGCB_2025
6159,9,14,14,12204.8507,49.63306,PGCB_2025
6160,9,14,15,12192.622,49.583329,PGCB_2025
6161,9,14,16,11993.0856,48.771881,PGCB_2025
6162,9,14,17,11681.3419,47.504124,PGCB_2025
6163,9,14,18,11869.632,48.269837,PGCB_2025
6164,9,14,19,13273.5184,53.978975,PGCB_2025
6165,9,14,20,13676.5475,55.61796,PGCB_2025
6166,9,14,21,13746.1211,55.900892,PGCB_2025
6167,9,14,22,13588.2974,55.259076,PGCB_2025
6168,9,14,23,13528.1277,55.014386,PGCB_2025
6169,9,15,0,13449.5448,54.694816,PGCB_2025
6170,9,15,1,13071.7627,53.158502,PGCB_2025
6171,9,15,2,12615.5994,51.303438,PGCB_2025
6172,9,15,3,12160.0151,49.450728,PGCB_2025
6173,9,15,4,11843.5693,48.163848,PGCB_2025
6174,9,15,5,11676.5785,47.484753,PGCB_2025
6175,9,15,6,11211.327,45.59273,PGCB_2025
6176,9,15,7,11065.6706,45.000394,PGCB_2025
6177,9,15,8,10850.9843,44.127336,PGCB_2025
6178,9,15,9,11062.7844,44.988657,PGCB_2025
6179,9,15,10,10961.7969,44.577974,PGCB_2025
6180,9,15,11,10951.6473,44.536699,PGCB_2025
6181,9,15,12,11425.522,46.463789,PGCB_2025
6182,9,15,13,11598.2675,47.166288,PGCB_2025
6183,9,15,14,11292.1819,45.92154,PGCB_2025
6184,9,15,15,11434.8382,46.501675,PGCB_2025
6185,9,15,16,11204.6512,45.565582,PGCB_2025
6186,9,15,17,11004.4833,44.751565,PGCB_2025
6187,9,15,18,11493.1657,46.738874,PGCB_2025
6188,9,15,19,12913.2284,52.513795,PGCB_2025
6189,9,15,20,12589.6068,51.197734,PGCB_2025
6190,9,15,21,12613.9589,51.296766,PGCB_2025
6191,9,15,22,12390.4653,50.387892,PGCB_2025
6192,9,15,23,12352.0072,50.231496,PGCB_2025
6193,9,16,0,12326.3304,50.127077,PGCB_2025
6194,9,16,1,11869.3426,48.26866,PGCB_2025
6195,9,16,2,11535.6328,46.911573,PGCB_2025
6196,9,16,3,11246.5832,45.736105,PGCB_2025
6197,9,16,4,10983.0787,44.66452,PGCB_2025
6198,9,16,5,10763.9887,43.773554,PGCB_2025
6199,9,16,6,10570.6807,42.987435,PGCB_2025
6200,9,16,7,10504.4143,42.717951,PGCB_2025
6201,9,16,8,10617.5252,43.177936,PGCB_2025
6202,9,16,9,10827.6059,44.032264,PGCB_2025
6203,9,16,10,11048.4592,44.930401,PGCB_2025
6204,9,16,11,11293.0943,45.92525,PGCB_2025
6205,9,16,12,11428.8906,46.477488,PGCB_2025
6206,9,16,13,11535.2029,46.909825,PGCB_2025
6207,9,16,14,11379.3881,46.276178,PGCB_2025
6208,9,16,15,11271.9529,45.839275,PGCB_2025
6209,9,16,16,10871.0292,44.208852,PGCB_2025
6210,9,16,17,10531.1788,42.826794,PGCB_2025
6211,9,16,18,10869.3449,44.202003,PGCB_2025
6212,9,16,19,12404.2905,50.444115,PGCB_2025
6213,9,16,20,12316.2949,50.086266,PGCB_2025
6214,9,16,21,12236.861,49.763235,PGCB_2025
6215,9,16,22,12106.1001,49.231474,PGCB_2025
6216,9,16,23,12052.9921,49.015501,PGCB_2025
6217,9,17,0,11899.502,48.391308,PGCB_2025
6218,9,17,1,11483.3845,46.699097,PGCB_2025
6219,9,17,2,11271.6195,45.837919,PGCB_2025
6220,9,17,3,10921.6019,44.414514,PGCB_2025
6221,9,17,4,10689.1341,43.469145,PGCB_2025
6222,9,17,5,10555.794,42.926896,PGCB_2025
6223,9,17,6,10228.9443,41.597707,PGCB_2025
6224,9,17,7,10286.4647,41.831623,PGCB_2025
6225,9,17,8,10321.6945,41.974891,PGCB_2025
6226,9,17,9,10449.6308,42.495165,PGCB_2025
6227,9,17,10,10740.3472,43.677412,PGCB_2025
6228,9,17,11,10837.3257,44.071791,PGCB_2025
6229,9,17,12,11045.7046,44.919199,PGCB_2025
6230,9,17,13,11165.6844,45.407117,PGCB_2025
6231,9,17,14,10891.2056,44.290903,PGCB_2025
6232,9,17,15,11018.3875,44.808109,PGCB_2025
6233,9,17,16,10903.5045,44.340918,PGCB_2025
6234,9,17,17,10685.3181,43.453627,PGCB_2025
6235,9,17,18,11101.5232,45.146194,PGCB_2025
6236,9,17,19,12221.0269,49.698843,PGCB_2025
6237,9,17,20,12238.8348,49.771262,PGCB_2025
6238,9,17,21,12163.9977,49.466924,PGCB_2025
6239,9,17,22,12079.59,49.123666,PGCB_2025
6240,9,17,23,11979.6727,48.717336,PGCB_2025
6241,9,18,0,11922.3803,48.484347,PGCB_2025
6242,9,18,1,11474.9104,46.664636,PGCB_2025
6243,9,18,2,11137.1742,45.291175,PGCB_2025
6244,9,18,3,10838.6416,44.077143,PGCB_2025
6245,9,18,4,10660.0186,43.350742,PGCB_2025
6246,9,18,5,10534.6351,42.840849,PGCB_2025
6247,9,18,6,10224.7248,41.580548,PGCB_2025
6248,9,18,7,10354.126,42.106779,PGCB_2025
6249,9,18,8,10491.7382,42.666402,PGCB_2025
6250,9,18,9,10724.2499,43.61195,PGCB_2025
6251,9,18,10,10903.7501,44.341917,PGCB_2025
6252,9,18,11,11170.8337,45.428057,PGCB_2025
6253,9,18,12,11606.3644,47.199215,PGCB_2025
6254,9,18,13,11710.9048,47.624346,PGCB_2025
6255,9,18,14,11457.1376,46.59236,PGCB_2025
6256,9,18,15,11484.6741,46.704341,PGCB_2025
6257,9,18,16,11368.8788,46.23344,PGCB_2025
6258,9,18,17,11108.8482,45.175983,PGCB_2025
6259,9,18,18,11518.2723,46.840974,PGCB_2025
6260,9,18,19,12868.6121,52.332356,PGCB_2025
6261,9,18,20,12808.8372,52.089271,PGCB_2025
6262,9,18,21,12683.1817,51.578272,PGCB_2025
6263,9,18,22,12491.5054,50.798789,PGCB_2025
6264,9,18,23,12430.9761,50.552636,PGCB_2025
6265,9,19,0,12356.4021,50.249369,PGCB_2025
6266,9,19,1,11924.0295,48.491053,PGCB_2025
6267,9,19,2,11602.8116,47.184767,PGCB_2025
6268,9,19,3,11260.5751,45.793005,PGCB_2025
6269,9,19,4,10972.7448,44.622496,PGCB_2025
6270,9,19,5,10957.1826,44.559209,PGCB_2025
6271,9,19,6,10633.8769,43.244433,PGCB_2025
6272,9,19,7,10596.3487,43.091818,PGCB_2025
6273,9,19,8,10764.9712,43.77755,PGCB_2025
6274,9,19,9,11064.4687,44.995506,PGCB_2025
6275,9,19,10,11242.1619,45.718125,PGCB_2025
6276,9,19,11,11460.901,46.607664,PGCB_2025
6277,9,19,12,11847.0958,48.17819,PGCB_2025
6278,9,19,13,12179.6476,49.530567,PGCB_2025
6279,9,19,14,12115.5918,49.270073,PGCB_2025
6280,9,19,15,12210.0527,49.654214,PGCB_2025
6281,9,19,16,11919.8539,48.474073,PGCB_2025
6282,9,19,17,11736.5727,47.728729,PGCB_2025
6283,9,19,18,11332.2366,46.084429,PGCB_2025
6284,9,19,19,13071.1837,53.156147,PGCB_2025
6285,9,19,20,13510.0654,54.940933,PGCB_2025
6286,9,19,21,13260.5529,53.926248,PGCB_2025
6287,9,19,22,12983.846,52.800974,PGCB_2025
6288,9,19,23,12791.3626,52.018208,PGCB_2025
6289,9,20,0,12821.1273,52.139251,PGCB_2025
6290,9,20,1,12456.723,50.65734,PGCB_2025
6291,9,20,2,12063.3435,49.057597,PGCB_2025
6292,9,20,3,11834.0162,48.124999,PGCB_2025
6293,9,20,4,11508.4472,46.801019,PGCB_2025
6294,9,20,5,11319.464,46.032487,PGCB_2025
6295,9,20,6,10738.6804,43.670634,PGCB_2025
6296,9,20,7,10418.0327,42.366666,PGCB_2025
6297,9,20,8,10258.3931,41.717465,PGCB_2025
6298,9,20,9,10120.2458,41.155666,PGCB_2025
6299,9,20,10,10108.6224,41.108398,PGCB_2025
6300,9,20,11,10224.8914,41.581225,PGCB_2025
6301,9,20,12,10756.0146,43.741126,PGCB_2025
6302,9,20,13,11412.495,46.410813,PGCB_2025
6303,9,20,14,11070.8726,45.021549,PGCB_2025
6304,9,20,15,11114.2695,45.198029,PGCB_2025
6305,9,20,16,10792.7095,43.890352,PGCB_2025
6306,9,20,17,10418.331,42.367879,PGCB_2025
6307,9,20,18,10707.5473,43.544026,PGCB_2025
6308,9,20,19,12501.2428,50.838387,PGCB_2025
6309,9,20,20,12667.1897,51.513238,PGCB_2025
6310,9,20,21,12685.6292,51.588225,PGCB_2025
6311,9,20,22,12676.5674,51.551374,PGCB_2025
6312,9,20,23,12764.5893,51.90933,PGCB_2025
6313,9,21,0,12809.8548,52.09341,PGCB_2025
6314,9,21,1,12385.1843,50.366416,PGCB_2025
6315,9,21,2,12068.3262,49.07786,PGCB_2025
6316,9,21,3,11708.3959,47.614143,PGCB_2025
6317,9,21,4,11432.1539,46.490759,PGCB_2025
6318,9,21,5,11254.952,45.770138,PGCB_2025
6319,9,21,6,10957.016,44.558532,PGCB_2025
6320,9,21,7,10924.9705,44.428213,PGCB_2025
6321,9,21,8,10530.3629,42.823476,PGCB_2025
6322,9,21,9,10394.4789,42.270881,PGCB_2025
6323,9,21,10,10349.3363,42.087301,PGCB_2025
6324,9,21,11,10647.0004,43.297802,PGCB_2025
6325,9,21,12,10982.0172,44.660203,PGCB_2025
6326,9,21,13,11371.6772,46.244821,PGCB_2025
6327,9,21,14,11671.7274,47.465025,PGCB_2025
6328,9,21,15,11732.8532,47.713603,PGCB_2025
6329,9,21,16,11554.8092,46.989557,PGCB_2025
6330,9,21,17,11415.9776,46.424976,PGCB_2025
6331,9,21,18,12272.8892,49.909749,PGCB_2025
6332,9,21,19,13746.2264,55.901321,PGCB_2025
6333,9,21,20,13773.0348,56.010342,PGCB_2025
6334,9,21,21,13807.7558,56.15154,PGCB_2025
6335,9,21,22,13804.6767,56.139019,PGCB_2025
6336,9,21,23,13755.7708,55.940135,PGCB_2025
6337,9,22,0,13624.8256,55.407624,PGCB_2025
6338,9,22,1,13278.2292,53.998132,PGCB_2025
6339,9,22,2,12822.4607,52.144674,PGCB_2025
6340,9,22,3,12356.9285,50.251509,PGCB_2025
6341,9,22,4,12207.4824,49.643762,PGCB_2025
6342,9,22,5,11927.9332,48.506928,PGCB_2025
6343,9,22,6,11517.3161,46.837085,PGCB_2025
6344,9,22,7,11471.9366,46.652542,PGCB_2025
6345,9,22,8,11562.6341,47.021379,PGCB_2025
6346,9,22,9,11653.4633,47.390751,PGCB_2025
6347,9,22,10,11733.941,47.718027,PGCB_2025
6348,9,22,11,11954.1538,48.613559,PGCB_2025
6349,9,22,12,12208.4561,49.647721,PGCB_2025
6350,9,22,13,12635.9162,51.386059,PGCB_2025
6351,9,22,14,12506.8746,50.86129,PGCB_2025
6352,9,22,15,12750.0009,51.850004,PGCB_2025
6353,9,22,16,12402.6676,50.437515,PGCB_2025
6354,9,22,17,12283.5564,49.953129,PGCB_2025
6355,9,22,18,12896.4732,52.445658,PGCB_2025
6356,9,22,19,14212.127,57.795983,PGCB_2025
6357,9,22,20,14080.638,57.261261,PGCB_2025
6358,9,22,21,13975.5274,56.833811,PGCB_2025
6359,9,22,22,13947.8945,56.721438,PGCB_2025
6360,9,22,23,13922.016,56.616198,PGCB_2025
6361,9,23,0,13730.0063,55.835359,PGCB_2025
6362,9,23,1,13001.4433,52.872536,PGCB_2025
6363,9,23,2,12237.8962,49.767445,PGCB_2025
6364,9,23,3,11623.3916,47.268459,PGCB_2025
6365,9,23,4,11097.4879,45.129784,PGCB_2025
6366,9,23,5,10806.6838,43.947181,PGCB_2025
6367,9,23,6,10396.1369,42.277623,PGCB_2025
6368,9,23,7,9586.9646,38.986989,PGCB_2025
6369,9,23,8,9316.4861,37.887043,PGCB_2025
6370,9,23,9,9966.896,40.532044,PGCB_2025
6371,9,23,10,10636.2016,43.253887,PGCB_2025
6372,9,23,11,10930.4094,44.450332,PGCB_2025
6373,9,23,12,11323.4818,46.048826,PGCB_2025
6374,9,23,13,11686.2544,47.524101,PGCB_2025
6375,9,23,14,11807.7605,48.018226,PGCB_2025
6376,9,23,15,11914.6431,48.452882,PGCB_2025
6377,9,23,16,11613.6016,47.228647,PGCB_2025
6378,9,23,17,11494.5781,46.744618,PGCB_2025
6379,9,23,18,12087.8097,49.157093,PGCB_2025
6380,9,23,19,13250.9998,53.887399,PGCB_2025
6381,9,23,20,13071.8855,53.159001,PGCB_2025
6382,9,23,21,12966.9942,52.732443,PGCB_2025
6383,9,23,22,12869.8139,52.337243,PGCB_2025
6384,9,23,23,12632.8722,51.37368,PGCB_2025
6385,9,24,0,12615.8976,51.30465,PGCB_2025
6386,9,24,1,12290.7234,49.982275,PGCB_2025
6387,9,24,2,12001.5159,48.806165,PGCB_2025
6388,9,24,3,11649.9894,47.376624,PGCB_2025
6389,9,24,4,11360.5099,46.199407,PGCB_2025
6390,9,24,5,11202.5985,45.557234,PGCB_2025
6391,9,24,6,10905.3818,44.348553,PGCB_2025
6392,9,24,7,10989.2106,44.689456,PGCB_2025
6393,9,24,8,10792.8674,43.890994,PGCB_2025
6394,9,24,9,11108.2429,45.173521,PGCB_2025
6395,9,24,10,11241.7145,45.716306,PGCB_2025
6396,9,24,11,11442.0228,46.530893,PGCB_2025
6397,9,24,12,11865.2459,48.252,PGCB_2025
6398,9,24,13,12190.385,49.574232,PGCB_2025
6399,9,24,14,12367.043,50.292642,PGCB_2025
6400,9,24,15,12546.8503,51.023858,PGCB_2025
6401,9,24,16,12350.4983,50.22536,PGCB_2025
6402,9,24,17,12108.6441,49.241819,PGCB_2025
6403,9,24,18,12676.4182,51.550767,PGCB_2025
6404,9,24,19,13904.9186,56.546669,PGCB_2025
6405,9,24,20,14009.38,56.971479,PGCB_2025
6406,9,24,21,14062.8388,57.188878,PGCB_2025
6407,9,24,22,13948.0962,56.722258,PGCB_2025
6408,9,24,23,13966.3428,56.796461,PGCB_2025
6409,9,25,0,13630.3609,55.430134,PGCB_2025
6410,9,25,1,13406.8585,54.521225,PGCB_2025
6411,9,25,2,12781.6253,51.97861,PGCB_2025
6412,9,25,3,12482.926,50.763899,PGCB_2025
6413,9,25,4,12106.1176,49.231545,PGCB_2025
6414,9,25,5,11956.3118,48.622335,PGCB_2025
6415,9,25,6,11510.1666,46.808011,PGCB_2025
6416,9,25,7,11494.6658,46.744974,PGCB_2025
6417,9,25,8,11388.0552,46.311424,PGCB_2025
6418,9,25,9,11442.5053,46.532855,PGCB_2025
6419,9,25,10,11625.2513,47.276022,PGCB_2025
6420,9,25,11,11888.6067,48.347001,PGCB_2025
6421,9,25,12,12249.2739,49.813714,PGCB_2025
6422,9,25,13,12570.6761,51.120749,PGCB_2025
6423,9,25,14,12881.3759,52.384262,PGCB_2025
6424,9,25,15,12924.8079,52.560885,PGCB_2025
6425,9,25,16,12880.9811,52.382656,PGCB_2025
6426,9,25,17,12599.5109,51.238011,PGCB_2025
6427,9,25,18,12764.4051,51.908581,PGCB_2025
6428,9,25,19,13684.6005,55.650709,PGCB_2025
6429,9,25,20,13816.2475,56.186073,PGCB_2025
6430,9,25,21,13947.9295,56.72158,PGCB_2025
6431,9,25,22,13948.4296,56.723614,PGCB_2025
6432,9,25,23,13991.9581,56.90063,PGCB_2025
6433,9,26,0,13880.777,56.448493,PGCB_2025
6434,9,26,1,13386.4803,54.438353,PGCB_2025
6435,9,26,2,13035.3486,53.010418,PGCB_2025
6436,9,26,3,12492.1633,50.801464,PGCB_2025
6437,9,26,4,12000.279,48.801135,PGCB_2025
6438,9,26,5,11710.1679,47.621349,PGCB_2025
6439,9,26,6,11333.9209,46.091278,PGCB_2025
6440,9,26,7,11316.9902,46.022427,PGCB_2025
6441,9,26,8,11292.5153,45.922896,PGCB_2025
6442,9,26,9,11624.5232,47.273061,PGCB_2025
6443,9,26,10,11581.8281,47.099434,PGCB_2025
6444,9,26,11,12171.0244,49.495499,PGCB_2025
6445,9,26,12,12652.61,51.453947,PGCB_2025
6446,9,26,13,12916.8952,52.528707,PGCB_2025
6447,9,26,14,12985.118,52.806147,PGCB_2025
6448,9,26,15,13204.2957,53.697469,PGCB_2025
6449,9,26,16,13073.9558,53.16742,PGCB_2025
6450,9,26,17,12766.0368,51.915216,PGCB_2025
6451,9,26,18,13114.3876,53.331843,PGCB_2025
6452,9,26,19,13860.5567,56.366264,PGCB_2025
6453,9,26,20,14193.5823,57.720568,PGCB_2025
6454,9,26,21,14228.9437,57.864371,PGCB_2025
6455,9,26,22,14176.52,57.651181,PGCB_2025
6456,9,26,23,14159.0016,57.57994,PGCB_2025
6457,9,27,0,14123.5436,57.435744,PGCB_2025
6458,9,27,1,13816.3264,56.186394,PGCB_2025
6459,9,27,2,13334.1443,54.22552,PGCB_2025
6460,9,27,3,13053.3582,53.083657,PGCB_2025
6461,9,27,4,12685.0152,51.585728,PGCB_2025
6462,9,27,5,12061.6329,49.05064,PGCB_2025
6463,9,27,6,11880.194,48.312789,PGCB_2025
6464,9,27,7,11338.0351,46.108009,PGCB_2025
6465,9,27,8,11039.2657,44.893014,PGCB_2025
6466,9,27,9,10661.6239,43.357271,PGCB_2025
6467,9,27,10,10774.6208,43.816791,PGCB_2025
6468,9,27,11,10871.3011,44.209958,PGCB_2025
6469,9,27,12,11388.6517,46.31385,PGCB_2025
6470,9,27,13,11976.7602,48.705491,PGCB_2025
6471,9,27,14,11574.6084,47.070074,PGCB_2025
6472,9,27,15,11556.1689,46.995087,PGCB_2025
6473,9,27,16,11296.5418,45.93927,PGCB_2025
6474,9,27,17,10814.4825,43.978896,PGCB_2025
6475,9,27,18,11229.67,45.667325,PGCB_2025
6476,9,27,19,12843.1635,52.228865,PGCB_2025
6477,9,27,20,13062.3675,53.120295,PGCB_2025
6478,9,27,21,13264.0794,53.94059,PGCB_2025
6479,9,27,22,13439.8426,54.65536,PGCB_2025
6480,9,27,23,13553.3834,55.117092,PGCB_2025
6481,9,28,0,13526.8645,55.009249,PGCB_2025
6482,9,28,1,13106.2381,53.298702,PGCB_2025
6483,9,28,2,12675.1989,51.545809,PGCB_2025
6484,9,28,3,12395.3602,50.407798,PGCB_2025
6485,9,28,4,11921.6522,48.481386,PGCB_2025
6486,9,28,5,11693.5706,47.553854,PGCB_2025
6487,9,28,6,11373.8352,46.253596,PGCB_2025
6488,9,28,7,11305.9458,45.977513,PGCB_2025
6489,9,28,8,11181.9922,45.473435,PGCB_2025
6490,9,28,9,11100.2074,45.140843,PGCB_2025
6491,9,28,10,11190.7646,45.509109,PGCB_2025
6492,9,28,11,11360.7117,46.200228,PGCB_2025
6493,9,28,12,11719.5982,47.659699,PGCB_2025
6494,9,28,13,12188.1744,49.565243,PGCB_2025
6495,9,28,14,12460.3635,50.672145,PGCB_2025
6496,9,28,15,12522.0333,50.922935,PGCB_2025
6497,9,28,16,12407.7644,50.458242,PGCB_2025
6498,9,28,17,12021.4379,48.887181,PGCB_2025
6499,9,28,18,12676.7691,51.552194,PGCB_2025
6500,9,28,19,13948.2454,56.722865,PGCB_2025
6501,9,28,20,14053.3384,57.150243,PGCB_2025
6502,9,28,21,14115.9292,57.404779,PGCB_2025
6503,9,28,22,14053.8998,57.152526,PGCB_2025
6504,9,28,23,14020.1262,57.01518,PGCB_2025
6505,9,29,0,13896.0497,56.510602,PGCB_2025
6506,9,29,1,13439.8952,54.655574,PGCB_2025
6507,9,29,2,13071.8679,53.158929,PGCB_2025
6508,9,29,3,12650.2941,51.444529,PGCB_2025
6509,9,29,4,12342.84,50.194216,PGCB_2025
6510,9,29,5,12009.3671,48.838093,PGCB_2025
6511,9,29,6,11658.56,47.411477,PGCB_2025
6512,9,29,7,11584.1528,47.108888,PGCB_2025
6513,9,29,8,11381.7829,46.285917,PGCB_2025
6514,9,29,9,11547.9492,46.96166,PGCB_2025
6515,9,29,10,11845.0255,48.16977,PGCB_2025
6516,9,29,11,12048.141,48.995773,PGCB_2025
6517,9,29,12,12356.0776,50.248049,PGCB_2025
6518,9,29,13,12679.5061,51.563325,PGCB_2025
6519,9,29,14,12700.9721,51.65062,PGCB_2025
6520,9,29,15,12696.0859,51.630749,PGCB_2025
6521,9,29,16,12556.9736,51.065026,PGCB_2025
6522,9,29,17,12273.898,49.913852,PGCB_2025
6523,9,29,18,13026.4095,52.974065,PGCB_2025
6524,9,29,19,13508.4513,54.934369,PGCB_2025
6525,9,29,20,13992.1598,56.90145,PGCB_2025
6526,9,29,21,13991.9142,56.900451,PGCB_2025
6527,9,29,22,14079.8748,57.258158,PGCB_2025
6528,9,29,23,13991.7037,56.899595,PGCB_2025
6529,9,30,0,13860.9953,56.368048,PGCB_2025
6530,9,30,1,13595.9732,55.290291,PGCB_2025
6531,9,30,2,13202.5763,53.690477,PGCB_2025
6532,9,30,3,12746.8779,51.837303,PGCB_2025
6533,9,30,4,12456.6265,50.656948,PGCB_2025
6534,9,30,5,12220.7199,49.697594,PGCB_2025
6535,9,30,6,11789.7333,47.944915,PGCB_2025
6536,9,30,7,11740.4676,47.744568,PGCB_2025
6537,9,30,8,11642.4978,47.346158,PGCB_2025
6538,9,30,9,11881.7642,48.319174,PGCB_2025
6539,9,30,10,12152.9796,49.422117,PGCB_2025
6540,9,30,11,12301.6538,50.026725,PGCB_2025
6541,9,30,12,12769.6861,51.930057,PGCB_2025
6542,9,30,13,12864.1557,52.314233,PGCB_2025
6543,9,30,14,12959.8623,52.70344,PGCB_2025
6544,9,30,15,13230.8759,53.805562,PGCB_2025
6545,9,30,16,13109.0979,53.310331,PGCB_2025
6546,9,30,17,12853.3306,52.270211,PGCB_2025
6547,9,30,18,13158.8723,53.512747,PGCB_2025
6548,9,30,19,13729.0764,55.831577,PGCB_2025
6549,9,30,20,14123.8331,57.436921,PGCB_2025
6550,9,30,21,14080.1906,57.259442,PGCB_2025
6551,9,30,22,14123.9823,57.437528,PGCB_2025
6552,9,30,23,14079.2607,57.25566,PGCB_2025
6553,10,1,0,13948.0699,56.722151,PGCB_2025
6554,10,1,1,13684.3724,55.649781,PGCB_2025
6555,10,1,2,13377.2079,54.400645,PGCB_2025
6556,10,1,3,13158.3109,53.510464,PGCB_2025
6557,10,1,4,12764.1068,51.907368,PGCB_2025
6558,10,1,5,12589.291,51.19645,PGCB_2025
6559,10,1,6,12177.3405,49.521185,PGCB_2025
6560,10,1,7,11978.3919,48.712127,PGCB_2025
6561,10,1,8,12020.5607,48.883614,PGCB_2025
6562,10,1,9,12285.1003,49.959408,PGCB_2025
6563,10,1,10,12503.199,50.846343,PGCB_2025
6564,10,1,11,12873.4895,52.352191,PGCB_2025
6565,10,1,12,13248.7189,53.878124,PGCB_2025
6566,10,1,13,13336.6707,54.235794,PGCB_2025
6567,10,1,14,13223.7265,53.776488,PGCB_2025
6568,10,1,15,13162.3286,53.526803,PGCB_2025
6569,10,1,16,12968.3891,52.738116,PGCB_2025
6570,10,1,17,12607.8271,51.27183,PGCB_2025
6571,10,1,18,13138.4766,53.429805,PGCB_2025
6572,10,1,19,13712.9879,55.766151,PGCB_2025
6573,10,1,20,13835.0467,56.262523,PGCB_2025
6574,10,1,21,13686.2234,55.657308,PGCB_2025
6575,10,1,22,13816.8001,56.18832,PGCB_2025
6576,10,1,23,13816.5984,56.1875,PGCB_2025
6577,10,2,0,13672.5999,55.601906,PGCB_2025
6578,10,2,1,13333.7495,54.223915,PGCB_2025
6579,10,2,2,11825.2526,48.089361,PGCB_2025
6580,10,2,3,10512.1339,42.749345,PGCB_2025
6581,10,2,4,10284.0084,41.821634,PGCB_2025
6582,10,2,5,9577.815,38.949781,PGCB_2025
6583,10,2,6,9138.214,37.16207,PGCB_2025
6584,10,2,7,8814.803,35.846866,PGCB_2025
6585,10,2,8,8782.1434,35.71405,PGCB_2025
6586,10,2,9,9139.2842,37.166422,PGCB_2025
6587,10,2,10,9465.0374,38.491152,PGCB_2025
6588,10,2,11,9815.4586,39.916198,PGCB_2025
6589,10,2,12,10507.7565,42.731543,PGCB_2025
6590,10,2,13,10836.2994,44.067618,PGCB_2025
6591,10,2,14,10992.8862,44.704404,PGCB_2025
6592,10,2,15,10998.018,44.725273,PGCB_2025
6593,10,2,16,10770.1381,43.798562,PGCB_2025
6594,10,2,17,10658.3343,43.343893,PGCB_2025
6595,10,2,18,11509.5262,46.805407,PGCB_2025
6596,10,2,19,12382.3771,50.355,PGCB_2025
6597,10,2,20,12265.7046,49.880532,PGCB_2025
6598,10,2,21,12259.5902,49.855667,PGCB_2025
6599,10,2,22,12128.7503,49.323585,PGCB_2025
6600,10,2,23,12137.5139,49.359223,PGCB_2025
6601,10,3,0,12060.5013,49.046039,PGCB_2025
6602,10,3,1,11608.9961,47.209917,PGCB_2025
6603,10,3,2,11252.715,45.761041,PGCB_2025
6604,10,3,3,10906.3818,44.352619,PGCB_2025
6605,10,3,4,10507.3969,42.730081,PGCB_2025
6606,10,3,5,10310.0624,41.927587,PGCB_2025
6607,10,3,6,9923.2622,40.3546,PGCB_2025
6608,10,3,7,9704.953,39.466809,PGCB_2025
6609,10,3,8,9676.5831,39.351438,PGCB_2025
6610,10,3,9,9682.7764,39.376624,PGCB_2025
6611,10,3,10,9641.9937,39.210774,PGCB_2025
6612,10,3,11,9690.1716,39.406698,PGCB_2025
6613,10,3,12,9961.808,40.511353,PGCB_2025
6614,10,3,13,10117.8685,41.145999,PGCB_2025
6615,10,3,14,9923.7008,40.356383,PGCB_2025
6616,10,3,15,9857.5308,40.087292,PGCB_2025
6617,10,3,16,9569.6129,38.916426,PGCB_2025
6618,10,3,17,9628.3965,39.155479,PGCB_2025
6619,10,3,18,10704.0471,43.529792,PGCB_2025
6620,10,3,19,11328.6399,46.069802,PGCB_2025
6621,10,3,20,11281.5323,45.878231,PGCB_2025
6622,10,3,21,11304.9545,45.973482,PGCB_2025
6623,10,3,22,11316.8849,46.021999,PGCB_2025
6624,10,3,23,11272.7248,45.842414,PGCB_2025
6625,10,4,0,11204.0723,45.563227,PGCB_2025
6626,10,4,1,10857.9145,44.155519,PGCB_2025
6627,10,4,2,10471.3073,42.583316,PGCB_2025
6628,10,4,3,10166.4938,41.343741,PGCB_2025
6629,10,4,4,9860.5047,40.099386,PGCB_2025
6630,10,4,5,9633.6424,39.176812,PGCB_2025
6631,10,4,6,9168.8646,37.286716,PGCB_2025
6632,10,4,7,8923.1242,36.287372,PGCB_2025
6633,10,4,8,8793.6177,35.760712,PGCB_2025
6634,10,4,9,8625.8987,35.078655,PGCB_2025
6635,10,4,10,8669.8922,35.257562,PGCB_2025
6636,10,4,11,8772.5114,35.67488,PGCB_2025
6637,10,4,12,9496.0214,38.617154,PGCB_2025
6638,10,4,13,10253.4543,41.697381,PGCB_2025
6639,10,4,14,9706.2952,39.472267,PGCB_2025
6640,10,4,15,9277.5543,37.728721,PGCB_2025
6641,10,4,16,8846.9888,35.977754,PGCB_2025
6642,10,4,17,8978.3726,36.512049,PGCB_2025
6643,10,4,18,10223.3212,41.57484,PGCB_2025
6644,10,4,19,11104.2427,45.157254,PGCB_2025
6645,10,4,20,11184.3344,45.48296,PGCB_2025
6646,10,4,21,11286.5764,45.898744,PGCB_2025
6647,10,4,22,11357.8344,46.188527,PGCB_2025
6648,10,4,23,11438.5402,46.51673,PGCB_2025
6649,10,5,0,11360.6064,46.199799,PGCB_2025
6650,10,5,1,11118.182,45.21394,PGCB_2025
6651,10,5,2,10817.3861,43.990703,PGCB_2025
6652,10,5,3,10406.076,42.318042,PGCB_2025
6653,10,5,4,10181.4068,41.404388,PGCB_2025
6654,10,5,5,10030.9255,40.79243,PGCB_2025
6655,10,5,6,9772.6494,39.742108,PGCB_2025
6656,10,5,7,9848.39,40.050119,PGCB_2025
6657,10,5,8,9871.5754,40.144407,PGCB_2025
6658,10,5,9,10109.0347,41.110074,PGCB_2025
6659,10,5,10,10289.1578,41.842575,PGCB_2025
6660,10,5,11,10560.8732,42.947551,PGCB_2025
6661,10,5,12,11127.2877,45.25097,PGCB_2025
6662,10,5,13,11313.9813,46.010191,PGCB_2025
6663,10,5,14,11008.6501,44.76851,PGCB_2025
6664,10,5,15,10900.2412,44.327648,PGCB_2025
6665,10,5,16,10756.8568,43.744551,PGCB_2025
6666,10,5,17,10548.627,42.89775,PGCB_2025
6667,10,5,18,11886.1241,48.336905,PGCB_2025
6668,10,5,19,12419.9229,50.507686,PGCB_2025
6669,10,5,20,12377.5523,50.335379,PGCB_2025
6670,10,5,21,12350.5773,50.225681,PGCB_2025
6671,10,5,22,12316.444,50.086872,PGCB_2025
6672,10,5,23,12315.3738,50.08252,PGCB_2025
6673,10,6,0,12276.5034,49.924447,PGCB_2025
6674,10,6,1,11901.7214,48.400334,PGCB_2025
6675,10,6,2,11458.5061,46.597925,PGCB_2025
6676,10,6,3,11102.111,45.148585,PGCB_2025
6677,10,6,4,10884.0737,44.2619,PGCB_2025
6678,10,6,5,10638.8245,43.264553,PGCB_2025
6679,10,6,6,10186.8457,41.426506,PGCB_2025
6680,10,6,7,10155.4669,41.298899,PGCB_2025
6681,10,6,8,10194.3899,41.457186,PGCB_2025
6682,10,6,9,10240.1992,41.643477,PGCB_2025
6683,10,6,10,10230.111,41.602451,PGCB_2025
6684,10,6,11,10406.8129,42.321039,PGCB_2025
6685,10,6,12,10937.0413,44.477301,PGCB_2025
6686,10,6,13,11307.095,45.982186,PGCB_2025
6687,10,6,14,11436.4524,46.50824,PGCB_2025
6688,10,6,15,11199.7738,45.545747,PGCB_2025
6689,10,6,16,10772.6558,43.8088,PGCB_2025
6690,10,6,17,10689.2832,43.469752,PGCB_2025
6691,10,6,18,11541.4576,46.935261,PGCB_2025
6692,10,6,19,11254.7766,45.769425,PGCB_2025
6693,10,6,20,11305.6563,45.976336,PGCB_2025
6694,10,6,21,11262.312,45.800069,PGCB_2025
6695,10,6,22,11347.9742,46.148428,PGCB_2025
6696,10,6,23,11401.9331,46.367861,PGCB_2025
6697,10,7,0,11370.7736,46.241146,PGCB_2025
6698,10,7,1,11035.5024,44.87771,PGCB_2025
6699,10,7,2,10693.143,43.485448,PGCB_2025
6700,10,7,3,10295.3687,41.867833,PGCB_2025
6701,10,7,4,10079.0858,40.988282,PGCB_2025
6702,10,7,5,9813.6953,39.909028,PGCB_2025
6703,10,7,6,9614.9397,39.100755,PGCB_2025
6704,10,7,7,9826.31,39.960327,PGCB_2025
6705,10,7,8,9974.2385,40.561903,PGCB_2025
6706,10,7,9,10135.694,41.218489,PGCB_2025
6707,10,7,10,10330.7038,42.011529,PGCB_2025
6708,10,7,11,10591.1642,43.070734,PGCB_2025
6709,10,7,12,11171.6847,45.431518,PGCB_2025
6710,10,7,13,11384.1603,46.295585,PGCB_2025
6711,10,7,14,11346.6145,46.142899,PGCB_2025
6712,10,7,15,11340.7019,46.118854,PGCB_2025
6713,10,7,16,11127.8754,45.25336,PGCB_2025
6714,10,7,17,11095.3563,45.121116,PGCB_2025
6715,10,7,18,12044.2022,48.979756,PGCB_2025
6716,10,7,19,12647.7589,51.43422,PGCB_2025
6717,10,7,20,12371.4292,50.310479,PGCB_2025
6718,10,7,21,12385.8773,50.369234,PGCB_2025
6719,10,7,22,12259.6517,49.855917,PGCB_2025
6720,10,7,23,12070.2386,49.085637,PGCB_2025
6721,10,8,0,11965.8123,48.66097,PGCB_2025
6722,10,8,1,11518.5442,46.84208,PGCB_2025
6723,10,8,2,10993.8599,44.708364,PGCB_2025
6724,10,8,3,10758.3919,43.750794,PGCB_2025
6725,10,8,4,10397.3826,42.282689,PGCB_2025
6726,10,8,5,10265.3935,41.745934,PGCB_2025
6727,10,8,6,9981.3441,40.590799,PGCB_2025
6728,10,8,7,10166.5902,41.344133,PGCB_2025
6729,10,8,8,10257.4106,41.71347,PGCB_2025
6730,10,8,9,10301.29,41.891913,PGCB_2025
6731,10,8,10,10585.085,43.046012,PGCB_2025
6732,10,8,11,10921.4089,44.41373,PGCB_2025
6733,10,8,12,11226.6348,45.654982,PGCB_2025
6734,10,8,13,11360.931,46.201119,PGCB_2025
6735,10,8,14,11206.0724,45.571361,PGCB_2025
6736,10,8,15,11222.2749,45.637251,PGCB_2025
6737,10,8,16,10946.4979,44.515758,PGCB_2025
6738,10,8,17,10841.3084,44.087987,PGCB_2025
6739,10,8,18,12138.9175,49.364931,PGCB_2025
6740,10,8,19,12694.6297,51.624827,PGCB_2025
6741,10,8,20,12472.2062,50.720305,PGCB_2025
6742,10,8,21,12314.7421,50.079951,PGCB_2025
6743,10,8,22,12144.6459,49.388227,PGCB_2025
6744,10,8,23,11982.7956,48.730035,PGCB_2025
6745,10,9,0,11906.0374,48.417885,PGCB_2025
6746,10,9,1,11415.8373,46.424405,PGCB_2025
6747,10,9,2,11029.853,44.854736,PGCB_2025
6748,10,9,3,10597.3751,43.095992,PGCB_2025
6749,10,9,4,10306.1324,41.911605,PGCB_2025
6750,10,9,5,10127.176,41.183849,PGCB_2025
6751,10,9,6,9957.8955,40.495442,PGCB_2025
6752,10,9,7,10103.9818,41.089526,PGCB_2025
6753,10,9,8,10164.327,41.33493,PGCB_2025
6754,10,9,9,10255.3491,41.705086,PGCB_2025
6755,10,9,10,10568.6894,42.979337,PGCB_2025
6756,10,9,11,10927.7864,44.439665,PGCB_2025
6757,10,9,12,11303.7088,45.968416,PGCB_2025
6758,10,9,13,11605.6539,47.196326,PGCB_2025
6759,10,9,14,11375.5984,46.260767,PGCB_2025
6760,10,9,15,11412.109,46.409243,PGCB_2025
6761,10,9,16,11306.6651,45.980438,PGCB_2025
6762,10,9,17,11182.6501,45.47611,PGCB_2025
6763,10,9,18,12099.5471,49.204825,PGCB_2025
6764,10,9,19,12984.4337,52.803364,PGCB_2025
6765,10,9,20,12839.3738,52.213453,PGCB_2025
6766,10,9,21,12825.3468,52.15641,PGCB_2025
6767,10,9,22,12738.0266,51.801308,PGCB_2025
6768,10,9,23,12614.9678,51.300869,PGCB_2025
6769,10,10,0,12158.6115,49.44502,PGCB_2025
6770,10,10,1,11895.6509,48.375647,PGCB_2025
6771,10,10,2,11239.1617,45.705924,PGCB_2025
6772,10,10,3,11028.6248,44.849741,PGCB_2025
6773,10,10,4,10662.817,43.362122,PGCB_2025
6774,10,10,5,10469.8248,42.577288,PGCB_2025
6775,10,10,6,9989.134,40.622478,PGCB_2025
6776,10,10,7,10273.1833,41.777612,PGCB_2025
6777,10,10,8,10370.2145,42.172206,PGCB_2025
6778,10,10,9,10439.1917,42.452713,PGCB_2025
6779,10,10,10,10708.328,43.547201,PGCB_2025
6780,10,10,11,10987.7807,44.683642,PGCB_2025
6781,10,10,12,11443.3738,46.536387,PGCB_2025
6782,10,10,13,11710.1591,47.621314,PGCB_2025
6783,10,10,14,11726.6512,47.688382,PGCB_2025
6784,10,10,15,11733.8796,47.717777,PGCB_2025
6785,10,10,16,11407.9246,46.392227,PGCB_2025
6786,10,10,17,11214.0464,45.603789,PGCB_2025
6787,10,10,18,12567.7373,51.108798,PGCB_2025
6788,10,10,19,12957.6341,52.694379,PGCB_2025
6789,10,10,20,12852.8043,52.268071,PGCB_2025
6790,10,10,21,12677.4709,51.555048,PGCB_2025
6791,10,10,22,12597.695,51.230626,PGCB_2025
6792,10,10,23,12401.5623,50.43302,PGCB_2025
6793,10,11,0,12397.1498,50.415076,PGCB_2025
6794,10,11,1,11971.3915,48.683659,PGCB_2025
6795,10,11,2,11545.6333,46.952242,PGCB_2025
6796,10,11,3,11078.7151,45.053441,PGCB_2025
6797,10,11,4,10816.658,43.987743,PGCB_2025
6798,10,11,5,10496.6332,42.686308,PGCB_2025
6799,10,11,6,9992.8973,40.637782,PGCB_2025
6800,10,11,7,9752.6133,39.660627,PGCB_2025
6801,10,11,8,9772.3511,39.740894,PGCB_2025
6802,10,11,9,9547.5328,38.826633,PGCB_2025
6803,10,11,10,9593.8334,39.014922,PGCB_2025
6804,10,11,11,9797.598,39.843565,PGCB_2025
6805,10,11,12,10379.6624,42.210627,PGCB_2025
6806,10,11,13,10874.9417,44.224763,PGCB_2025
6807,10,11,14,10034.6626,40.807628,PGCB_2025
6808,10,11,15,9756.438,39.676181,PGCB_2025
6809,10,11,16,9250.5354,37.618844,PGCB_2025
6810,10,11,17,9186.8743,37.359955,PGCB_2025
6811,10,11,18,10554.5133,42.921687,PGCB_2025
6812,10,11,19,11228.5121,45.662616,PGCB_2025
6813,10,11,20,11369.3174,46.235224,PGCB_2025
6814,10,11,21,11325.3327,46.056353,PGCB_2025
6815,10,11,22,11215.5553,45.609925,PGCB_2025
6816,10,11,23,11202.9757,45.558768,PGCB_2025
6817,10,12,0,11077.3203,45.047769,PGCB_2025
6818,10,12,1,10841.5365,44.088915,PGCB_2025
6819,10,12,2,10401.9266,42.301168,PGCB_2025
6820,10,12,3,10035.2152,40.809875,PGCB_2025
6821,10,12,4,9822.8186,39.946129,PGCB_2025
6822,10,12,5,9557.6824,38.867908,PGCB_2025
6823,10,12,6,9418.3245,38.301186,PGCB_2025
6824,10,12,7,9516.7856,38.701595,PGCB_2025
6825,10,12,8,9414.1664,38.284277,PGCB_2025
6826,10,12,9,9408.7451,38.26223,PGCB_2025
6827,10,12,10,9469.6605,38.509953,PGCB_2025
6828,10,12,11,9758.6662,39.685243,PGCB_2025
6829,10,12,12,10337.283,42.038284,PGCB_2025
6830,10,12,13,10487.0625,42.647388,PGCB_2025
6831,10,12,14,10335.5373,42.031185,PGCB_2025
6832,10,12,15,10370.3724,42.172848,PGCB_2025
6833,10,12,16,10288.1665,41.838544,PGCB_2025
6834,10,12,17,10336.0725,42.033362,PGCB_2025
6835,10,12,18,11645.9366,47.360142,PGCB_2025
6836,10,12,19,12413.9577,50.483428,PGCB_2025
6837,10,12,20,12203.1927,49.626317,PGCB_2025
6838,10,12,21,12012.5164,48.8509,PGCB_2025
6839,10,12,22,11910.9938,48.438041,PGCB_2025
6840,10,12,23,11847.7713,48.180937,PGCB_2025
6841,10,13,0,11543.9139,46.94525,PGCB_2025
6842,10,13,1,11130.6387,45.264597,PGCB_2025
6843,10,13,2,10595.1995,43.087145,PGCB_2025
6844,10,13,3,10284.412,41.823275,PGCB_2025
6845,10,13,4,9940.1403,40.423237,PGCB_2025
6846,10,13,5,9753.6747,39.664944,PGCB_2025
6847,10,13,6,9576.929,38.946178,PGCB_2025
6848,10,13,7,9796.5366,39.839249,PGCB_2025
6849,10,13,8,9970.7295,40.547633,PGCB_2025
6850,10,13,9,10055.339,40.891712,PGCB_2025
6851,10,13,10,10343.6956,42.064362,PGCB_2025
6852,10,13,11,10720.5216,43.596788,PGCB_2025
6853,10,13,12,11330.8506,46.078792,PGCB_2025
6854,10,13,13,11600.715,47.176241,PGCB_2025
6855,10,13,14,11702.2552,47.589171,PGCB_2025
6856,10,13,15,11764.4425,47.842066,PGCB_2025
6857,10,13,16,11614.8561,47.233748,PGCB_2025
6858,10,13,17,11305.9721,45.97762,PGCB_2025
6859,10,13,18,12193.5869,49.587253,PGCB_2025
6860,10,13,19,12439.2572,50.586313,PGCB_2025
6861,10,13,20,12527.0949,50.943519,PGCB_2025
6862,10,13,21,12387.2546,50.374835,PGCB_2025
6863,10,13,22,12369.7361,50.303593,PGCB_2025
6864,10,13,23,12238.8787,49.77144,PGCB_2025
6865,10,14,0,12050.7025,49.00619,PGCB_2025
6866,10,14,1,11625.5496,47.277235,PGCB_2025
6867,10,14,2,11186.0889,45.490095,PGCB_2025
6868,10,14,3,10676.4141,43.417417,PGCB_2025
6869,10,14,4,10326.3965,41.994012,PGCB_2025
6870,10,14,5,10157.581,41.307496,PGCB_2025
6871,10,14,6,9735.3054,39.590242,PGCB_2025
6872,10,14,7,9983.3442,40.598933,PGCB_2025
6873,10,14,8,10062.3394,40.92018,PGCB_2025
6874,10,14,9,10166.9499,41.345596,PGCB_2025
6875,10,14,10,10499.3614,42.697403,PGCB_2025
6876,10,14,11,10886.0299,44.269855,PGCB_2025
6877,10,14,12,11444.1633,46.539597,PGCB_2025
6878,10,14,13,11738.7307,47.737505,PGCB_2025
6879,10,14,14,11753.2314,47.796474,PGCB_2025
6880,10,14,15,11915.3536,48.455771,PGCB_2025
6881,10,14,16,11707.9046,47.612145,PGCB_2025
6882,10,14,17,11473.0507,46.657073,PGCB_2025
6883,10,14,18,12281.6791,49.945495,PGCB_2025
6884,10,14,19,12414.6595,50.486282,PGCB_2025
6885,10,14,20,12633.4248,51.375928,PGCB_2025
6886,10,14,21,12544.8941,51.015903,PGCB_2025
6887,10,14,22,12457.4335,50.66023,PGCB_2025
6888,10,14,23,12193.7361,49.58786,PGCB_2025
6889,10,15,0,12106.0825,49.231402,PGCB_2025
6890,10,15,1,11764.3636,47.841745,PGCB_2025
6891,10,15,2,11229.3893,45.666183,PGCB_2025
6892,10,15,3,10672.0279,43.39958,PGCB_2025
6893,10,15,4,10433.4195,42.429239,PGCB_2025
6894,10,15,5,10107.0873,41.102155,PGCB_2025
6895,10,15,6,9796.8874,39.840675,PGCB_2025
6896,10,15,7,10001.0468,40.670924,PGCB_2025
6897,10,15,8,10069.5854,40.949647,PGCB_2025
6898,10,15,9,10270.306,41.765911,PGCB_2025
6899,10,15,10,10595.7259,43.089285,PGCB_2025
6900,10,15,11,11160.7806,45.387174,PGCB_2025
6901,10,15,12,11575.0295,47.071787,PGCB_2025
6902,10,15,13,11916.3011,48.459624,PGCB_2025
6903,10,15,14,12023.1924,48.894316,PGCB_2025
6904,10,15,15,12053.3957,49.017143,PGCB_2025
6905,10,15,16,11803.4533,48.00071,PGCB_2025
6906,10,15,17,11696.5356,47.565911,PGCB_2025
6907,10,15,18,12282.9511,49.950668,PGCB_2025
6908,10,15,19,12519.9981,50.914659,PGCB_2025
6909,10,15,20,12440.266,50.590415,PGCB_2025
6910,10,15,21,12369.7888,50.303808,PGCB_2025
6911,10,15,22,12318.4265,50.094934,PGCB_2025
6912,10,15,23,12176.9282,49.519508,PGCB_2025
6913,10,16,0,12071.0018,49.088741,PGCB_2025
6914,10,16,1,11756.0912,47.808104,PGCB_2025
6915,10,16,2,11510.2455,46.808332,PGCB_2025
6916,10,16,3,10860.2918,44.165187,PGCB_2025
6917,10,16,4,10607.2001,43.135947,PGCB_2025
6918,10,16,5,10237.0675,41.630741,PGCB_2025
6919,10,16,6,10070.9012,40.954998,PGCB_2025
6920,10,16,7,10392.1016,42.261213,PGCB_2025
6921,10,16,8,10432.9019,42.427134,PGCB_2025
6922,10,16,9,10525.7048,42.804533,PGCB_2025
6923,10,16,10,10795.6394,43.902267,PGCB_2025
6924,10,16,11,11393.2747,46.33265,PGCB_2025
6925,10,16,12,11530.9571,46.892559,PGCB_2025
6926,10,16,13,11863.2282,48.243795,PGCB_2025
6927,10,16,14,11888.9488,48.348392,PGCB_2025
6928,10,16,15,11917.0906,48.462835,PGCB_2025
6929,10,16,16,11801.2514,47.991756,PGCB_2025
6930,10,16,17,11668.2798,47.451005,PGCB_2025
6931,10,16,18,12284.1792,49.955662,PGCB_2025
6932,10,16,19,12517.7874,50.905669,PGCB_2025
6933,10,16,20,12462.9601,50.682704,PGCB_2025
6934,10,16,21,12435.5377,50.571187,PGCB_2025
6935,10,16,22,12325.5058,50.123724,PGCB_2025
6936,10,16,23,12149.8303,49.40931,PGCB_2025
6937,10,17,0,12062.7909,49.05535,PGCB_2025
6938,10,17,1,11624.4618,47.272811,PGCB_2025
6939,10,17,2,11536.3872,46.914641,PGCB_2025
6940,10,17,3,11221.2661,45.633149,PGCB_2025
6941,10,17,4,10854.3441,44.140999,PGCB_2025
6942,10,17,5,10449.2624,42.493667,PGCB_2025
6943,10,17,6,10335.7654,42.032113,PGCB_2025
6944,10,17,7,10779.2702,43.835699,PGCB_2025
6945,10,17,8,10672.5982,43.401899,PGCB_2025
6946,10,17,9,10662.4924,43.360802,PGCB_2025
6947,10,17,10,11127.8491,45.253253,PGCB_2025
6948,10,17,11,11540.3172,46.930623,PGCB_2025
6949,10,17,12,11891.0454,48.356918,PGCB_2025
6950,10,17,13,12198.5082,49.607267,PGCB_2025
6951,10,17,14,12110.6617,49.250024,PGCB_2025
6952,10,17,15,12108.6616,49.241891,PGCB_2025
6953,10,17,16,11978.0849,48.710879,PGCB_2025
6954,10,17,17,11800.9444,47.990507,PGCB_2025
6955,10,17,18,12544.6835,51.015046,PGCB_2025
6956,10,17,19,12633.8722,51.377747,PGCB_2025
6957,10,17,20,12895.9644,52.443589,PGCB_2025
6958,10,17,21,12808.3459,52.087273,PGCB_2025
6959,10,17,22,12720.9468,51.73185,PGCB_2025
6960,10,17,23,12655.3821,51.465221,PGCB_2025
6961,10,18,0,12501.2691,50.838494,PGCB_2025
6962,10,18,1,12119.2235,49.284842,PGCB_2025
6963,10,18,2,11773.0833,47.877205,PGCB_2025
6964,10,18,3,11184.4572,45.483459,PGCB_2025
6965,10,18,4,10957.6125,44.560958,PGCB_2025
6966,10,18,5,10611.7179,43.154319,PGCB_2025
6967,10,18,6,10418.3836,42.368093,PGCB_2025
6968,10,18,7,10222.7685,41.572592,PGCB_2025
6969,10,18,8,10158.6688,41.31192,PGCB_2025
6970,10,18,9,9934.3856,40.399835,PGCB_2025
6971,10,18,10,9969.4137,40.542282,PGCB_2025
6972,10,18,11,10374.4253,42.18933,PGCB_2025
6973,10,18,12,11033.8795,44.87111,PGCB_2025
6974,10,18,13,11402.6436,46.370751,PGCB_2025
6975,10,18,14,10919.672,44.406666,PGCB_2025
6976,10,18,15,10986.1578,44.677042,PGCB_2025
6977,10,18,16,10603.8754,43.122427,PGCB_2025
6978,10,18,17,10319.3523,41.965366,PGCB_2025
6979,10,18,18,11776.5747,47.891404,PGCB_2025
6980,10,18,19,12465.9515,50.694869,PGCB_2025
6981,10,18,20,12413.1243,50.480039,PGCB_2025
6982,10,18,21,12014.5165,48.859034,PGCB_2025
6983,10,18,22,12544.7537,51.015332,PGCB_2025
6984,10,18,23,12518.4892,50.908523,PGCB_2025
6985,10,19,0,12579.5274,51.156745,PGCB_2025
6986,10,19,1,11974.2864,48.695431,PGCB_2025
6987,10,19,2,11533.0362,46.901014,PGCB_2025
6988,10,19,3,11137.4022,45.292102,PGCB_2025
6989,10,19,4,10587.3746,43.055323,PGCB_2025
6990,10,19,5,10443.5077,42.470265,PGCB_2025
6991,10,19,6,10171.5905,41.364468,PGCB_2025
6992,10,19,7,10084.6914,41.011078,PGCB_2025
6993,10,19,8,10205.0746,41.500637,PGCB_2025
6994,10,19,9,10196.9427,41.467567,PGCB_2025
6995,10,19,10,10034.1187,40.805416,PGCB_2025
6996,10,19,11,10391.3735,42.258252,PGCB_2025
6997,10,19,12,10819.5441,43.999479,PGCB_2025
6998,10,19,13,11434.1891,46.499036,PGCB_2025
6999,10,19,14,11627.3128,47.284405,PGCB_2025
7000,10,19,15,11846.4642,48.175621,PGCB_2025
7001,10,19,16,11583.6703,47.106926,PGCB_2025
7002,10,19,17,11387.0025,46.307144,PGCB_2025
7003,10,19,18,12720.0959,51.72839,PGCB_2025
7004,10,19,19,13072.1574,53.160107,PGCB_2025
7005,10,19,20,13291.0018,54.050074,PGCB_2025
7006,10,19,21,13378.2255,54.404784,PGCB_2025
7007,10,19,22,13246.9908,53.871096,PGCB_2025
7008,10,19,23,13070.3679,53.152829,PGCB_2025
7009,10,20,0,13053.2442,53.083193,PGCB_2025
7010,10,20,1,12500.769,50.836461,PGCB_2025
7011,10,20,2,12193.4553,49.586718,PGCB_2025
7012,10,20,3,11848.8415,48.185289,PGCB_2025
7013,10,20,4,11439.1718,46.519299,PGCB_2025
7014,10,20,5,11049.6785,44.935359,PGCB_2025
7015,10,20,6,10763.7606,43.772626,PGCB_2025
7016,10,20,7,10809.3068,43.957848,PGCB_2025
7017,10,20,8,11021.1332,44.819275,PGCB_2025
7018,10,20,9,11090.8736,45.102886,PGCB_2025
7019,10,20,10,11244.276,45.726722,PGCB_2025
7020,10,20,11,11605.5574,47.195933,PGCB_2025
7021,10,20,12,11908.634,48.428445,PGCB_2025
7022,10,20,13,12002.5335,48.810303,PGCB_2025
7023,10,20,14,11934.1441,48.532186,PGCB_2025
7024,10,20,15,11924.0558,48.49116,PGCB_2025
7025,10,20,16,11872.6673,48.28218,PGCB_2025
7026,10,20,17,11740.3273,47.743998,PGCB_2025
7027,10,20,18,12763.1507,51.90348,PGCB_2025
7028,10,20,19,13027.2955,52.977668,PGCB_2025
7029,10,20,20,13070.3942,53.152936,PGCB_2025
7030,10,20,21,12983.267,52.798619,PGCB_2025
7031,10,20,22,12895.5433,52.441876,PGCB_2025
7032,10,20,23,12763.8261,51.906226,PGCB_2025
7033,10,21,0,12675.9094,51.548698,PGCB_2025
7034,10,21,1,12368.9817,50.300526,PGCB_2025
7035,10,21,2,12236.6154,49.762236,PGCB_2025
7036,10,21,3,11869.0267,48.267375,PGCB_2025
7037,10,21,4,11457.0762,46.59211,PGCB_2025
7038,10,21,5,10974.6397,44.630201,PGCB_2025
7039,10,21,6,10702.7049,43.524333,PGCB_2025
7040,10,21,7,10865.3886,44.185914,PGCB_2025
7041,10,21,8,10802.2889,43.929308,PGCB_2025
7042,10,21,9,10924.8301,44.427642,PGCB_2025
7043,10,21,10,11363.6154,46.212036,PGCB_2025
7044,10,21,11,11697.176,47.568516,PGCB_2025
7045,10,21,12,12152.4445,49.419941,PGCB_2025
7046,10,21,13,12336.6994,50.169244,PGCB_2025
7047,10,21,14,12336.831,50.169779,PGCB_2025
7048,10,21,15,12292.2936,49.988661,PGCB_2025
7049,10,21,16,12195.9379,49.596814,PGCB_2025
7050,10,21,17,11974.8479,48.697715,PGCB_2025
7051,10,21,18,12807.1002,52.082207,PGCB_2025
7052,10,21,19,13070.2714,53.152437,PGCB_2025
7053,10,21,20,13176.4171,53.584096,PGCB_2025
7054,10,21,21,13115.9316,53.338122,PGCB_2025
7055,10,21,22,13028.55,52.98277,PGCB_2025
7056,10,21,23,12939.4402,52.62039,PGCB_2025
7057,10,22,0,12860.7082,52.300213,PGCB_2025
7058,10,22,1,12580.1941,51.159456,PGCB_2025
7059,10,22,2,12281.3019,49.943961,PGCB_2025
7060,10,22,3,11667.578,47.448151,PGCB_2025
7061,10,22,4,11360.7556,46.200406,PGCB_2025
7062,10,22,5,10966.5428,44.597274,PGCB_2025
7063,10,22,6,10712.144,43.562719,PGCB_2025
7064,10,22,7,10824.2286,44.01853,PGCB_2025
7065,10,22,8,10959.8758,44.570162,PGCB_2025
7066,10,22,9,11055.3016,44.958227,PGCB_2025
7067,10,22,10,11169.5003,45.422635,PGCB_2025
7068,10,22,11,11485.5338,46.707837,PGCB_2025
7069,10,22,12,12108.4686,49.241106,PGCB_2025
7070,10,22,13,12353.6213,50.23806,PGCB_2025
7071,10,22,14,12327.2691,50.130894,PGCB_2025
7072,10,22,15,12328.7078,50.136745,PGCB_2025
7073,10,22,16,12198.1486,49.605804,PGCB_2025
7074,10,22,17,11976.8304,48.705777,PGCB_2025
7075,10,22,18,13035.5591,53.011274,PGCB_2025
7076,10,22,19,13756.0164,55.941133,PGCB_2025
7077,10,22,20,13572.2177,55.193685,PGCB_2025
7078,10,22,21,13457.3961,54.726744,PGCB_2025
7079,10,22,22,13342.5658,54.259768,PGCB_2025
7080,10,22,23,13019.0407,52.944099,PGCB_2025
7081,10,23,0,12939.7385,52.621603,PGCB_2025
7082,10,23,1,12369.0431,50.300775,PGCB_2025
7083,10,23,2,11938.3197,48.549167,PGCB_2025
7084,10,23,3,11561.985,47.018739,PGCB_2025
7085,10,23,4,11193.5454,45.520418,PGCB_2025
7086,10,23,5,11079.5046,45.056652,PGCB_2025
7087,10,23,6,10843.2383,44.095836,PGCB_2025
7088,10,23,7,11021.8789,44.822308,PGCB_2025
7089,10,23,8,10986.3595,44.677862,PGCB_2025
7090,10,23,9,11083.4434,45.07267,PGCB_2025
7091,10,23,10,11451.2163,46.56828,PGCB_2025
7092,10,23,11,11802.2164,47.99568,PGCB_2025
7093,10,23,12,12152.7603,49.421225,PGCB_2025
7094,10,23,13,12415.5893,50.490063,PGCB_2025
7095,10,23,14,12460.0565,50.670896,PGCB_2025
7096,10,23,15,12371.9029,50.312405,PGCB_2025
7097,10,23,16,12240.6595,49.778682,PGCB_2025
7098,10,23,17,12028.7102,48.916755,PGCB_2025
7099,10,23,18,13246.6662,53.869776,PGCB_2025
7100,10,23,19,13861.5129,56.370152,PGCB_2025
7101,10,23,20,13729.5677,55.833575,PGCB_2025
7102,10,23,21,13482.7746,54.82995,PGCB_2025
7103,10,23,22,13253.6402,53.898137,PGCB_2025
7104,10,23,23,13114.6947,53.333092,PGCB_2025
7105,10,24,0,12895.5959,52.44209,PGCB_2025
7106,10,24,1,12501.7165,50.840314,PGCB_2025
7107,10,24,2,12062.7558,49.055207,PGCB_2025
7108,10,24,3,11711.6153,47.627236,PGCB_2025
7109,10,24,4,11404.8718,46.379812,PGCB_2025
7110,10,24,5,11088.8208,45.094538,PGCB_2025
7111,10,24,6,10852.6949,44.134293,PGCB_2025
7112,10,24,7,11048.0732,44.928831,PGCB_2025
7113,10,24,8,11006.8869,44.76134,PGCB_2025
7114,10,24,9,11102.883,45.151724,PGCB_2025
7115,10,24,10,11320.5342,46.036839,PGCB_2025
7116,10,24,11,11845.9115,48.173373,PGCB_2025
7117,10,24,12,12154.4007,49.427896,PGCB_2025
7118,10,24,13,12417.0631,50.496057,PGCB_2025
7119,10,24,14,12231.0186,49.739476,PGCB_2025
7120,10,24,15,12327.7516,50.132857,PGCB_2025
7121,10,24,16,12153.12,49.422688,PGCB_2025
7122,10,24,17,11932.4773,48.525408,PGCB_2025
7123,10,24,18,13580.2444,55.226327,PGCB_2025
7124,10,24,19,13606.5615,55.33335,PGCB_2025
7125,10,24,20,13493.1347,54.872081,PGCB_2025
7126,10,24,21,13335.3198,54.230301,PGCB_2025
7127,10,24,22,13071.5697,53.157717,PGCB_2025
7128,10,24,23,12834.4613,52.193476,PGCB_2025
7129,10,25,0,12764.3174,51.908224,PGCB_2025
7130,10,25,1,12343.5682,50.197177,PGCB_2025
7131,10,25,2,11905.3268,48.414996,PGCB_2025
7132,10,25,3,11506.0611,46.791315,PGCB_2025
7133,10,25,4,11080.6011,45.061111,PGCB_2025
7134,10,25,5,10922.4265,44.417868,PGCB_2025
7135,10,25,6,10334.125,42.025442,PGCB_2025
7136,10,25,7,10154.537,41.295117,PGCB_2025
7137,10,25,8,10205.715,41.503241,PGCB_2025
7138,10,25,9,9871.207,40.142908,PGCB_2025
7139,10,25,10,9926.201,40.366551,PGCB_2025
7140,10,25,11,10332.1688,42.017486,PGCB_2025
7141,10,25,12,10812.8771,43.972367,PGCB_2025
7142,10,25,13,11397.5644,46.350095,PGCB_2025
7143,10,25,14,10810.1577,43.961308,PGCB_2025
7144,10,25,15,10878.1085,44.237641,PGCB_2025
7145,10,25,16,10463.4824,42.551495,PGCB_2025
7146,10,25,17,10066.2168,40.935948,PGCB_2025
7147,10,25,18,12053.0009,49.015537,PGCB_2025
7148,10,25,19,12121.057,49.292298,PGCB_2025
7149,10,25,20,12128.145,49.321123,PGCB_2025
7150,10,25,21,12165.0065,49.471026,PGCB_2025
7151,10,25,22,12193.3939,49.586469,PGCB_2025
7152,10,25,23,12216.0617,49.678651,PGCB_2025
7153,10,26,0,12122.7676,49.299255,PGCB_2025
7154,10,26,1,11839.6393,48.147866,PGCB_2025
7155,10,26,2,11262.7243,45.801745,PGCB_2025
7156,10,26,3,10869.1519,44.201218,PGCB_2025
7157,10,26,4,10628.5345,43.222707,PGCB_2025
7158,10,26,5,10328.5896,42.002931,PGCB_2025
7159,10,26,6,10083.358,41.005656,PGCB_2025
7160,10,26,7,10235.2955,41.623535,PGCB_2025
7161,10,26,8,10450.087,42.49702,PGCB_2025
7162,10,26,9,10221.479,41.567348,PGCB_2025
7163,10,26,10,10257.1299,41.712328,PGCB_2025
7164,10,26,11,10618.4375,43.181646,PGCB_2025
7165,10,26,12,11090.9964,45.103385,PGCB_2025
7166,10,26,13,11528.3956,46.882142,PGCB_2025
7167,10,26,14,11602.566,47.183768,PGCB_2025
7168,10,26,15,11769.8551,47.864077,PGCB_2025
7169,10,26,16,11528.7377,46.883533,PGCB_2025
7170,10,26,17,11487.8409,46.71722,PGCB_2025
7171,10,26,18,13185.0491,53.6192,PGCB_2025
7172,10,26,19,13449.0097,54.692639,PGCB_2025
7173,10,26,20,13343.3904,54.263121,PGCB_2025
7174,10,26,21,13106.0977,53.298131,PGCB_2025
7175,10,26,22,13098.4219,53.266916,PGCB_2025
7176,10,26,23,12965.4942,52.726343,PGCB_2025
7177,10,27,0,12634.5038,51.380315,PGCB_2025
7178,10,27,1,12315.7071,50.083876,PGCB_2025
7179,10,27,2,11685.6754,47.521747,PGCB_2025
7180,10,27,3,11465.9275,46.628105,PGCB_2025
7181,10,27,4,11127.314,45.251077,PGCB_2025
7182,10,27,5,10886.951,44.273601,PGCB_2025
7183,10,27,6,10673.7824,43.406715,PGCB_2025
7184,10,27,7,10873.3363,44.218234,PGCB_2025
7185,10,27,8,11005.5447,44.755882,PGCB_2025
7186,10,27,9,11143.964,45.318787,PGCB_2025
7187,10,27,10,11503.5961,46.781291,PGCB_2025
7188,10,27,11,11714.1067,47.637367,PGCB_2025
7189,10,27,12,12182.6916,49.542946,PGCB_2025
7190,10,27,13,12443.3451,50.602937,PGCB_2025
7191,10,27,14,12442.6433,50.600083,PGCB_2025
7192,10,27,15,12426.1074,50.532837,PGCB_2025
7193,10,27,16,12328.4534,50.13571,PGCB_2025
7194,10,27,17,12055.4396,49.025454,PGCB_2025
7195,10,27,18,13510.4339,54.942431,PGCB_2025
7196,10,27,19,13748.1476,55.909134,PGCB_2025
7197,10,27,20,13501.3895,54.905651,PGCB_2025
7198,10,27,21,13264.439,53.942052,PGCB_2025
7199,10,27,22,13211.9803,53.72872,PGCB_2025
7200,10,27,23,12992.0832,52.834472,PGCB_2025
7201,10,28,0,12834.4613,52.193476,PGCB_2025
7202,10,28,1,12316.8475,50.088513,PGCB_2025
7203,10,28,2,11904.5461,48.411821,PGCB_2025
7204,10,28,3,11579.9683,47.091871,PGCB_2025
7205,10,28,4,11175.562,45.447285,PGCB_2025
7206,10,28,5,10940.0239,44.489431,PGCB_2025
7207,10,28,6,10675.0983,43.412066,PGCB_2025
7208,10,28,7,10784.6827,43.85771,PGCB_2025
7209,10,28,8,11098.6898,45.134672,PGCB_2025
7210,10,28,9,11188.1329,45.498407,PGCB_2025
7211,10,28,10,11240.0477,45.709527,PGCB_2025
7212,10,28,11,11689.3072,47.536516,PGCB_2025
7213,10,28,12,12144.5845,49.387977,PGCB_2025
7214,10,28,13,12424.9582,50.528163,PGCB_2025
7215,10,28,14,12372.3766,50.314332,PGCB_2025
7216,10,28,15,12389.8775,50.385502,PGCB_2025
7217,10,28,16,12240.291,49.777183,PGCB_2025
7218,10,28,17,12116.3901,49.27332,PGCB_2025
7219,10,28,18,13553.4799,55.117485,PGCB_2025
7220,10,28,19,13799.5361,56.118113,PGCB_2025
7221,10,28,20,13509.3022,54.937829,PGCB_2025
7222,10,28,21,13470.6336,54.780577,PGCB_2025
7223,10,28,22,13223.9809,53.777522,PGCB_2025
7224,10,28,23,13132.4675,53.405368,PGCB_2025
7225,10,29,0,12902.9384,52.471949,PGCB_2025
7226,10,29,1,12370.5257,50.306805,PGCB_2025
7227,10,29,2,11992.9716,48.771418,PGCB_2025
7228,10,29,3,11660.139,47.417899,PGCB_2025
7229,10,29,4,11185.7994,45.488918,PGCB_2025
7230,10,29,5,10985.5876,44.674723,PGCB_2025
7231,10,29,6,10820.9302,44.005116,PGCB_2025
7232,10,29,7,10882.1964,44.254265,PGCB_2025
7233,10,29,8,10772.84,43.809549,PGCB_2025
7234,10,29,9,11099.6547,45.138596,PGCB_2025
7235,10,29,10,11323.8239,46.050217,PGCB_2025
7236,10,29,11,11675.3503,47.479758,PGCB_2025
7237,10,29,12,12118.5919,49.282274,PGCB_2025
7238,10,29,13,12452.3806,50.639681,PGCB_2025
7239,10,29,14,12434.6429,50.567548,PGCB_2025
7240,10,29,15,12477.2152,50.740675,PGCB_2025
7241,10,29,16,12222.1498,49.703409,PGCB_2025
7242,10,29,17,12169.5068,49.489328,PGCB_2025
7243,10,29,18,13334.9601,54.228838,PGCB_2025
7244,10,29,19,13553.0237,55.11563,PGCB_2025
7245,10,29,20,13510.6707,54.943394,PGCB_2025
7246,10,29,21,13440.1759,54.656715,PGCB_2025
7247,10,29,22,13221.8667,53.768925,PGCB_2025
7248,10,29,23,13010.6456,52.909959,PGCB_2025
7249,10,30,0,12799.056,52.049494,PGCB_2025
7250,10,30,1,12457.8634,50.661978,PGCB_2025
7251,10,30,2,12124.8466,49.30771,PGCB_2025
7252,10,30,3,11580.4596,47.093869,PGCB_2025
7253,10,30,4,11186.1503,45.490345,PGCB_2025
7254,10,30,5,11071.1445,45.022654,PGCB_2025
7255,10,30,6,10816.8072,43.988349,PGCB_2025
7256,10,30,7,10880.7753,44.248486,PGCB_2025
7257,10,30,8,10898.4692,44.320441,PGCB_2025
7258,10,30,9,11047.2486,44.925478,PGCB_2025
7259,10,30,10,11180.1588,45.465979,PGCB_2025
7260,10,30,11,11721.3965,47.667012,PGCB_2025
7261,10,30,12,12125.8204,49.31167,PGCB_2025
7262,10,30,13,12084.1253,49.14211,PGCB_2025
7263,10,30,14,11801.1023,47.991149,PGCB_2025
7264,10,30,15,11669.5079,47.455999,PGCB_2025
7265,10,30,16,11231.4508,45.674567,PGCB_2025
7266,10,30,17,11378.1161,46.271005,PGCB_2025
7267,10,30,18,12896.1749,52.444445,PGCB_2025
7268,10,30,19,12922.6675,52.552181,PGCB_2025
7269,10,30,20,12747.0446,51.837981,PGCB_2025
7270,10,30,21,12325.383,50.123224,PGCB_2025
7271,10,30,22,11930.8632,48.518844,PGCB_2025
7272,10,30,23,11773.5921,47.879275,PGCB_2025
7273,10,31,0,11623.3302,47.268209,PGCB_2025
7274,10,31,1,11298.8139,45.94851,PGCB_2025
7275,10,31,2,10948.1471,44.522465,PGCB_2025
7276,10,31,3,10834.3607,44.059734,PGCB_2025
7277,10,31,4,10492.1154,42.667936,PGCB_2025
7278,10,31,5,10080.5333,40.994169,PGCB_2025
7279,10,31,6,9895.9977,40.243724,PGCB_2025
7280,10,31,7,10063.4184,40.924568,PGCB_2025
7281,10,31,8,10223.6282,41.576088,PGCB_2025
7282,10,31,9,10274.9378,41.784747,PGCB_2025
7283,10,31,10,10310.8168,41.930655,PGCB_2025
7284,10,31,11,10775.1472,43.818932,PGCB_2025
7285,10,31,12,11143.6569,45.317538,PGCB_2025
7286,10,31,13,11584.6353,47.11085,PGCB_2025
7287,10,31,14,11406.3807,46.385948,PGCB_2025
7288,10,31,15,11380.0285,46.278783,PGCB_2025
7289,10,31,16,11450.1197,46.56382,PGCB_2025
7290,10,31,17,11348.8778,46.152103,PGCB_2025
7291,10,31,18,12817.4341,52.124232,PGCB_2025
7292,10,31,19,12658.9173,51.479597,PGCB_2025
7293,10,31,20,12396.0708,50.410688,PGCB_2025
7294,10,31,21,12315.5317,50.083162,PGCB_2025
7295,10,31,22,12081.3094,49.130658,PGCB_2025
7296,10,31,23,11957.926,48.628899,PGCB_2025
7297,11,1,0,11728.6074,47.696337,PGCB_2025
7298,11,1,1,11420.7498,46.444383,PGCB_2025
7299,11,1,2,11026.8704,44.842606,PGCB_2025
7300,11,1,3,10658.4308,43.344285,PGCB_2025
7301,11,1,4,10395.2596,42.274056,PGCB_2025
7302,11,1,5,10186.4772,41.425007,PGCB_2025
7303,11,1,6,9833.8279,39.9909,PGCB_2025
7304,11,1,7,9616.1415,39.105642,PGCB_2025
7305,11,1,8,9608.7903,39.075747,PGCB_2025
7306,11,1,9,9450.6683,38.432718,PGCB_2025
7307,11,1,10,9353.7687,38.038659,PGCB_2025
7308,11,1,11,9696.6456,39.433025,PGCB_2025
7309,11,1,12,10240.3571,41.644119,PGCB_2025
7310,11,1,13,10829.2639,44.039007,PGCB_2025
7311,11,1,14,10372.3901,42.181053,PGCB_2025
7312,11,1,15,10354.24,42.107243,PGCB_2025
7313,11,1,16,9968.2294,40.537466,PGCB_2025
7314,11,1,17,9913.5512,40.315108,PGCB_2025
7315,11,1,18,11482.595,46.695886,PGCB_2025
7316,11,1,19,11764.6268,47.842816,PGCB_2025
7317,11,1,20,11843.5781,48.163884,PGCB_2025
7318,11,1,21,11816.5592,48.054007,PGCB_2025
7319,11,1,22,11695.904,47.563343,PGCB_2025
7320,11,1,23,11650.6035,47.379121,PGCB_2025
7321,11,2,0,11601.6712,47.18013,PGCB_2025
7322,11,2,1,11154.2101,45.360454,PGCB_2025
7323,11,2,2,10645.5091,43.291737,PGCB_2025
7324,11,2,3,10278.7538,41.800265,PGCB_2025
7325,11,2,4,9948.8425,40.458626,PGCB_2025
7326,11,2,5,9702.9792,39.458782,PGCB_2025
7327,11,2,6,9467.9849,38.503139,PGCB_2025
7328,11,2,7,9209.5597,37.452209,PGCB_2025
7329,11,2,8,9388.2704,38.178966,PGCB_2025
7330,11,2,9,9499.7848,38.632458,PGCB_2025
7331,11,2,10,9519.5753,38.71294,PGCB_2025
7332,11,2,11,9736.7879,39.596271,PGCB_2025
7333,11,2,12,10205.6799,41.503098,PGCB_2025
7334,11,2,13,10513.52,42.754981,PGCB_2025
7335,11,2,14,10504.4844,42.718237,PGCB_2025
7336,11,2,15,10513.2831,42.754018,PGCB_2025
7337,11,2,16,10322.0981,41.976532,PGCB_2025
7338,11,2,17,10527.661,42.812488,PGCB_2025
7339,11,2,18,11425.136,46.46222,PGCB_2025
7340,11,2,19,11216.3536,45.613171,PGCB_2025
7341,11,2,20,11033.011,44.867578,PGCB_2025
7342,11,2,21,11022.8702,44.826339,PGCB_2025
7343,11,2,22,10928.1022,44.440949,PGCB_2025
7344,11,2,23,10882.7578,44.256548,PGCB_2025
7345,11,3,0,10769.0065,43.79396,PGCB_2025
7346,11,3,1,10491.6943,42.666223,PGCB_2025
7347,11,3,2,10118.2983,41.147746,PGCB_2025
7348,11,3,3,9848.3637,40.050012,PGCB_2025
7349,11,3,4,9569.3848,38.915498,PGCB_2025
7350,11,3,5,9453.3,38.44342,PGCB_2025
7351,11,3,6,9263.1676,37.670215,PGCB_2025
7352,11,3,7,9563.5073,38.891596,PGCB_2025
7353,11,3,8,9749.543,39.648142,PGCB_2025
7354,11,3,9,9764.4823,39.708895,PGCB_2025
7355,11,3,10,9888.6815,40.213971,PGCB_2025
7356,11,3,11,10083.2264,41.005121,PGCB_2025
7357,11,3,12,10706.4771,43.539674,PGCB_2025
7358,11,3,13,10727.3377,43.624507,PGCB_2025
7359,11,3,14,10511.4848,42.746705,PGCB_2025
7360,11,3,15,10557.5222,42.933924,PGCB_2025
7361,11,3,16,10320.1681,41.968684,PGCB_2025
7362,11,3,17,10502.0282,42.708248,PGCB_2025
7363,11,3,18,11724.7125,47.680498,PGCB_2025
7364,11,3,19,11664.7007,47.43645,PGCB_2025
7365,11,3,20,11377.888,46.270078,PGCB_2025
7366,11,3,21,11211.5288,45.59355,PGCB_2025
7367,11,3,22,11134.7705,45.2814,PGCB_2025
7368,11,3,23,10778.2614,43.831596,PGCB_2025
7369,11,4,0,10529.4769,42.819873,PGCB_2025
7370,11,4,1,10091.7356,41.039725,PGCB_2025
7371,11,4,2,9718.9098,39.523567,PGCB_2025
7372,11,4,3,9496.9689,38.621007,PGCB_2025
7373,11,4,4,9173.2684,37.304625,PGCB_2025
7374,11,4,5,8946.064,36.38066,PGCB_2025
7375,11,4,6,8903.0793,36.205856,PGCB_2025
7376,11,4,7,9224.2095,37.511785,PGCB_2025
7377,11,4,8,9315.2316,37.881942,PGCB_2025
7378,11,4,9,9175.1457,37.312259,PGCB_2025
7379,11,4,10,9279.3176,37.735892,PGCB_2025
7380,11,4,11,9717.5063,39.517859,PGCB_2025
7381,11,4,12,10221.1983,41.566206,PGCB_2025
7382,11,4,13,10391.084,42.257075,PGCB_2025
7383,11,4,14,10310.3957,41.928943,PGCB_2025
7384,11,4,15,10305.606,41.909464,PGCB_2025
7385,11,4,16,10117.2106,41.143323,PGCB_2025
7386,11,4,17,10262.56,41.734411,PGCB_2025
7387,11,4,18,11579.249,47.088946,PGCB_2025
7388,11,4,19,11575.7927,47.07489,PGCB_2025
7389,11,4,20,11107.1025,45.168884,PGCB_2025
7390,11,4,21,11091.5052,45.105454,PGCB_2025
7391,11,4,22,10906.645,44.35369,PGCB_2025
7392,11,4,23,10627.9556,43.220353,PGCB_2025
7393,11,5,0,10544.118,42.879413,PGCB_2025
7394,11,5,1,9858.0046,40.089219,PGCB_2025
7395,11,5,2,9435.8956,38.372642,PGCB_2025
7396,11,5,3,9131.5996,37.135172,PGCB_2025
7397,11,5,4,8877.6921,36.102615,PGCB_2025
7398,11,5,5,8558.5094,34.804605,PGCB_2025
7399,11,5,6,8614.7403,35.033277,PGCB_2025
7400,11,5,7,9091.7116,36.972961,PGCB_2025
7401,11,5,8,9164.8644,37.270449,PGCB_2025
7402,11,5,9,9173.5579,37.305802,PGCB_2025
7403,11,5,10,9293.5902,37.793933,PGCB_2025
7404,11,5,11,9625.3437,39.143064,PGCB_2025
7405,11,5,12,10364.3984,42.148553,PGCB_2025
7406,11,5,13,10720.6269,43.597216,PGCB_2025
7407,11,5,14,10659.387,43.348174,PGCB_2025
7408,11,5,15,10633.1839,43.241615,PGCB_2025
7409,11,5,16,10415.9975,42.35839,PGCB_2025
7410,11,5,17,10548.6972,42.898035,PGCB_2025
7411,11,5,18,12062.0189,49.05221,PGCB_2025
7412,11,5,19,12123.6887,49.303001,PGCB_2025
7413,11,5,20,11825.3754,48.08986,PGCB_2025
7414,11,5,21,11729.2653,47.699012,PGCB_2025
7415,11,5,22,11482.9547,46.697349,PGCB_2025
7416,11,5,23,11111.3395,45.186114,PGCB_2025
7417,11,6,0,10883.8719,44.261079,PGCB_2025
7418,11,6,1,10423.2611,42.387928,PGCB_2025
7419,11,6,2,9950.632,40.465903,PGCB_2025
7420,11,6,3,9594.6141,39.018097,PGCB_2025
7421,11,6,4,9330.9342,37.945799,PGCB_2025
7422,11,6,5,9040.3406,36.764052,PGCB_2025
7423,11,6,6,9029.805,36.721207,PGCB_2025
7424,11,6,7,9282.3002,37.748021,PGCB_2025
7425,11,6,8,9497.618,38.623647,PGCB_2025
7426,11,6,9,9471.7746,38.51855,PGCB_2025
7427,11,6,10,9449.7121,38.428829,PGCB_2025
7428,11,6,11,9824.1081,39.951373,PGCB_2025
7429,11,6,12,10462.2893,42.546643,PGCB_2025
7430,11,6,13,10849.6071,44.121736,PGCB_2025
7431,11,6,14,10738.2243,43.668779,PGCB_2025
7432,11,6,15,10640.0176,43.269405,PGCB_2025
7433,11,6,16,10359.9333,42.130395,PGCB_2025
7434,11,6,17,10476.948,42.606255,PGCB_2025
7435,11,6,18,11931.065,48.519664,PGCB_2025
7436,11,6,19,12027.6575,48.912474,PGCB_2025
7437,11,6,20,11765.0215,47.844421,PGCB_2025
7438,11,6,21,11676.8153,47.485716,PGCB_2025
7439,11,6,22,11549.923,46.969687,PGCB_2025
7440,11,6,23,11329.9382,46.075082,PGCB_2025
7441,11,7,0,11075.864,45.041847,PGCB_2025
7442,11,7,1,10507.9846,42.732471,PGCB_2025
7443,11,7,2,10141.2995,41.241285,PGCB_2025
7444,11,7,3,9745.227,39.63059,PGCB_2025
7445,11,7,4,9418.4561,38.301721,PGCB_2025
7446,11,7,5,9292.134,37.788012,PGCB_2025
7447,11,7,6,9259.6762,37.656017,PGCB_2025
7448,11,7,7,9498.776,38.628356,PGCB_2025
7449,11,7,8,9791.4223,39.818451,PGCB_2025
7450,11,7,9,9744.0164,39.625667,PGCB_2025
7451,11,7,10,10060.5937,40.913081,PGCB_2025
7452,11,7,11,10397.2685,42.282225,PGCB_2025
7453,11,7,12,10792.0515,43.887676,PGCB_2025
7454,11,7,13,11186.6328,45.492307,PGCB_2025
7455,11,7,14,11013.0802,44.786526,PGCB_2025
7456,11,7,15,11056.4245,44.962793,PGCB_2025
7457,11,7,16,10881.7403,44.252411,PGCB_2025
7458,11,7,17,10966.7972,44.598309,PGCB_2025
7459,11,7,18,11930.5649,48.517631,PGCB_2025
7460,11,7,19,12061.6592,49.050747,PGCB_2025
7461,11,7,20,12035.4825,48.944296,PGCB_2025
7462,11,7,21,11842.6833,48.160245,PGCB_2025
7463,11,7,22,11641.9978,47.344124,PGCB_2025
7464,11,7,23,11493.0517,46.73841,PGCB_2025
7465,11,8,0,11229.8279,45.667967,PGCB_2025
7466,11,8,1,10836.1853,44.067154,PGCB_2025
7467,11,8,2,10510.2567,42.741711,PGCB_2025
7468,11,8,3,9974.9578,40.564828,PGCB_2025
7469,11,8,4,9607.8078,39.071752,PGCB_2025
7470,11,8,5,9430.2725,38.349775,PGCB_2025
7471,11,8,6,9115.6427,37.07028,PGCB_2025
7472,11,8,7,9045.6742,36.785742,PGCB_2025
7473,11,8,8,8990.0223,36.559424,PGCB_2025
7474,11,8,9,8782.3189,35.714764,PGCB_2025
7475,11,8,10,8738.264,35.535607,PGCB_2025
7476,11,8,11,8970.574,36.480334,PGCB_2025
7477,11,8,12,9428.0268,38.340642,PGCB_2025
7478,11,8,13,10266.8146,41.751713,PGCB_2025
7479,11,8,14,9863.0136,40.109589,PGCB_2025
7480,11,8,15,9637.7917,39.193686,PGCB_2025
7481,11,8,16,9238.2365,37.568828,PGCB_2025
7482,11,8,17,9106.6773,37.033821,PGCB_2025
7483,11,8,18,10834.9923,44.062302,PGCB_2025
7484,11,8,19,10947.9717,44.521752,PGCB_2025
7485,11,8,20,10897.9428,44.318301,PGCB_2025
7486,11,8,21,10935.936,44.472806,PGCB_2025
7487,11,8,22,10905.8029,44.350265,PGCB_2025
7488,11,8,23,10676.8615,43.419237,PGCB_2025
7489,11,9,0,10536.8545,42.849875,PGCB_2025
7490,11,9,1,9988.7743,40.621015,PGCB_2025
7491,11,9,2,9584.3154,38.976216,PGCB_2025
7492,11,9,3,9152.6621,37.220826,PGCB_2025
7493,11,9,4,8833.3653,35.922352,PGCB_2025
7494,11,9,5,8662.6725,35.228202,PGCB_2025
7495,11,9,6,8461.9957,34.412116,PGCB_2025
7496,11,9,7,8791.8895,35.753684,PGCB_2025
7497,11,9,8,8730.9654,35.505926,PGCB_2025
7498,11,9,9,8397.3697,34.149303,PGCB_2025
7499,11,9,10,8297.7068,33.744008,PGCB_2025
7500,11,9,11,8911.3254,36.23939,PGCB_2025
7501,11,9,12,9389.5687,38.184246,PGCB_2025
7502,11,9,13,9954.9305,40.483384,PGCB_2025
7503,11,9,14,10046.7509,40.856787,PGCB_2025
7504,11,9,15,10117.0088,41.142502,PGCB_2025
7505,11,9,16,9964.3783,40.521805,PGCB_2025
7506,11,9,17,10162.7918,41.328687,PGCB_2025
7507,11,9,18,11229.2402,45.665577,PGCB_2025
7508,11,9,19,11274.2337,45.84855,PGCB_2025
7509,11,9,20,11072.206,45.026971,PGCB_2025
7510,11,9,21,10738.0839,43.668208,PGCB_2025
7511,11,9,22,10589.4799,43.063885,PGCB_2025
7512,11,9,23,10141.9662,41.243996,PGCB_2025
7513,11,10,0,9861.1889,40.102168,PGCB_2025
7514,11,10,1,9385.9896,38.169691,PGCB_2025
7515,11,10,2,8974.3285,36.495603,PGCB_2025
7516,11,10,3,8636.5133,35.121821,PGCB_2025
7517,11,10,4,8329.4365,33.873042,PGCB_2025
7518,11,10,5,8246.1428,33.534314,PGCB_2025
7519,11,10,6,8207.3075,33.376384,PGCB_2025
7520,11,10,7,8759.5721,35.62226,PGCB_2025
7521,11,10,8,8842.1377,35.958027,PGCB_2025
7522,11,10,9,8844.9975,35.969656,PGCB_2025
7523,11,10,10,8848.0415,35.982035,PGCB_2025
7524,11,10,11,9280.8615,37.74217,PGCB_2025
7525,11,10,12,9836.8456,40.003172,PGCB_2025
7526,11,10,13,10294.7897,41.865478,PGCB_2025
7527,11,10,14,10147.5805,41.266827,PGCB_2025
7528,11,10,15,10047.3825,40.859356,PGCB_2025
7529,11,10,16,9898.8049,40.25514,PGCB_2025
7530,11,10,17,10173.4941,41.372209,PGCB_2025
7531,11,10,18,11273.5056,45.845589,PGCB_2025
7532,11,10,19,11080.8204,45.062003,PGCB_2025
7533,11,10,20,10724.9868,43.614946,PGCB_2025
7534,11,10,21,10461.5261,42.543539,PGCB_2025
7535,11,10,22,10243.1204,41.655356,PGCB_2025
7536,11,10,23,9927.0957,40.370189,PGCB_2025
7537,11,11,0,9720.4889,39.529988,PGCB_2025
7538,11,11,1,9031.3051,36.727307,PGCB_2025
7539,11,11,2,8729.3162,35.499219,PGCB_2025
7540,11,11,3,8461.0483,34.408263,PGCB_2025
7541,11,11,4,8127.7246,33.052747,PGCB_2025
7542,11,11,5,8083.8627,32.874375,PGCB_2025
7543,11,11,6,8053.1419,32.749444,PGCB_2025
7544,11,11,7,8595.6867,34.955793,PGCB_2025
7545,11,11,8,8889.9559,36.152487,PGCB_2025
7546,11,11,9,8867.2442,36.060126,PGCB_2025
7547,11,11,10,8850.682,35.992773,PGCB_2025
7548,11,11,11,8998.4613,36.593743,PGCB_2025
7549,11,11,12,9549.7347,38.835588,PGCB_2025
7550,11,11,13,9790.3871,39.814241,PGCB_2025
7551,11,11,14,9834.0033,39.991613,PGCB_2025
7552,11,11,15,9947.6319,40.453703,PGCB_2025
7553,11,11,16,9646.143,39.227648,PGCB_2025
7554,11,11,17,9976.9316,40.572855,PGCB_2025
7555,11,11,18,11163.2193,45.397092,PGCB_2025
7556,11,11,19,10834.3168,44.059555,PGCB_2025
7557,11,11,20,10368.9425,42.167033,PGCB_2025
7558,11,11,21,10162.1777,41.326189,PGCB_2025
7559,11,11,22,9917.7795,40.332303,PGCB_2025
7560,11,11,23,9414.2454,38.284598,PGCB_2025
7561,11,12,0,9318.6266,37.895748,PGCB_2025
7562,11,12,1,8708.3327,35.413886,PGCB_2025
7563,11,12,2,8420.5989,34.243769,PGCB_2025
7564,11,12,3,8039.878,32.695504,PGCB_2025
7565,11,12,4,7793.3744,31.693056,PGCB_2025
7566,11,12,5,7786.3565,31.664516,PGCB_2025
7567,11,12,6,7817.937,31.792944,PGCB_2025
7568,11,12,7,8409.4054,34.198249,PGCB_2025
7569,11,12,8,8705.9028,35.404005,PGCB_2025
7570,11,12,9,8614.6613,35.032956,PGCB_2025
7571,11,12,10,8553.0705,34.782487,PGCB_2025
7572,11,12,11,8956.6259,36.423612,PGCB_2025
7573,11,12,12,9369.8309,38.103979,PGCB_2025
7574,11,12,13,9797.4138,39.842816,PGCB_2025
7575,11,12,14,9567.3233,38.907115,PGCB_2025
7576,11,12,15,9537.4621,38.785679,PGCB_2025
7577,11,12,16,9359.3918,38.061527,PGCB_2025
7578,11,12,17,9702.2862,39.455964,PGCB_2025
7579,11,12,18,10773.112,43.810655,PGCB_2025
7580,11,12,19,10382.0134,42.220188,PGCB_2025
7581,11,12,20,9935.4997,40.404365,PGCB_2025
7582,11,12,21,9769.7896,39.730478,PGCB_2025
7583,11,12,22,9464.6865,38.489725,PGCB_2025
7584,11,12,23,9017.1202,36.669622,PGCB_2025
7585,11,13,0,8810.9694,35.831276,PGCB_2025
7586,11,13,1,8269.7141,33.630171,PGCB_2025
7587,11,13,2,7904.7835,32.14612,PGCB_2025
7588,11,13,3,7638.9807,31.065188,PGCB_2025
7589,11,13,4,7395.1088,30.073442,PGCB_2025
7590,11,13,5,7295.1037,29.666755,PGCB_2025
7591,11,13,6,7519.6764,30.580017,PGCB_2025
7592,11,13,7,8068.3795,32.81141,PGCB_2025
7593,11,13,8,8312.0759,33.802442,PGCB_2025
7594,11,13,9,8375.4651,34.060225,PGCB_2025
7595,11,13,10,8224.9926,33.448303,PGCB_2025
7596,11,13,11,8566.0536,34.835285,PGCB_2025
7597,11,13,12,9149.0917,37.206306,PGCB_2025
7598,11,13,13,9572.6218,38.928662,PGCB_2025
7599,11,13,14,9356.3828,38.04929,PGCB_2025
7600,11,13,15,9108.3353,37.040564,PGCB_2025
7601,11,13,16,9024.3574,36.699053,PGCB_2025
7602,11,13,17,9279.8439,37.738032,PGCB_2025
7603,11,13,18,10344.3799,42.067145,PGCB_2025
7604,11,13,19,10137.2642,41.224874,PGCB_2025
7605,11,13,20,9743.297,39.622741,PGCB_2025
7606,11,13,21,9694.2156,39.423143,PGCB_2025
7607,11,13,22,9325.3023,37.922896,PGCB_2025
7608,11,13,23,8974.5654,36.496566,PGCB_2025
7609,11,14,0,8570.3696,34.852836,PGCB_2025
7610,11,14,1,7874.7469,32.023971,PGCB_2025
7611,11,14,2,7608.9704,30.943146,PGCB_2025
7612,11,14,3,7292.6562,29.656802,PGCB_2025
7613,11,14,4,7248.6803,29.477967,PGCB_2025
7614,11,14,5,7214.6786,29.339693,PGCB_2025
7615,11,14,6,7393.7754,30.06802,PGCB_2025
7616,11,14,7,8101.7145,32.946972,PGCB_2025
7617,11,14,8,8427.108,34.270239,PGCB_2025
7618,11,14,9,8418.9848,34.237205,PGCB_2025
7619,11,14,10,8448.7232,34.358141,PGCB_2025
7620,11,14,11,8753.2823,35.596681,PGCB_2025
7621,11,14,12,9226.3938,37.520668,PGCB_2025
7622,11,14,13,9654.4592,39.261467,PGCB_2025
7623,11,14,14,9391.7969,38.193307,PGCB_2025
7624,11,14,15,9067.3946,36.874071,PGCB_2025
7625,11,14,16,8971.653,36.484722,PGCB_2025
7626,11,14,17,9437.8782,38.380705,PGCB_2025
7627,11,14,18,10156.502,41.303108,PGCB_2025
7628,11,14,19,10121.8687,41.162266,PGCB_2025
7629,11,14,20,9685.8555,39.389146,PGCB_2025
7630,11,14,21,9425.053,38.328549,PGCB_2025
7631,11,14,22,9176.5405,37.317931,PGCB_2025
7632,11,14,23,8729.6847,35.500718,PGCB_2025
7633,11,15,0,8461.1185,34.408549,PGCB_2025
7634,11,15,1,7931.5217,32.254855,PGCB_2025
7635,11,15,2,7639.6649,31.067971,PGCB_2025
7636,11,15,3,7360.607,29.933135,PGCB_2025
7637,11,15,4,7131.8675,29.002928,PGCB_2025
7638,11,15,5,7020.7741,28.551148,PGCB_2025
7639,11,15,6,6981.5704,28.39172,PGCB_2025
7640,11,15,7,7218.1086,29.353642,PGCB_2025
7641,11,15,8,7509.1847,30.537351,PGCB_2025
7642,11,15,9,7260.6371,29.526591,PGCB_2025
7643,11,15,10,7082.7597,28.803223,PGCB_2025
7644,11,15,11,7388.0031,30.044546,PGCB_2025
7645,11,15,12,8140.7603,33.105759,PGCB_2025
7646,11,15,13,8676.5241,35.284531,PGCB_2025
7647,11,15,14,7905.6344,32.14958,PGCB_2025
7648,11,15,15,7368.3706,29.964707,PGCB_2025
7649,11,15,16,7052.9424,28.681966,PGCB_2025
7650,11,15,17,7454.2609,30.313994,PGCB_2025
7651,11,15,18,8619.7318,35.053576,PGCB_2025
7652,11,15,19,8512.7088,34.618349,PGCB_2025
7653,11,15,20,8599.5553,34.971525,PGCB_2025
7654,11,15,21,8460.3027,34.405231,PGCB_2025
7655,11,15,22,8380.6934,34.081486,PGCB_2025
7656,11,15,23,8152.4714,33.153384,PGCB_2025
7657,11,16,0,7766.645,31.584356,PGCB_2025
7658,11,16,1,7357.2209,29.919365,PGCB_2025
7659,11,16,2,6999.2117,28.463461,PGCB_2025
7660,11,16,3,6734.3562,27.386382,PGCB_2025
7661,11,16,4,6574.6991,26.73711,PGCB_2025
7662,11,16,5,6452.4561,26.239988,PGCB_2025
7663,11,16,6,6683.7923,27.180755,PGCB_2025
7664,11,16,7,7446.8394,30.283814,PGCB_2025
7665,11,16,8,7729.4414,31.433062,PGCB_2025
7666,11,16,9,7462.9806,30.349454,PGCB_2025
7667,11,16,10,7357.2735,29.919579,PGCB_2025
7668,11,16,11,7725.4148,31.416687,PGCB_2025
7669,11,16,12,8271.5914,33.637805,PGCB_2025
7670,11,16,13,8636.8028,35.122998,PGCB_2025
7671,11,16,14,8421.5025,34.247444,PGCB_2025
7672,11,16,15,8299.3999,33.750893,PGCB_2025
7673,11,16,16,8135.0933,33.082713,PGCB_2025
7674,11,16,17,8732.7199,35.513061,PGCB_2025
7675,11,16,18,9805.7563,39.876742,PGCB_2025
7676,11,16,19,9950.5004,40.465368,PGCB_2025
7677,11,16,20,9645.2219,39.223902,PGCB_2025
7678,11,16,21,9370.6467,38.107297,PGCB_2025
7679,11,16,22,9127.2134,37.117334,PGCB_2025
7680,11,16,23,8693.8583,35.355024,PGCB_2025
7681,11,17,0,8170.5864,33.227051,PGCB_2025
7682,11,17,1,7796.8834,31.707326,PGCB_2025
7683,11,17,2,7598.6278,30.901086,PGCB_2025
7684,11,17,3,7287.2086,29.634648,PGCB_2025
7685,11,17,4,7072.2855,28.760628,PGCB_2025
7686,11,17,5,6896.8381,28.047142,PGCB_2025
7687,11,17,6,7200.3621,29.281473,PGCB_2025
7688,11,17,7,7947.6629,32.320496,PGCB_2025
7689,11,17,8,8312.0847,33.802478,PGCB_2025
7690,11,17,9,8202.202,33.355621,PGCB_2025
7691,11,17,10,8230.9929,33.472704,PGCB_2025
7692,11,17,11,8563.2289,34.823798,PGCB_2025
7693,11,17,12,9022.9187,36.693203,PGCB_2025
7694,11,17,13,9364.8745,38.083823,PGCB_2025
7695,11,17,14,9048.1744,36.795909,PGCB_2025
7696,11,17,15,8890.2717,36.153772,PGCB_2025
7697,11,17,16,8737.7728,35.533609,PGCB_2025
7698,11,17,17,8980.5218,36.520789,PGCB_2025
7699,11,17,18,10114.5438,41.132478,PGCB_2025
7700,11,17,19,9938.6577,40.417208,PGCB_2025
7701,11,17,20,9614.9572,39.100826,PGCB_2025
7702,11,17,21,9464.4146,38.488619,PGCB_2025
7703,11,17,22,9189.8218,37.371942,PGCB_2025
7704,11,17,23,8764.4846,35.642237,PGCB_2025
7705,11,18,0,8525.8147,34.671646,PGCB_2025
7706,11,18,1,8073.9411,32.834027,PGCB_2025
7707,11,18,2,7695.2905,31.294181,PGCB_2025
7708,11,18,3,7365.2476,29.952007,PGCB_2025
7709,11,18,4,7245.8995,29.466658,PGCB_2025
7710,11,18,5,7071.5399,28.757596,PGCB_2025
7711,11,18,6,7329.6756,29.807347,PGCB_2025
7712,11,18,7,8130.9966,33.066053,PGCB_2025
7713,11,18,8,8459.2763,34.401057,PGCB_2025
7714,11,18,9,8415.5548,34.223256,PGCB_2025
7715,11,18,10,8412.4757,34.210735,PGCB_2025
7716,11,18,11,8687.4808,35.329089,PGCB_2025
7717,11,18,12,9162.1011,37.259211,PGCB_2025
7718,11,18,13,9596.5528,39.025981,PGCB_2025
7719,11,18,14,9373.8223,38.120211,PGCB_2025
7720,11,18,15,9284.5634,37.757224,PGCB_2025
7721,11,18,16,9058.9644,36.839789,PGCB_2025
7722,11,18,17,9298.5115,37.813947,PGCB_2025
7723,11,18,18,10294.3949,41.863873,PGCB_2025
7724,11,18,19,10148.3174,41.269824,PGCB_2025
7725,11,18,20,9689.2943,39.40313,PGCB_2025
7726,11,18,21,9646.5115,39.229147,PGCB_2025
7727,11,18,22,9229.8589,37.53476,PGCB_2025
7728,11,18,23,8840.4972,35.951355,PGCB_2025
7729,11,19,0,8536.6925,34.715883,PGCB_2025
7730,11,19,1,8121.9874,33.029415,PGCB_2025
7731,11,19,2,7695.4835,31.294966,PGCB_2025
7732,11,19,3,7427.7244,30.206079,PGCB_2025
7733,11,19,4,7271.9447,29.572575,PGCB_2025
7734,11,19,5,7161.0444,29.121581,PGCB_2025
7735,11,19,6,7417.7064,30.165339,PGCB_2025
7736,11,19,7,8168.1125,33.216991,PGCB_2025
7737,11,19,8,8475.7157,34.467911,PGCB_2025
7738,11,19,9,8360.5521,33.999579,PGCB_2025
7739,11,19,10,8355.6571,33.979672,PGCB_2025
7740,11,19,11,8867.0951,36.05952,PGCB_2025
7741,11,19,12,9206.5507,37.439973,PGCB_2025
7742,11,19,13,9535.6111,38.778152,PGCB_2025
7743,11,19,14,9209.6562,37.452602,PGCB_2025
7744,11,19,15,9162.8906,37.262422,PGCB_2025
7745,11,19,16,9100.2296,37.0076,PGCB_2025
7746,11,19,17,9331.4956,37.948082,PGCB_2025
7747,11,19,18,10365.6968,42.153834,PGCB_2025
7748,11,19,19,9979.0106,40.58131,PGCB_2025
7749,11,19,20,9860.145,40.097923,PGCB_2025
7750,11,19,21,9653.1171,39.25601,PGCB_2025
7751,11,19,22,9314.5035,37.878981,PGCB_2025
7752,11,19,23,8961.8542,36.444874,PGCB_2025
7753,11,20,0,8560.0796,34.81099,PGCB_2025
7754,11,20,1,8220.5889,33.430395,PGCB_2025
7755,11,20,2,7786.3565,31.664516,PGCB_2025
7756,11,20,3,7433.7072,30.230409,PGCB_2025
7757,11,20,4,7304.7533,29.705997,PGCB_2025
7758,11,20,5,7234.5744,29.420603,PGCB_2025
7759,11,20,6,7503.0089,30.512236,PGCB_2025
7760,11,20,7,8355.429,33.978745,PGCB_2025
7761,11,20,8,8563.1324,34.823405,PGCB_2025
7762,11,20,9,8565.6501,34.833644,PGCB_2025
7763,11,20,10,8477.4351,34.474903,PGCB_2025
7764,11,20,11,8938.6776,36.350622,PGCB_2025
7765,11,20,12,9346.3122,38.008336,PGCB_2025
7766,11,20,13,9623.2647,39.13461,PGCB_2025
7767,11,20,14,9398.692,38.221347,PGCB_2025
7768,11,20,15,9249.6143,37.615098,PGCB_2025
7769,11,20,16,9117.8796,37.079377,PGCB_2025
7770,11,20,17,9375.8663,38.128523,PGCB_2025
7771,11,20,18,10524.2135,42.798468,PGCB_2025
7772,11,20,19,10302.2725,41.895908,PGCB_2025
7773,11,20,20,9861.0223,40.101491,PGCB_2025
7774,11,20,21,9779.0181,39.768007,PGCB_2025
7775,11,20,22,9476.3275,38.537065,PGCB_2025
7776,11,20,23,9083.9656,36.94146,PGCB_2025
7777,11,21,0,8701.7797,35.387237,PGCB_2025
7778,11,21,1,8270.8896,33.634951,PGCB_2025
7779,11,21,2,7975.7608,32.434761,PGCB_2025
7780,11,21,3,7716.6776,31.381156,PGCB_2025
7781,11,21,4,7478.227,30.411456,PGCB_2025
7782,11,21,5,7447.3395,30.285847,PGCB_2025
7783,11,21,6,7597.2505,30.895485,PGCB_2025
7784,11,21,7,8301.8912,33.761024,PGCB_2025
7785,11,21,8,8725.2721,35.482773,PGCB_2025
7786,11,21,9,8687.551,35.329374,PGCB_2025
7787,11,21,10,8646.4085,35.162061,PGCB_2025
7788,11,21,11,8948.4764,36.390471,PGCB_2025
7789,11,21,12,9451.0016,38.434073,PGCB_2025
7790,11,21,13,9664.6878,39.303064,PGCB_2025
7791,11,21,14,9305.9329,37.844127,PGCB_2025
7792,11,21,15,9264.4045,37.675245,PGCB_2025
7793,11,21,16,9114.1075,37.064037,PGCB_2025
7794,11,21,17,9416.3859,38.293303,PGCB_2025
7795,11,21,18,10522.459,42.791333,PGCB_2025
7796,11,21,19,10113.6665,41.12891,PGCB_2025
7797,11,21,20,9785.5799,39.794692,PGCB_2025
7798,11,21,21,9668.0301,39.316656,PGCB_2025
7799,11,21,22,9239.9384,37.575749,PGCB_2025
7800,11,21,23,8882.0256,36.120237,PGCB_2025
7801,11,22,0,8680.2611,35.299728,PGCB_2025
7802,11,22,1,8198.2456,33.339532,PGCB_2025
7803,11,22,2,7826.7094,31.828618,PGCB_2025
7804,11,22,3,7626.6994,31.015244,PGCB_2025
7805,11,22,4,7372.3006,29.980689,PGCB_2025
7806,11,22,5,7273.6114,29.579353,PGCB_2025
7807,11,22,6,7342.9132,29.86118,PGCB_2025
7808,11,22,7,7458.3137,30.330476,PGCB_2025
7809,11,22,8,7839.3943,31.880203,PGCB_2025
7810,11,22,9,7527.44,30.611589,PGCB_2025
7811,11,22,10,7354.6067,29.908734,PGCB_2025
7812,11,22,11,6477.5275,26.341945,PGCB_2025
7813,11,22,12,7387.8365,30.043868,PGCB_2025
7814,11,22,13,8712.7452,35.43183,PGCB_2025
7815,11,22,14,7750.381,31.518216,PGCB_2025
7816,11,22,15,7259.2598,29.52099,PGCB_2025
7817,11,22,16,7078.5928,28.786277,PGCB_2025
7818,11,22,17,7444.2077,30.273111,PGCB_2025
7819,11,22,18,8689.4721,35.337187,PGCB_2025
7820,11,22,19,8571.0451,34.855583,PGCB_2025
7821,11,22,20,8494.2868,34.543433,PGCB_2025
7822,11,22,21,8473.1893,34.457636,PGCB_2025
7823,11,22,22,8453.1181,34.376014,PGCB_2025
7824,11,22,23,8118.3644,33.014682,PGCB_2025
7825,11,23,0,7926.8548,32.235876,PGCB_2025
7826,11,23,1,7449.2167,30.293481,PGCB_2025
7827,11,23,2,7230.5391,29.404192,PGCB_2025
7828,11,23,3,6758.7346,27.485521,PGCB_2025
7829,11,23,4,6695.5648,27.22863,PGCB_2025
7830,11,23,5,6622.4032,26.931106,PGCB_2025
7831,11,23,6,6886.2235,28.003976,PGCB_2025
7832,11,23,7,7571.9247,30.792494,PGCB_2025
7833,11,23,8,7861.3515,31.969496,PGCB_2025
7834,11,23,9,7735.5118,31.457748,PGCB_2025
7835,11,23,10,7468.2177,30.370752,PGCB_2025
7836,11,23,11,7762.1535,31.566091,PGCB_2025
7837,11,23,12,8348.0865,33.948885,PGCB_2025
7838,11,23,13,8604.0029,34.989612,PGCB_2025
7839,11,23,14,8415.4495,34.222828,PGCB_2025
7840,11,23,15,8231.9491,33.476593,PGCB_2025
7841,11,23,16,8074.6078,32.836738,PGCB_2025
7842,11,23,17,8612.7577,35.025215,PGCB_2025
7843,11,23,18,9989.0901,40.6223,PGCB_2025
7844,11,23,19,9726.2348,39.553355,PGCB_2025
7845,11,23,20,9439.4572,38.387126,PGCB_2025
7846,11,23,21,9213.1827,37.466943,PGCB_2025
7847,11,23,22,8939.0461,36.352121,PGCB_2025
7848,11,23,23,8588.1512,34.925148,PGCB_2025
7849,11,24,0,8234.6247,33.487474,PGCB_2025
7850,11,24,1,7732.4064,31.445119,PGCB_2025
7851,11,24,2,7380.6343,30.014579,PGCB_2025
7852,11,24,3,7200.8007,29.283256,PGCB_2025
7853,11,24,4,6955.1744,28.284376,PGCB_2025
7854,11,24,5,6902.5401,28.07033,PGCB_2025
7855,11,24,6,7149.0438,29.072778,PGCB_2025
7856,11,24,7,7853.5002,31.937567,PGCB_2025
7857,11,24,8,8338.8931,33.911499,PGCB_2025
7858,11,24,9,8281.6007,33.67851,PGCB_2025
7859,11,24,10,8251.8624,33.557574,PGCB_2025
7860,11,24,11,8564.8079,34.830219,PGCB_2025
7861,11,24,12,8889.4032,36.15024,PGCB_2025
7862,11,24,13,9260.7377,37.660333,PGCB_2025
7863,11,24,14,8827.5054,35.898522,PGCB_2025
7864,11,24,15,8698.9112,35.375572,PGCB_2025
7865,11,24,16,8556.6496,34.797042,PGCB_2025
7866,11,24,17,8981.5394,36.524927,PGCB_2025
7867,11,24,18,9921.885,40.348999,PGCB_2025
7868,11,24,19,9576.4114,38.944073,PGCB_2025
7869,11,24,20,9358.7514,38.058922,PGCB_2025
7870,11,24,21,9232.7099,37.546354,PGCB_2025
7871,11,24,22,8788.8455,35.741305,PGCB_2025
7872,11,24,23,8511.0245,34.6115,PGCB_2025
7873,11,25,0,8244.2743,33.526715,PGCB_2025
7874,11,25,1,7660.6397,31.153268,PGCB_2025
7875,11,25,2,7323.5613,29.782483,PGCB_2025
7876,11,25,3,7118.279,28.947668,PGCB_2025
7877,11,25,4,6874.6177,27.956779,PGCB_2025
7878,11,25,5,6868.2138,27.930736,PGCB_2025
7879,11,25,6,7089.7601,28.831691,PGCB_2025
7880,11,25,7,7842.4734,31.892725,PGCB_2025
7881,11,25,8,8355.3676,33.978495,PGCB_2025
7882,11,25,9,8244.4585,33.527465,PGCB_2025
7883,11,25,10,8136.5759,33.088742,PGCB_2025
7884,11,25,11,8364.0259,34.013705,PGCB_2025
7885,11,25,12,8796.6003,35.772841,PGCB_2025
7886,11,25,13,9045.3146,36.784279,PGCB_2025
7887,11,25,14,8804.127,35.80345,PGCB_2025
7888,11,25,15,8618.7843,35.049723,PGCB_2025
7889,11,25,16,8584.5282,34.910415,PGCB_2025
7890,11,25,17,9060.9469,36.847851,PGCB_2025
7891,11,25,18,10079.8929,40.991564,PGCB_2025
7892,11,25,19,9550.4803,38.83862,PGCB_2025
7893,11,25,20,9376.7874,38.132269,PGCB_2025
7894,11,25,21,9282.1423,37.747379,PGCB_2025
7895,11,25,22,8924.8787,36.294507,PGCB_2025
7896,11,25,23,8479.8037,34.484535,PGCB_2025
7897,11,26,0,8204.3424,33.364326,PGCB_2025
7898,11,26,1,7668.7892,31.186409,PGCB_2025
7899,11,26,2,7279.3924,29.602862,PGCB_2025
7900,11,26,3,7044.6876,28.648396,PGCB_2025
7901,11,26,4,6865.6435,27.920284,PGCB_2025
7902,11,26,5,6760.5505,27.492905,PGCB_2025
7903,11,26,6,7053.9951,28.686247,PGCB_2025
7904,11,26,7,7911.0558,32.171627,PGCB_2025
7905,11,26,8,8416.4057,34.226717,PGCB_2025
7906,11,26,9,8230.1683,33.469351,PGCB_2025
7907,11,26,10,8140.4269,33.104403,PGCB_2025
7908,11,26,11,8302.2158,33.762344,PGCB_2025
7909,11,26,12,8847.3923,35.979395,PGCB_2025
7910,11,26,13,9092.0801,36.974459,PGCB_2025
7911,11,26,14,8843.5588,35.963806,PGCB_2025
7912,11,26,15,8539.447,34.727084,PGCB_2025
7913,11,26,16,8405.1332,34.180875,PGCB_2025
7914,11,26,17,8846.401,35.975364,PGCB_2025
7915,11,26,18,10004.7137,40.685836,PGCB_2025
7916,11,26,19,9602.0619,39.048385,PGCB_2025
7917,11,26,20,9342.2242,37.991712,PGCB_2025
7918,11,26,21,9242.7455,37.587165,PGCB_2025
7919,11,26,22,8857.6385,36.021063,PGCB_2025
7920,11,26,23,8537.2715,34.718237,PGCB_2025
7921,11,27,0,8184.6222,33.28413,PGCB_2025
7922,11,27,1,7503.0089,30.512236,PGCB_2025
7923,11,27,2,7144.2189,29.053157,PGCB_2025
7924,11,27,3,6988.948,28.421722,PGCB_2025
7925,11,27,4,6742.4444,27.419274,PGCB_2025
7926,11,27,5,6673.1426,27.137447,PGCB_2025
7927,11,27,6,7060.0042,28.710684,PGCB_2025
7928,11,27,7,7824.8234,31.820948,PGCB_2025
7929,11,27,8,8442.6088,34.333276,PGCB_2025
7930,11,27,9,8071.5638,32.824359,PGCB_2025
7931,11,27,10,8009.9292,32.573712,PGCB_2025
7932,11,27,11,8372.0877,34.04649,PGCB_2025
7933,11,27,12,8866.7705,36.0582,PGCB_2025
7934,11,27,13,9211.0422,37.458238,PGCB_2025
7935,11,27,14,8844.0764,35.965911,PGCB_2025
7936,11,27,15,8544.9824,34.749595,PGCB_2025
7937,11,27,16,8557.8514,34.801929,PGCB_2025
7938,11,27,17,8846.1642,35.974401,PGCB_2025
7939,11,27,18,9999.1871,40.663361,PGCB_2025
7940,11,27,19,9602.6759,39.050882,PGCB_2025
7941,11,27,20,9350.4703,38.025246,PGCB_2025
7942,11,27,21,9286.7302,37.766036,PGCB_2025
7943,11,27,22,8837.2164,35.938013,PGCB_2025
7944,11,27,23,8621.5389,35.060925,PGCB_2025
7945,11,28,0,8256.0907,33.574769,PGCB_2025
7946,11,28,1,7721.4585,31.400598,PGCB_2025
7947,11,28,2,7414.2325,30.151212,PGCB_2025
7948,11,28,3,7161.904,29.125076,PGCB_2025
7949,11,28,4,6907.1544,28.089095,PGCB_2025
7950,11,28,5,6820.343,27.736062,PGCB_2025
7951,11,28,6,7113.5069,28.928261,PGCB_2025
7952,11,28,7,7902.8097,32.138093,PGCB_2025
7953,11,28,8,8496.5677,34.552709,PGCB_2025
7954,11,28,9,8304.5668,33.771905,PGCB_2025
7955,11,28,10,8142.2516,33.111823,PGCB_2025
7956,11,28,11,8383.7374,34.093865,PGCB_2025
7957,11,28,12,8906.9041,36.22141,PGCB_2025
7958,11,28,13,9118.4761,37.081803,PGCB_2025
7959,11,28,14,8929.7298,36.314235,PGCB_2025
7960,11,28,15,8743.4748,35.556798,PGCB_2025
7961,11,28,16,8591.0022,34.936742,PGCB_2025
7962,11,28,17,8952.2748,36.405918,PGCB_2025
7963,11,28,18,10031.8466,40.796176,PGCB_2025
7964,11,28,19,9691.9611,39.413975,PGCB_2025
7965,11,28,20,9377.1821,38.133874,PGCB_2025
7966,11,28,21,9271.5189,37.704177,PGCB_2025
7967,11,28,22,8890.798,36.155912,PGCB_2025
7968,11,28,23,8647.8033,35.167733,PGCB_2025
7969,11,29,0,8290.7678,33.715789,PGCB_2025
7970,11,29,1,7831.5342,31.848239,PGCB_2025
7971,11,29,2,7413.0921,30.146575,PGCB_2025
7972,11,29,3,7165.7113,29.140559,PGCB_2025
7973,11,29,4,7010.4403,28.509124,PGCB_2025
7974,11,29,5,6873.5913,27.952605,PGCB_2025
7975,11,29,6,6941.1386,28.227297,PGCB_2025
7976,11,29,7,7144.0523,29.052479,PGCB_2025
7977,11,29,8,7642.1212,31.07796,PGCB_2025
7978,11,29,9,7336.0356,29.833211,PGCB_2025
7979,11,29,10,7234.0393,29.418426,PGCB_2025
7980,11,29,11,7612.0758,30.955775,PGCB_2025
7981,11,29,12,8259.547,33.588824,PGCB_2025
7982,11,29,13,8929.3,36.312487,PGCB_2025
7983,11,29,14,7570.7316,30.787642,PGCB_2025
7984,11,29,15,7164.8516,29.137063,PGCB_2025
7985,11,29,16,6992.8341,28.437525,PGCB_2025
7986,11,29,17,7503.4037,30.513842,PGCB_2025
7987,11,29,18,8681.1383,35.303296,PGCB_2025
7988,11,29,19,8475.8649,34.468517,PGCB_2025
7989,11,29,20,8377.6143,34.068965,PGCB_2025
7990,11,29,21,8452.7234,34.374408,PGCB_2025
7991,11,29,22,8103.2935,32.953394,PGCB_2025
7992,11,29,23,7892.432,32.09589,PGCB_2025
7993,11,30,0,7547.3006,30.692356,PGCB_2025
7994,11,30,1,7097.1201,28.861622,PGCB_2025
7995,11,30,2,6786.6396,27.599001,PGCB_2025
7996,11,30,3,6431.6831,26.155511,PGCB_2025
7997,11,30,4,6316.1773,25.685788,PGCB_2025
7998,11,30,5,6247.63,25.407029,PGCB_2025
7999,11,30,6,6570.9971,26.722055,PGCB_2025
8000,11,30,7,7289.4543,29.643781,PGCB_2025
8001,11,30,8,7820.9811,31.805323,PGCB_2025
8002,11,30,9,7491.9119,30.467108,PGCB_2025
8003,11,30,10,7441.6199,30.262588,PGCB_2025
8004,11,30,11,7603.6719,30.921599,PGCB_2025
8005,11,30,12,8175.5164,33.2471,PGCB_2025
8006,11,30,13,8600.7834,34.976519,PGCB_2025
8007,11,30,14,8229.1419,33.465177,PGCB_2025
8008,11,30,15,7983.5506,32.466439,PGCB_2025
8009,11,30,16,8003.1744,32.546243,PGCB_2025
8010,11,30,17,8542.7191,34.740391,PGCB_2025
8011,11,30,18,9911.4634,40.306618,PGCB_2025
8012,11,30,19,9616.2731,39.106177,PGCB_2025
8013,11,30,20,9371.5239,38.110864,PGCB_2025
8014,11,30,21,9189.5411,37.3708,PGCB_2025
8015,11,30,22,8878.5693,36.106182,PGCB_2025
8016,11,30,23,8501.4451,34.572543,PGCB_2025
8017,12,1,0,8135.6899,33.085139,PGCB_2025
8018,12,1,1,7609.8739,30.946821,PGCB_2025
8019,12,1,2,7222.872,29.373013,PGCB_2025
8020,12,1,3,6993.7377,28.4412,PGCB_2025
8021,12,1,4,6806.0177,27.677805,PGCB_2025
8022,12,1,5,6704.6968,27.265767,PGCB_2025
8023,12,1,6,7086.2423,28.817385,PGCB_2025
8024,12,1,7,7847.535,31.913309,PGCB_2025
8025,12,1,8,8515.3493,34.629087,PGCB_2025
8026,12,1,9,8439.3192,34.319898,PGCB_2025
8027,12,1,10,8328.8312,33.87058,PGCB_2025
8028,12,1,11,8608.3978,35.007484,PGCB_2025
8029,12,1,12,9052.6658,36.814174,PGCB_2025
8030,12,1,13,9391.0863,38.190418,PGCB_2025
8031,12,1,14,8959.4681,36.43517,PGCB_2025
8032,12,1,15,8756.8,35.610987,PGCB_2025
8033,12,1,16,8682.077,35.307113,PGCB_2025
8034,12,1,17,8744.738,35.561935,PGCB_2025
8035,12,1,18,10004.2751,40.684052,PGCB_2025
8036,12,1,19,9755.8415,39.673755,PGCB_2025
8037,12,1,20,9464.5111,38.489012,PGCB_2025
8038,12,1,21,9197.831,37.404513,PGCB_2025
8039,12,1,22,8876.3236,36.097049,PGCB_2025
8040,12,1,23,8553.5004,34.784235,PGCB_2025
8041,12,2,0,8114.0046,32.996952,PGCB_2025
8042,12,2,1,7660.473,31.15259,PGCB_2025
8043,12,2,2,7300.8058,29.689944,PGCB_2025
8044,12,2,3,7039.3891,28.626849,PGCB_2025
8045,12,2,4,6866.5734,27.924065,PGCB_2025
8046,12,2,5,6787.6221,27.602997,PGCB_2025
8047,12,2,6,7206.5028,29.306445,PGCB_2025
8048,12,2,7,7799.2694,31.717029,PGCB_2025
8049,12,2,8,8400.3874,34.161575,PGCB_2025
8050,12,2,9,8374.9212,34.058013,PGCB_2025
8051,12,2,10,8126.7333,33.048715,PGCB_2025
8052,12,2,11,8397.0188,34.147876,PGCB_2025
8053,12,2,12,9058.9731,36.839824,PGCB_2025
8054,12,2,13,9238.0699,37.568151,PGCB_2025
8055,12,2,14,8791.565,35.752364,PGCB_2025
8056,12,2,15,8589.1425,34.92918,PGCB_2025
8057,12,2,16,8567.659,34.841813,PGCB_2025
8058,12,2,17,9011.8918,36.64836,PGCB_2025
8059,12,2,18,9944.7984,40.44218,PGCB_2025
8060,12,2,19,9550.6558,38.839334,PGCB_2025
8061,12,2,20,9375.9101,38.128701,PGCB_2025
8062,12,2,21,9238.2102,37.568721,PGCB_2025
8063,12,2,22,8850.3662,35.991489,PGCB_2025
8064,12,2,23,8464.452,34.422105,PGCB_2025
8065,12,3,0,8158.0682,33.176144,PGCB_2025
8066,12,3,1,7661.9292,31.158512,PGCB_2025
8067,12,3,2,7295.1651,29.667005,PGCB_2025
8068,12,3,3,7065.9869,28.735013,PGCB_2025
8069,12,3,4,6823.6677,27.749582,PGCB_2025
8070,12,3,5,6758.8224,27.485878,PGCB_2025
8071,12,3,6,7132.4727,29.005389,PGCB_2025
8072,12,3,7,7690.8605,31.276166,PGCB_2025
8073,12,3,8,8429.5555,34.280192,PGCB_2025
8074,12,3,9,8465.4082,34.425993,PGCB_2025
8075,12,3,10,8220.2818,33.429146,PGCB_2025
8076,12,3,11,8322.4449,33.844609,PGCB_2025
8077,12,3,12,8748.8084,35.578487,PGCB_2025
8078,12,3,13,9228.7712,37.530336,PGCB_2025
8079,12,3,14,8726.1845,35.486484,PGCB_2025
8080,12,3,15,8566.6852,34.837853,PGCB_2025
8081,12,3,16,8448.9425,34.359033,PGCB_2025
8082,12,3,17,8934.0809,36.331929,PGCB_2025
8083,12,3,18,9840.4072,40.017656,PGCB_2025
8084,12,3,19,9611.5623,39.08702,PGCB_2025
8085,12,3,20,9342.5488,37.993032,PGCB_2025
8086,12,3,21,9134.3804,37.14648,PGCB_2025
8087,12,3,22,8847.3748,35.979324,PGCB_2025
8088,12,3,23,8495.6027,34.548784,PGCB_2025
8089,12,4,0,7982.419,32.461837,PGCB_2025
8090,12,4,1,7526.2557,30.606773,PGCB_2025
8091,12,4,2,7206.0642,29.304661,PGCB_2025
8092,12,4,3,6901.6629,28.066762,PGCB_2025
8093,12,4,4,6612.1746,26.88951,PGCB_2025
8094,12,4,5,6673.5812,27.13923,PGCB_2025
8095,12,4,6,6980.6142,28.387831,PGCB_2025
8096,12,4,7,7643.4195,31.083239,PGCB_2025
8097,12,4,8,8591.897,34.940381,PGCB_2025
8098,12,4,9,8313.3392,33.807579,PGCB_2025
8099,12,4,10,8111.3465,32.986142,PGCB_2025
8100,12,4,11,8290.9433,33.716503,PGCB_2025
8101,12,4,12,8855.7173,36.01325,PGCB_2025
8102,12,4,13,8818.7242,35.862812,PGCB_2025
8103,12,4,14,8635.1097,35.116113,PGCB_2025
8104,12,4,15,8576.5805,34.878094,PGCB_2025
8105,12,4,16,8421.4235,34.247122,PGCB_2025
8106,12,4,17,8929.3964,36.312879,PGCB_2025
8107,12,4,18,9766.7017,39.71792,PGCB_2025
8108,12,4,19,9695.9613,39.430243,PGCB_2025
8109,12,4,20,9428.404,38.342176,PGCB_2025
8110,12,4,21,9274.3963,37.715878,PGCB_2025
8111,12,4,22,8854.0681,36.006544,PGCB_2025
8112,12,4,23,8407.2562,34.189509,PGCB_2025
8113,12,5,0,8071.0112,32.822112,PGCB_2025
8114,12,5,1,7463.0245,30.349633,PGCB_2025
8115,12,5,2,7102.1905,28.882241,PGCB_2025
8116,12,5,3,6847.5198,27.846581,PGCB_2025
8117,12,5,4,6665.8703,27.107873,PGCB_2025
8118,12,5,5,6629.0527,26.958148,PGCB_2025
8119,12,5,6,6980.123,28.385834,PGCB_2025
8120,12,5,7,7632.4453,31.038611,PGCB_2025
8121,12,5,8,8247.599,33.540236,PGCB_2025
8122,12,5,9,8399.6066,34.1584,PGCB_2025
8123,12,5,10,8220.4573,33.42986,PGCB_2025
8124,12,5,11,8456.6885,34.390533,PGCB_2025
8125,12,5,12,8936.7565,36.34281,PGCB_2025
8126,12,5,13,9227.0605,37.523379,PGCB_2025
8127,12,5,14,8878.5606,36.106146,PGCB_2025
8128,12,5,15,8613.2577,35.027248,PGCB_2025
8129,12,5,16,8488.7953,34.521101,PGCB_2025
8130,12,5,17,8914.0273,36.250378,PGCB_2025
8131,12,5,18,9826.9855,39.963074,PGCB_2025
8132,12,5,19,9503.1972,38.646335,PGCB_2025
8133,12,5,20,9290.8181,37.78266,PGCB_2025
8134,12,5,21,9098.019,36.998611,PGCB_2025
8135,12,5,22,8833.5758,35.923208,PGCB_2025
8136,12,5,23,8423.3798,34.255078,PGCB_2025
8137,12,6,0,8135.4969,33.084354,PGCB_2025
8138,12,6,1,7616.3392,30.973113,PGCB_2025
8139,12,6,2,7265.0408,29.544499,PGCB_2025
8140,12,6,3,6944.5598,28.24121,PGCB_2025
8141,12,6,4,6769.0071,27.527296,PGCB_2025
8142,12,6,5,6548.3732,26.630051,PGCB_2025
8143,12,6,6,6747.6201,27.440322,PGCB_2025
8144,12,6,7,6970.1751,28.345379,PGCB_2025
8145,12,6,8,7405.5479,30.115895,PGCB_2025
8146,12,6,9,7257.944,29.515639,PGCB_2025
8147,12,6,10,7099.936,28.873073,PGCB_2025
8148,12,6,11,7274.4799,29.582885,PGCB_2025
8149,12,6,12,7967.6551,32.401797,PGCB_2025
8150,12,6,13,8625.8198,35.078334,PGCB_2025
8151,12,6,14,7639.2702,31.066365,PGCB_2025
8152,12,6,15,7026.8709,28.575942,PGCB_2025
8153,12,6,16,6802.3597,27.662929,PGCB_2025
8154,12,6,17,7227.574,29.392134,PGCB_2025
8155,12,6,18,8430.1959,34.282797,PGCB_2025
8156,12,6,19,8351.1744,33.961443,PGCB_2025
8157,12,6,20,8257.0644,33.578729,PGCB_2025
8158,12,6,21,8264.9595,33.610835,PGCB_2025
8159,12,6,22,8075.4763,32.84027,PGCB_2025
8160,12,6,23,7699.2995,31.310485,PGCB_2025
8161,12,7,0,7371.397,29.977014,PGCB_2025
8162,12,7,1,6894.838,28.039008,PGCB_2025
8163,12,7,2,6531.6531,26.562056,PGCB_2025
8164,12,7,3,6366.1009,25.88881,PGCB_2025
8165,12,7,4,6137.6245,24.959673,PGCB_2025
8166,12,7,5,6116.9392,24.875553,PGCB_2025
8167,12,7,6,6551.7506,26.643786,PGCB_2025
8168,12,7,7,7089.1811,28.829336,PGCB_2025
8169,12,7,8,7742.0824,31.484468,PGCB_2025
8170,12,7,9,7213.0207,29.332951,PGCB_2025
8171,12,7,10,6960.0957,28.304389,PGCB_2025
8172,12,7,11,7156.0967,29.10146,PGCB_2025
8173,12,7,12,7790.6023,31.681783,PGCB_2025
8174,12,7,13,8078.494,32.852542,PGCB_2025
8175,12,7,14,7888.2651,32.078945,PGCB_2025
8176,12,7,15,7721.9585,31.402631,PGCB_2025
8177,12,7,16,7780.0667,31.638938,PGCB_2025
8178,12,7,17,8428.845,34.277303,PGCB_2025
8179,12,7,18,9555.7437,38.860024,PGCB_2025
8180,12,7,19,9651.9766,39.251372,PGCB_2025
8181,12,7,20,9221.2532,37.499763,PGCB_2025
8182,12,7,21,9047.7884,36.794339,PGCB_2025
8183,12,7,22,8707.2625,35.409534,PGCB_2025
8184,12,7,23,8181.7097,33.272286,PGCB_2025
8185,12,8,0,7870.0537,32.004885,PGCB_2025
8186,12,8,1,7443.2164,30.26908,PGCB_2025
8187,12,8,2,7086.4178,28.818099,PGCB_2025
8188,12,8,3,6824.352,27.752365,PGCB_2025
8189,12,8,4,6631.5879,26.968457,PGCB_2025
8190,12,8,5,6547.5749,26.626805,PGCB_2025
8191,12,8,6,6909.1194,28.097086,PGCB_2025
8192,12,8,7,7561.5206,30.750184,PGCB_2025
8193,12,8,8,8418.6602,34.235885,PGCB_2025
8194,12,8,9,8515.0072,34.627696,PGCB_2025
8195,12,8,10,8106.9779,32.968377,PGCB_2025
8196,12,8,11,8291.3644,33.718215,PGCB_2025
8197,12,8,12,8845.98,35.973652,PGCB_2025
8198,12,8,13,9155.4955,37.232348,PGCB_2025
8199,12,8,14,8752.5279,35.593613,PGCB_2025
8200,12,8,15,8374.5791,34.056622,PGCB_2025
8201,12,8,16,8297.3383,33.742509,PGCB_2025
8202,12,8,17,9038.4107,36.756204,PGCB_2025
8203,12,8,18,9944.0177,40.439005,PGCB_2025
8204,12,8,19,9457.1774,38.459188,PGCB_2025
8205,12,8,20,9327.8025,37.933064,PGCB_2025
8206,12,8,21,9015.3657,36.662487,PGCB_2025
8207,12,8,22,8737.2815,35.531611,PGCB_2025
8208,12,8,23,8326.0328,33.8592,PGCB_2025
8209,12,9,0,7921.8896,32.215684,PGCB_2025
8210,12,9,1,7270.9797,29.568651,PGCB_2025
8211,12,9,2,7156.9389,29.104885,PGCB_2025
8212,12,9,3,6881.9251,27.986495,PGCB_2025
8213,12,9,4,6648.58,27.037559,PGCB_2025
8214,12,9,5,6588.9279,26.794973,PGCB_2025
8215,12,9,6,6947.7178,28.254052,PGCB_2025
8216,12,9,7,7593.3994,30.879824,PGCB_2025
8217,12,9,8,8212.6499,33.39811,PGCB_2025
8218,12,9,9,8163.8053,33.199475,PGCB_2025
8219,12,9,10,7955.8475,32.35378,PGCB_2025
8220,12,9,11,8232.3877,33.478377,PGCB_2025
8221,12,9,12,8623.5302,35.069023,PGCB_2025
8222,12,9,13,8969.1879,36.474697,PGCB_2025
8223,12,9,14,8502.0855,34.575148,PGCB_2025
8224,12,9,15,8330.0944,33.875717,PGCB_2025
8225,12,9,16,8202.6143,33.357298,PGCB_2025
8226,12,9,17,8609.0558,35.01016,PGCB_2025
8227,12,9,18,9821.7834,39.941919,PGCB_2025
8228,12,9,19,9580.0695,38.958949,PGCB_2025
8229,12,9,20,9378.2348,38.138155,PGCB_2025
8230,12,9,21,9136.9157,37.156791,PGCB_2025
8231,12,9,22,8773.1342,35.677412,PGCB_2025
8232,12,9,23,8332.7963,33.886705,PGCB_2025
8233,12,10,0,8041.8518,32.703531,PGCB_2025
8234,12,10,1,7519.9747,30.58123,PGCB_2025
8235,12,10,2,7160.6847,29.120118,PGCB_2025
8236,12,10,3,6825.1854,27.755754,PGCB_2025
8237,12,10,4,6669.7389,27.123605,PGCB_2025
8238,12,10,5,6678.3622,27.158673,PGCB_2025
8239,12,10,6,7035.0556,28.609226,PGCB_2025
8240,12,10,7,7734.9329,31.455394,PGCB_2025
8241,12,10,8,8428.8186,34.277196,PGCB_2025
8242,12,10,9,8461.0308,34.408192,PGCB_2025
8243,12,10,10,8162.4281,33.193874,PGCB_2025
8244,12,10,11,8309.7776,33.793096,PGCB_2025
8245,12,10,12,8804.2323,35.803878,PGCB_2025
8246,12,10,13,9096.168,36.991083,PGCB_2025
8247,12,10,14,8792.679,35.756895,PGCB_2025
8248,12,10,15,8458.8728,34.399416,PGCB_2025
8249,12,10,16,8333.1384,33.888096,PGCB_2025
8250,12,10,17,8726.0178,35.485806,PGCB_2025
8251,12,10,18,9783.7552,39.787271,PGCB_2025
8252,12,10,19,9531.1285,38.759923,PGCB_2025
8253,12,10,20,9317.2317,37.890076,PGCB_2025
8254,12,10,21,9103.1859,37.019623,PGCB_2025
8255,12,10,22,8845.8659,35.973188,PGCB_2025
8256,12,10,23,8355.9729,33.980956,PGCB_2025
8257,12,11,0,7979.7347,32.450921,PGCB_2025
8258,12,11,1,7487.5959,30.449557,PGCB_2025
8259,12,11,2,7173.1678,29.170882,PGCB_2025
8260,12,11,3,6894.3116,28.036867,PGCB_2025
8261,12,11,4,6687.889,27.197415,PGCB_2025
8262,12,11,5,6629.6755,26.96068,PGCB_2025
8263,12,11,6,6987.6848,28.416585,PGCB_2025
8264,12,11,7,7688.1498,31.265143,PGCB_2025
8265,12,11,8,8351.4288,33.962477,PGCB_2025
8266,12,11,9,8376.3511,34.063828,PGCB_2025
8267,12,11,10,8230.2385,33.469637,PGCB_2025
8268,12,11,11,8411.2476,34.20574,PGCB_2025
8269,12,11,12,8811.373,35.832917,PGCB_2025
8270,12,11,13,9074.2634,36.902004,PGCB_2025
8271,12,11,14,8606.8188,35.001063,PGCB_2025
8272,12,11,15,8463.7941,34.419429,PGCB_2025
8273,12,11,16,8367.5349,34.027975,PGCB_2025
8274,12,11,17,8767.1427,35.653047,PGCB_2025
8275,12,11,18,9911.3932,40.306332,PGCB_2025
8276,12,11,19,9701.5055,39.452789,PGCB_2025
8277,12,11,20,9476.7924,38.538956,PGCB_2025
8278,12,11,21,9285.9933,37.763039,PGCB_2025
8279,12,11,22,8904.8338,36.212991,PGCB_2025
8280,12,11,23,8478.058,34.477436,PGCB_2025
8281,12,12,0,8057.4228,32.766853,PGCB_2025
8282,12,12,1,7545.1163,30.683473,PGCB_2025
8283,12,12,2,7187.2036,29.227961,PGCB_2025
8284,12,12,3,6911.7511,28.107788,PGCB_2025
8285,12,12,4,6730.163,27.36933,PGCB_2025
8286,12,12,5,6559.1018,26.673681,PGCB_2025
8287,12,12,6,6983.6846,28.400317,PGCB_2025
8288,12,12,7,7487.359,30.448593,PGCB_2025
8289,12,12,8,8430.4415,34.283795,PGCB_2025
8290,12,12,9,8483.8214,34.500874,PGCB_2025
8291,12,12,10,8225.9751,33.452299,PGCB_2025
8292,12,12,11,8405.9228,34.184086,PGCB_2025
8293,12,12,12,8822.8209,35.879472,PGCB_2025
8294,12,12,13,9233.5609,37.549814,PGCB_2025
8295,12,12,14,8781.5118,35.711481,PGCB_2025
8296,12,12,15,8602.8976,34.985117,PGCB_2025
8297,12,12,16,8359.1485,33.993871,PGCB_2025
8298,12,12,17,8748.168,35.575883,PGCB_2025
8299,12,12,18,9858.2063,40.090039,PGCB_2025
8300,12,12,19,9608.0358,39.072679,PGCB_2025
8301,12,12,20,9424.0705,38.324553,PGCB_2025
8302,12,12,21,9236.1926,37.560517,PGCB_2025
8303,12,12,22,8769.7305,35.663571,PGCB_2025
8304,12,12,23,8489.9182,34.525667,PGCB_2025
8305,12,13,0,8133.3827,33.075756,PGCB_2025
8306,12,13,1,7666.5435,31.177277,PGCB_2025
8307,12,13,2,7173.5713,29.172523,PGCB_2025
8308,12,13,3,6975.8859,28.368603,PGCB_2025
8309,12,13,4,6689.9944,27.205977,PGCB_2025
8310,12,13,5,6578.901,26.754197,PGCB_2025
8311,12,13,6,6759.5329,27.488767,PGCB_2025
8312,12,13,7,6883.8287,27.994237,PGCB_2025
8313,12,13,8,7584.3551,30.843044,PGCB_2025
8314,12,13,9,7671.5437,31.197611,PGCB_2025
8315,12,13,10,7267.8567,29.555951,PGCB_2025
8316,12,13,11,7531.4051,30.627714,PGCB_2025
8317,12,13,12,8031.3337,32.660757,PGCB_2025
8318,12,13,13,8924.0804,36.29126,PGCB_2025
8319,12,13,14,7643.7528,31.084595,PGCB_2025
8320,12,13,15,6918.5848,28.135578,PGCB_2025
8321,12,13,16,6845.6776,27.839089,PGCB_2025
8322,12,13,17,7245.1626,29.463661,PGCB_2025
8323,12,13,18,8287.3642,33.701948,PGCB_2025
8324,12,13,19,8476.8474,34.472513,PGCB_2025
8325,12,13,20,8370.6315,34.040568,PGCB_2025
8326,12,13,21,8347.7883,33.947672,PGCB_2025
8327,12,13,22,8121.1979,33.026205,PGCB_2025
8328,12,13,23,7817.0598,31.789377,PGCB_2025
8329,12,14,0,7345.1062,29.870099,PGCB_2025
8330,12,14,1,6998.5976,28.460964,PGCB_2025
8331,12,14,2,6572.2604,26.727192,PGCB_2025
8332,12,14,3,6302.9486,25.631991,PGCB_2025
8333,12,14,4,6170.4858,25.093309,PGCB_2025
8334,12,14,5,6121.3605,24.893533,PGCB_2025
8335,12,14,6,6562.6108,26.687951,PGCB_2025
8336,12,14,7,7100.4185,28.875035,PGCB_2025
8337,12,14,8,7759.2323,31.554211,PGCB_2025
8338,12,14,9,7471.5424,30.384272,PGCB_2025
8339,12,14,10,7093.155,28.845497,PGCB_2025
8340,12,14,11,7666.7715,31.178204,PGCB_2025
8341,12,14,12,8171.7706,33.231867,PGCB_2025
8342,12,14,13,8477.6281,34.475688,PGCB_2025
8343,12,14,14,8184.0958,33.28199,PGCB_2025
8344,12,14,15,7988.6211,32.487059,PGCB_2025
8345,12,14,16,7851.7107,31.93029,PGCB_2025
8346,12,14,17,8433.8891,34.297816,PGCB_2025
8347,12,14,18,9751.2711,39.655169,PGCB_2025
8348,12,14,19,9559.2351,38.874223,PGCB_2025
8349,12,14,20,9322.7408,37.912479,PGCB_2025
8350,12,14,21,9137.6876,37.15993,PGCB_2025
8351,12,14,22,8908.7287,36.22883,PGCB_2025
8352,12,14,23,8354.5693,33.975248,PGCB_2025
8353,12,15,0,8084.0206,32.875017,PGCB_2025
8354,12,15,1,7447.8395,30.287881,PGCB_2025
8355,12,15,2,7121.8669,28.962259,PGCB_2025
8356,12,15,3,6807.9915,27.685832,PGCB_2025
8357,12,15,4,6616.517,26.907169,PGCB_2025
8358,12,15,5,6571.1814,26.722804,PGCB_2025
8359,12,15,6,6976.5614,28.37135,PGCB_2025
8360,12,15,7,7496.7104,30.486622,PGCB_2025
8361,12,15,8,8293.7329,33.727847,PGCB_2025
8362,12,15,9,8433.4154,34.295889,PGCB_2025
8363,12,15,10,8261.9067,33.598421,PGCB_2025
8364,12,15,11,8474.356,34.462381,PGCB_2025
8365,12,15,12,8951.9239,36.404491,PGCB_2025
8366,12,15,13,9378.2611,38.138262,PGCB_2025
8367,12,15,14,8941.7041,36.36293,PGCB_2025
8368,12,15,15,8674.059,35.274507,PGCB_2025
8369,12,15,16,8511.8842,34.614996,PGCB_2025
8370,12,15,17,8887.3066,36.141714,PGCB_2025
8371,12,15,18,9924.3588,40.359059,PGCB_2025
8372,12,15,19,9731.1912,39.573511,PGCB_2025
8373,12,15,20,9524.6018,38.733381,PGCB_2025
8374,12,15,21,9286.0986,37.763468,PGCB_2025
8375,12,15,22,8923.6067,36.289334,PGCB_2025
8376,12,15,23,8524.0076,34.664298,PGCB_2025
8377,12,16,0,8127.0929,33.050178,PGCB_2025
8378,12,16,1,7620.6903,30.990807,PGCB_2025
8379,12,16,2,7274.8922,29.584562,PGCB_2025
8380,12,16,3,7012.7036,28.518328,PGCB_2025
8381,12,16,4,6691.7576,27.213148,PGCB_2025
8382,12,16,5,6728.777,27.363693,PGCB_2025
8383,12,16,6,6962.1835,28.31288,PGCB_2025
8384,12,16,7,7513.0445,30.553048,PGCB_2025
8385,12,16,8,8296.8734,33.740618,PGCB_2025
8386,12,16,9,8523.5339,34.662371,PGCB_2025
8387,12,16,10,8347.5953,33.946888,PGCB_2025
8388,12,16,11,8457.1271,34.392317,PGCB_2025
8389,12,16,12,8886.2539,36.137433,PGCB_2025
8390,12,16,13,9312.1613,37.869456,PGCB_2025
8391,12,16,14,8974.8987,36.497921,PGCB_2025
8392,12,16,15,8438.4683,34.316438,PGCB_2025
8393,12,16,16,8364.7102,34.016488,PGCB_2025
8394,12,16,17,8577.2296,34.880734,PGCB_2025
8395,12,16,18,9857.8993,40.08879,PGCB_2025
8396,12,16,19,9580.8941,38.962303,PGCB_2025
8397,12,16,20,9332.9255,37.953897,PGCB_2025
8398,12,16,21,9201.6908,37.420209,PGCB_2025
8399,12,16,22,8820.619,35.870517,PGCB_2025
8400,12,16,23,8410.9493,34.204527,PGCB_2025
8401,12,17,0,8151.7258,33.150352,PGCB_2025
8402,12,17,1,7562.2224,30.753038,PGCB_2025
8403,12,17,2,7235.013,29.422386,PGCB_2025
8404,12,17,3,6925.3483,28.163083,PGCB_2025
8405,12,17,4,6678.8447,27.160635,PGCB_2025
8406,12,17,5,6550.7681,26.63979,PGCB_2025
8407,12,17,6,6619.1925,26.91805,PGCB_2025
8408,12,17,7,6719.4081,27.325593,PGCB_2025
8409,12,17,8,7289.5596,29.644209,PGCB_2025
8410,12,17,9,7172.7993,29.169384,PGCB_2025
8411,12,17,10,6933.2083,28.195047,PGCB_2025
8412,12,17,11,7010.2736,28.508446,PGCB_2025
8413,12,17,12,7619.0148,30.983994,PGCB_2025
8414,12,17,13,8199.1317,33.343136,PGCB_2025
8415,12,17,14,7883.7474,32.060573,PGCB_2025
8416,12,17,15,7099.2956,28.870469,PGCB_2025
8417,12,17,16,6799.2191,27.650158,PGCB_2025
8418,12,17,17,6961.1308,28.308599,PGCB_2025
8419,12,17,18,8156.5506,33.169972,PGCB_2025
8420,12,17,19,8117.9521,33.013005,PGCB_2025
8421,12,17,20,8028.4739,32.649127,PGCB_2025
8422,12,17,21,8018.8243,32.609885,PGCB_2025
8423,12,17,22,7902.5904,32.137201,PGCB_2025
8424,12,17,23,7450.8133,30.299974,PGCB_2025
8425,12,18,0,7162.2023,29.126289,PGCB_2025
8426,12,18,1,6712.1797,27.296197,PGCB_2025
8427,12,18,2,6357.7759,25.854955,PGCB_2025
8428,12,18,3,6069.1649,24.681271,PGCB_2025
8429,12,18,4,5998.9859,24.395876,PGCB_2025
8430,12,18,5,5935.8248,24.139021,PGCB_2025
8431,12,18,6,6422.6914,26.118945,PGCB_2025
8432,12,18,7,6933.2785,28.195333,PGCB_2025
8433,12,18,8,7825.4901,31.82366,PGCB_2025
8434,12,18,9,8167.0511,33.212674,PGCB_2025
8435,12,18,10,7990.6036,32.495121,PGCB_2025
8436,12,18,11,8077.722,32.849403,PGCB_2025
8437,12,18,12,8606.1346,34.998281,PGCB_2025
8438,12,18,13,9076.8951,36.912707,PGCB_2025
8439,12,18,14,8651.8825,35.184322,PGCB_2025
8440,12,18,15,8240.0021,33.509342,PGCB_2025
8441,12,18,16,8151.6293,33.149959,PGCB_2025
8442,12,18,17,8675.0328,35.278467,PGCB_2025
8443,12,18,18,9460.5372,38.472851,PGCB_2025
8444,12,18,19,9697.8649,39.437984,PGCB_2025
8445,12,18,20,9385.7527,38.168728,PGCB_2025
8446,12,18,21,9227.3237,37.52445,PGCB_2025
8447,12,18,22,8796.6442,35.77302,PGCB_2025
8448,12,18,23,8405.6771,34.183087,PGCB_2025
8449,12,19,0,8204.3424,33.364326,PGCB_2025
8450,12,19,1,7574.9775,30.804909,PGCB_2025
8451,12,19,2,7068.259,28.744253,PGCB_2025
8452,12,19,3,6871.9509,27.945934,PGCB_2025
8453,12,19,4,6690.74,27.209009,PGCB_2025
8454,12,19,5,6612.6834,26.891579,PGCB_2025
8455,12,19,6,7007.8963,28.498778,PGCB_2025
8456,12,19,7,7380.7484,30.015043,PGCB_2025
8457,12,19,8,8082.0819,32.867133,PGCB_2025
8458,12,19,9,8508.6648,34.601904,PGCB_2025
8459,12,19,10,8306.2072,33.778576,PGCB_2025
8460,12,19,11,8437.7226,34.313405,PGCB_2025
8461,12,19,12,8949.9764,36.396571,PGCB_2025
8462,12,19,13,9347.1806,38.011868,PGCB_2025
8463,12,19,14,9012.348,36.650215,PGCB_2025
8464,12,19,15,8642.8733,35.147685,PGCB_2025
8465,12,19,16,8355.5869,33.979387,PGCB_2025
8466,12,19,17,8544.1578,34.746242,PGCB_2025
8467,12,19,18,9860.1976,40.098137,PGCB_2025
8468,12,19,19,9605.7463,39.063368,PGCB_2025
8469,12,19,20,9335.1888,37.963101,PGCB_2025
8470,12,19,21,9199.0942,37.40965,PGCB_2025
8471,12,19,22,8985.3642,36.540481,PGCB_2025
8472,12,19,23,8377.6143,34.068965,PGCB_2025
8473,12,20,0,8171.4636,33.230619,PGCB_2025
8474,12,20,1,7738.9857,31.471875,PGCB_2025
8475,12,20,2,7267.9094,29.556165,PGCB_2025
8476,12,20,3,6955.613,28.28616,PGCB_2025
8477,12,20,4,6711.7411,27.294414,PGCB_2025
8478,12,20,5,6742.4444,27.419274,PGCB_2025
8479,12,20,6,6949.4723,28.261187,PGCB_2025
8480,12,20,7,7058.8901,28.706153,PGCB_2025
8481,12,20,8,7694.6589,31.291613,PGCB_2025
8482,12,20,9,7608.6809,30.941969,PGCB_2025
8483,12,20,10,7481.5956,30.425155,PGCB_2025
8484,12,20,11,7575.5827,30.80737,PGCB_2025
8485,12,20,12,8207.8865,33.378738,PGCB_2025
8486,12,20,13,8732.948,35.513989,PGCB_2025
8487,12,20,14,7443.8568,30.271684,PGCB_2025
8488,12,20,15,6901.7769,28.067226,PGCB_2025
8489,12,20,16,6862.6258,27.908012,PGCB_2025
8490,12,20,17,7238.6535,29.437191,PGCB_2025
8491,12,20,18,8286.8203,33.699736,PGCB_2025
8492,12,20,19,8440.3368,34.324036,PGCB_2025
8493,12,20,20,8410.5107,34.202744,PGCB_2025
8494,12,20,21,8425.8711,34.265209,PGCB_2025
8495,12,20,22,8298.663,33.747896,PGCB_2025
8496,12,20,23,7816.3054,31.786309,PGCB_2025
8497,12,21,0,7526.6154,30.608236,PGCB_2025
8498,12,21,1,7091.2514,28.837756,PGCB_2025
8499,12,21,2,6725.8295,27.351707,PGCB_2025
8500,12,21,3,6516.5558,26.50066,PGCB_2025
8501,12,21,4,6352.1265,25.831981,PGCB_2025
8502,12,21,5,6188.3639,25.166013,PGCB_2025
8503,12,21,6,6651.5801,27.049759,PGCB_2025
8504,12,21,7,7130.8937,28.998968,PGCB_2025
8505,12,21,8,7796.5939,31.706149,PGCB_2025
8506,12,21,9,8288.0923,33.704909,PGCB_2025
8507,12,21,10,8186.8152,33.293048,PGCB_2025
8508,12,21,11,8293.461,33.726741,PGCB_2025
8509,12,21,12,8644.0049,35.152287,PGCB_2025
8510,12,21,13,9024.6732,36.700338,PGCB_2025
8511,12,21,14,8627.6883,35.085932,PGCB_2025
8512,12,21,15,8429.4064,34.279586,PGCB_2025
8513,12,21,16,8339.5773,33.914281,PGCB_2025
8514,12,21,17,8617.7667,35.045585,PGCB_2025
8515,12,21,18,9635.3969,39.183947,PGCB_2025
8516,12,21,19,9426.5267,38.334542,PGCB_2025
8517,12,21,20,9251.2547,37.621769,PGCB_2025
8518,12,21,21,9183.7075,37.347077,PGCB_2025
8519,12,21,22,8790.793,35.749225,PGCB_2025
8520,12,21,23,8219.7116,33.426827,PGCB_2025
8521,12,22,0,7844.2542,31.899967,PGCB_2025
8522,12,22,1,7428.4438,30.209005,PGCB_2025
8523,12,22,2,7018.774,28.543014,PGCB_2025
8524,12,22,3,6751.2167,27.454948,PGCB_2025
8525,12,22,4,6559.1018,26.673681,PGCB_2025
8526,12,22,5,6462.6057,26.281263,PGCB_2025
8527,12,22,6,6863.5031,27.911579,PGCB_2025
8528,12,22,7,7306.9815,29.715058,PGCB_2025
8529,12,22,8,7953.8825,32.345789,PGCB_2025
8530,12,22,9,8418.1602,34.233851,PGCB_2025
8531,12,22,10,8390.0009,34.119337,PGCB_2025
8532,12,22,11,8447.1704,34.351826,PGCB_2025
8533,12,22,12,8887.9909,36.144496,PGCB_2025
8534,12,22,13,9227.0518,37.523344,PGCB_2025
8535,12,22,14,8838.1901,35.941973,PGCB_2025
8536,12,22,15,8498.7344,34.56152,PGCB_2025
8537,12,22,16,8371.8772,34.045634,PGCB_2025
8538,12,22,17,8580.7386,34.895004,PGCB_2025
8539,12,22,18,9690.2242,39.406912,PGCB_2025
8540,12,22,19,9581.8854,38.966334,PGCB_2025
8541,12,22,20,9371.5239,38.110864,PGCB_2025
8542,12,22,21,9185.7778,37.355496,PGCB_2025
8543,12,22,22,8616.0561,35.038628,PGCB_2025
8544,12,22,23,8260.6786,33.593426,PGCB_2025
8545,12,23,0,7918.1789,32.200594,PGCB_2025
8546,12,23,1,7402.846,30.104907,PGCB_2025
8547,12,23,2,6972.3857,28.354369,PGCB_2025
8548,12,23,3,6736.5493,27.3953,PGCB_2025
8549,12,23,4,6543.4168,26.609895,PGCB_2025
8550,12,23,5,6446.9119,26.217442,PGCB_2025
8551,12,23,6,6651.2556,27.048439,PGCB_2025
8552,12,23,7,7147.6139,29.066963,PGCB_2025
8553,12,23,8,8037.4569,32.685658,PGCB_2025
8554,12,23,9,8387.1674,34.107814,PGCB_2025
8555,12,23,10,8232.414,33.478484,PGCB_2025
8556,12,23,11,8364.4821,34.015561,PGCB_2025
8557,12,23,12,8860.5509,36.032907,PGCB_2025
8558,12,23,13,9185.1462,37.352928,PGCB_2025
8559,12,23,14,8833.5144,35.922959,PGCB_2025
8560,12,23,15,8463.3818,34.417753,PGCB_2025
8561,12,23,16,7682.3776,31.241669,PGCB_2025
8562,12,23,17,8582.1158,34.900604,PGCB_2025
8563,12,23,18,9828.3189,39.968497,PGCB_2025
8564,12,23,19,9683.0396,39.377694,PGCB_2025
8565,12,23,20,9368.5413,38.098735,PGCB_2025
8566,12,23,21,9224.5341,37.513105,PGCB_2025
8567,12,23,22,8841.0236,35.953496,PGCB_2025
8568,12,23,23,8371.4737,34.043993,PGCB_2025
8569,12,24,0,7997.7268,32.524089,PGCB_2025
8570,12,24,1,7240.6361,29.445253,PGCB_2025
8571,12,24,2,6957.3411,28.293187,PGCB_2025
8572,12,24,3,6885.5393,28.001193,PGCB_2025
8573,12,24,4,6498.7303,26.42817,PGCB_2025
8574,12,24,5,6547.1363,26.625021,PGCB_2025
8575,12,24,6,6918.3479,28.134615,PGCB_2025
8576,12,24,7,7288.8753,29.641426,PGCB_2025
8577,12,24,8,8098.8898,32.935485,PGCB_2025
8578,12,24,9,8388.8517,34.114664,PGCB_2025
8579,12,24,10,8116.6714,33.007797,PGCB_2025
8580,12,24,11,8311.4443,33.799873,PGCB_2025
8581,12,24,12,8720.5088,35.463402,PGCB_2025
8582,12,24,13,9086.8693,36.953268,PGCB_2025
8583,12,24,14,8745.5539,35.565253,PGCB_2025
8584,12,24,15,8455.32,34.384968,PGCB_2025
8585,12,24,16,8279.6796,33.670697,PGCB_2025
8586,12,24,17,8638.6362,35.130454,PGCB_2025
8587,12,24,18,9660.4595,39.285869,PGCB_2025
8588,12,24,19,9591.2543,39.004434,PGCB_2025
8589,12,24,20,9437.5799,38.379492,PGCB_2025
8590,12,24,21,9279.4141,37.736284,PGCB_2025
8591,12,24,22,8964.4859,36.455576,PGCB_2025
8592,12,24,23,8314.8919,33.813894,PGCB_2025
8593,12,25,0,7887.2388,32.074771,PGCB_2025
8594,12,25,1,7467.0422,30.365972,PGCB_2025
8595,12,25,2,7094.2164,28.849813,PGCB_2025
8596,12,25,3,6799.4648,27.651157,PGCB_2025
8597,12,25,4,6588.9279,26.794973,PGCB_2025
8598,12,25,5,6536.2936,26.580927,PGCB_2025
8599,12,25,6,6917.0145,28.129192,PGCB_2025
8600,12,25,7,7204.8974,29.299916,PGCB_2025
8601,12,25,8,7975.1292,32.432192,PGCB_2025
8602,12,25,9,8369.6402,34.036537,PGCB_2025
8603,12,25,10,8381.6408,34.085339,PGCB_2025
8604,12,25,11,8409.1861,34.197357,PGCB_2025
8605,12,25,12,8893.4648,36.166757,PGCB_2025
8606,12,25,13,9254.4917,37.634933,PGCB_2025
8607,12,25,14,8958.9593,36.433101,PGCB_2025
8608,12,25,15,8746.4925,35.56907,PGCB_2025
8609,12,25,16,8449.9601,34.363171,PGCB_2025
8610,12,25,17,8681.305,35.303974,PGCB_2025
8611,12,25,18,9568.0251,38.909969,PGCB_2025
8612,12,25,19,9695.6631,39.42903,PGCB_2025
8613,12,25,20,9461.0021,38.474742,PGCB_2025
8614,12,25,21,9269.1504,37.694545,PGCB_2025
8615,12,25,22,8795.2055,35.767169,PGCB_2025
8616,12,25,23,8283.4868,33.68618,PGCB_2025
8617,12,26,0,7769.7767,31.597092,PGCB_2025
8618,12,26,1,7393.0297,30.064987,PGCB_2025
8619,12,26,2,6922.1376,28.150026,PGCB_2025
8620,12,26,3,6698.2755,27.239654,PGCB_2025
8621,12,26,4,6462.1934,26.279586,PGCB_2025
8622,12,26,5,6343.5383,25.797056,PGCB_2025
8623,12,26,6,6800.8771,27.6569,PGCB_2025
8624,12,26,7,6974.9034,28.364607,PGCB_2025
8625,12,26,8,7746.1001,31.500807,PGCB_2025
8626,12,26,9,8329.2785,33.872399,PGCB_2025
8627,12,26,10,8382.3689,34.0883,PGCB_2025
8628,12,26,11,8476.1894,34.469837,PGCB_2025
8629,12,26,12,8816.2329,35.85268,PGCB_2025
8630,12,26,13,9258.3516,37.65063,PGCB_2025
8631,12,26,14,8939.8619,36.355438,PGCB_2025
8632,12,26,15,8373.2895,34.051377,PGCB_2025
8633,12,26,16,7902.2658,32.135881,PGCB_2025
8634,12,26,17,8246.6867,33.536526,PGCB_2025
8635,12,26,18,9187.4621,37.362346,PGCB_2025
8636,12,26,19,9258.9042,37.652877,PGCB_2025
8637,12,26,20,9055.7625,36.826768,PGCB_2025
8638,12,26,21,8844.0676,35.965875,PGCB_2025
8639,12,26,22,8603.845,34.98897,PGCB_2025
8640,12,26,23,7979.2259,32.448852,PGCB_2025
8641,12,27,0,7551.3096,30.708659,PGCB_2025
8642,12,27,1,7124.1302,28.971463,PGCB_2025
8643,12,27,2,6585.1382,26.779562,PGCB_2025
8644,12,27,3,6224.2867,25.312099,PGCB_2025
8645,12,27,4,5958.8435,24.23263,PGCB_2025
8646,12,27,5,5962.177,24.246186,PGCB_2025
8647,12,27,6,6125.58,24.910692,PGCB_2025
8648,12,27,7,6165.1258,25.071512,PGCB_2025
8649,12,27,8,6855.0377,27.877153,PGCB_2025
8650,12,27,9,7241.0659,29.447001,PGCB_2025
8651,12,27,10,7307.2973,29.716342,PGCB_2025
8652,12,27,11,7534.7561,30.641341,PGCB_2025
8653,12,27,12,8152.2872,33.152635,PGCB_2025
8654,12,27,13,8954.3889,36.414515,PGCB_2025
8655,12,27,14,7566.0384,30.768556,PGCB_2025
8656,12,27,15,6838.379,27.809408,PGCB_2025
8657,12,27,16,6626.4912,26.947731,PGCB_2025
8658,12,27,17,6967.2364,28.333428,PGCB_2025
8659,12,27,18,8152.603,33.153919,PGCB_2025
8660,12,27,19,8234.6247,33.487474,PGCB_2025
8661,12,27,20,8287.2589,33.70152,PGCB_2025
8662,12,27,21,8269.7141,33.630171,PGCB_2025
8663,12,27,22,7981.9804,32.460054,PGCB_2025
8664,12,27,23,7465.2877,30.358837,PGCB_2025
8665,12,28,0,7196.8532,29.267203,PGCB_2025
8666,12,28,1,6586.2962,26.784271,PGCB_2025
8667,12,28,2,6240.6647,25.378703,PGCB_2025
8668,12,28,3,6034.514,24.540357,PGCB_2025
8669,12,28,4,5794.1511,23.562881,PGCB_2025
8670,12,28,5,5809.0641,23.623527,PGCB_2025
8671,12,28,6,6175.7492,25.114713,PGCB_2025
8672,12,28,7,6480.2557,26.35304,PGCB_2025
8673,12,28,8,7294.3932,29.663866,PGCB_2025
8674,12,28,9,7669.7629,31.190369,PGCB_2025
8675,12,28,10,7354.7032,29.909126,PGCB_2025
8676,12,28,11,7612.9004,30.959128,PGCB_2025
8677,12,28,12,7888.195,32.07866,PGCB_2025
8678,12,28,13,8336.2438,33.900725,PGCB_2025
8679,12,28,14,8092.4596,32.909336,PGCB_2025
8680,12,28,15,7821.56,31.807677,PGCB_2025
8681,12,28,16,7620.4096,30.989666,PGCB_2025
8682,12,28,17,8152.1819,33.152206,PGCB_2025
8683,12,28,18,9269.7644,37.697042,PGCB_2025
8684,12,28,19,9476.7924,38.538956,PGCB_2025
8685,12,28,20,9318.8897,37.896818,PGCB_2025
8686,12,28,21,9128.0907,37.120902,PGCB_2025
8687,12,28,22,8817.1101,35.856248,PGCB_2025
8688,12,28,23,8101.2846,32.945224,PGCB_2025
8689,12,29,0,7664.4205,31.168643,PGCB_2025
8690,12,29,1,7060.0042,28.710684,PGCB_2025
8691,12,29,2,6781.92,27.579808,PGCB_2025
8692,12,29,3,6414.3577,26.085055,PGCB_2025
8693,12,29,4,6298.5624,25.614154,PGCB_2025
8694,12,29,5,6274.877,25.517833,PGCB_2025
8695,12,29,6,6591.5596,26.805676,PGCB_2025
8696,12,29,7,7103.9187,28.889269,PGCB_2025
8697,12,29,8,7795.2254,31.700583,PGCB_2025
8698,12,29,9,8604.0906,34.989968,PGCB_2025
8699,12,29,10,8615.6175,35.036845,PGCB_2025
8700,12,29,11,8724.0967,35.477993,PGCB_2025
8701,12,29,12,9035.3053,36.743575,PGCB_2025
8702,12,29,13,9342.6804,37.993567,PGCB_2025
8703,12,29,14,8961.5033,36.443447,PGCB_2025
8704,12,29,15,8622.3021,35.064029,PGCB_2025
8705,12,29,16,8395.5099,34.14174,PGCB_2025
8706,12,29,17,8687.0246,35.327233,PGCB_2025
8707,12,29,18,9513.8381,38.689608,PGCB_2025
8708,12,29,19,9475.4678,38.533569,PGCB_2025
8709,12,29,20,9402.5957,38.237223,PGCB_2025
8710,12,29,21,9148.6882,37.204665,PGCB_2025
8711,12,29,22,8789.1526,35.742554,PGCB_2025
8712,12,29,23,8237.6511,33.499781,PGCB_2025
8713,12,30,0,7729.0817,31.431599,PGCB_2025
8714,12,30,1,7116.1386,28.938964,PGCB_2025
8715,12,30,2,6869.7753,27.937086,PGCB_2025
8716,12,30,3,6588.1647,26.79187,PGCB_2025
8717,12,30,4,6390.3828,25.987557,PGCB_2025
8718,12,30,5,6368.715,25.899441,PGCB_2025
8719,12,30,6,6742.4619,27.419345,PGCB_2025
8720,12,30,7,7263.8039,29.539469,PGCB_2025
8721,12,30,8,8091.3806,32.904948,PGCB_2025
8722,12,30,9,8741.308,35.547986,PGCB_2025
8723,12,30,10,8631.4166,35.101094,PGCB_2025
8724,12,30,11,8729.5004,35.499968,PGCB_2025
8725,12,30,12,9166.2417,37.27605,PGCB_2025
8726,12,30,13,9461.239,38.475705,PGCB_2025
8727,12,30,14,9012.0497,36.649002,PGCB_2025
8728,12,30,15,8597.8535,34.964604,PGCB_2025
8729,12,30,16,8500.4275,34.568405,PGCB_2025
8730,12,30,17,8908.6586,36.228545,PGCB_2025
8731,12,30,18,9555.5683,38.859311,PGCB_2025
8732,12,30,19,9517.1453,38.703058,PGCB_2025
8733,12,30,20,9328.5393,37.93606,PGCB_2025
8734,12,30,21,9156.2236,37.235309,PGCB_2025
8735,12,30,22,8654.4791,35.194882,PGCB_2025
8736,12,30,23,8282.1183,33.680614,PGCB_2025
8737,12,31,0,7597.8558,30.897947,PGCB_2025
8738,12,31,1,7108.3049,28.907107,PGCB_2025
8739,12,31,2,6753.9625,27.466114,PGCB_2025
8740,12,31,3,6471.7992,26.31865,PGCB_2025
8741,12,31,4,6373.7855,25.920061,PGCB_2025
8742,12,31,5,6308.0629,25.652789,PGCB_2025
8743,12,31,6,6624.0788,26.93792,PGCB_2025
8744,12,31,7,7089.6987,28.831441,PGCB_2025
8745,12,31,8,7916.8982,32.195386,PGCB_2025
8746,12,31,9,8513.0597,34.619776,PGCB_2025
8747,12,31,10,8365.2014,34.018486,PGCB_2025
8748,12,31,11,8697.762,35.370899,PGCB_2025
8749,12,31,12,9235.6224,37.558198,PGCB_2025
8750,12,31,13,9585.4119,38.980675,PGCB_2025
8751,12,31,14,9179.3476,37.329347,PGCB_2025
8752,12,31,15,8654.1984,35.19374,PGCB_2025
8753,12,31,16,8399.5891,34.158329,PGCB_2025
8754,12,31,17,8669.1377,35.254493,PGCB_2025
8755,12,31,18,9537.8744,38.787356,PGCB_2025
8756,12,31,19,9590.6051,39.001794,PGCB_2025
8757,12,31,20,9433.9657,38.364794,PGCB_2025
8758,12,31,21,9196.9538,37.400945,PGCB_2025
8759,12,31,22,8815.3556,35.849113,PGCB_2025
8760,12,31,23,8336.3842,33.901296,PGCB_2025
